sharpe,cagr,max_drawdown
1.446525167273864,0.11572214341677722,-0.09138404503433971
2.048688125460413,0.19345645217111396,-0.08259381162129868
1.4270503574566704,0.11981282528406445,-0.1117489083837313
1.0877610589237463,0.0831481312812965,-0.07888786147726733
0.7623505193566841,0.05400995881690651,-0.07884202357180109
1.3426968998171533,0.11159598683299876,-0.08582830835137993
1.9718732968055397,0.13649207799002294,-0.07755845344510506
1.3476942050033258,0.1186017652806517,-0.09784182805327034
0.8134412488941382,0.061215198935632875,-0.11082406562494292
1.331179708711861,0.10836605881900452,-0.1069097651500544
1.9863502544263787,0.19382417514117867,-0.05975275369663083
1.1858329366673594,0.08152479616497965,-0.049210652936824
1.4626243565633699,0.12461627680960263,-0.08551984794769472
1.4365631625848254,0.1227699914958924,-0.07425570145839186
1.6078678888772018,0.13463769692076832,-0.14423093577244123
1.7732954569231048,0.15325001801511817,-0.10089585962952084
1.6854775891417009,0.14648345366587856,-0.06094947065536251
0.6284618497952719,0.046857613202328174,-0.15422889881172008
1.8916158644060412,0.17313248924907954,-0.06778162148406239
1.3867933332056184,0.11242540547108937,-0.07806106818321118
2.367552532182925,0.20038568562222148,-0.05492818247028077
1.0400389761838076,0.08407560151556104,-0.08689848888396429
2.190308053633643,0.16068889629598737,-0.058743741815992005
0.816227807840049,0.06473694478028746,-0.1098234705532563
1.9480889159015526,0.1728188367942205,-0.07034753771525205
1.609976229260632,0.12831058904337533,-0.05214323204043204
0.7348027816047704,0.0620033625344063,-0.10481891641631678
1.2946132317675163,0.09073732856027128,-0.08835031792727358
1.4009801318341502,0.1068125135481226,-0.10325039067264902
1.1337099436201932,0.09353056629897272,-0.09043063922494823
1.831868335277651,0.15540839974920906,-0.123122744480452
1.2643483003192177,0.10264334884058357,-0.07790307073880041
2.173032290898378,0.17198626601686828,-0.049665042785555835
1.0943272590913,0.08788386230785128,-0.10069918810741209
1.6459006891097325,0.12665301629547643,-0.10821571187156749
2.0830641111249673,0.1892302147991003,-0.058831676663358326
1.7315969247634735,0.14327823510219506,-0.0692619200394317
1.5576021787913656,0.12203117144850006,-0.08475173434616033
1.2420009699205992,0.09424279508566591,-0.07840776413064876
1.489705808627349,0.11113049035532874,-0.08023278496419353
1.2810070146504884,0.09178518234235011,-0.07505251584537277
1.0161450014761884,0.08081142059982005,-0.0825612470849814
1.8320238664793496,0.16231245783482673,-0.06905557882328514
1.4018499134851121,0.12657359836430948,-0.10066806619146841
1.1468780464878576,0.08104005333766984,-0.08916949527077832
0.7179212412459107,0.0505471140887761,-0.08104663524128795
1.2314169067107235,0.10841489730949516,-0.0863502383324502
2.276753680107659,0.2103835178488318,-0.10887774241518462
1.7493011046568956,0.1569031006503958,-0.10361043253776539
1.6176043997380467,0.13401590337685132,-0.07035588283074072
1.429588987199996,0.1104322834176128,-0.06386724192535218
1.1629763713805545,0.09155203393343658,-0.08937319093106577
1.586653943127569,0.12123286694168822,-0.07232824351543944
2.0761162115767027,0.1646433574451731,-0.08256518489029221
1.5406016362743629,0.1351396413660051,-0.08196780174371517
0.9306094351426001,0.07698717024633228,-0.13907325624647038
1.0679933046813521,0.0800090567079823,-0.07064152321652206
1.105578831857061,0.07987015519082763,-0.06388821776493085
1.9789885453716218,0.16028120064973606,-0.0782280441223043
1.6317873731739556,0.14083203293486313,-0.07175108375116232
1.3849931202467471,0.11570923654113807,-0.14501543517739104
1.8810130367821654,0.16344716349793087,-0.08665897484171262
1.8639998432349385,0.1521803519542293,-0.08021970017509342
0.6345021430794524,0.04860458904846654,-0.11298553128018432
1.22521521761877,0.10174122506331473,-0.1151108052460236
2.2430009710543932,0.19933944015355265,-0.0534933695963278
2.225319401867355,0.2078707095692025,-0.05632529687042833
1.1688840976151489,0.09928868455997097,-0.12919354193186003
0.5449138176679356,0.038623536052596386,-0.11879796608922256
1.6670925830609462,0.13759642711987263,-0.06829775219424185
2.004707807440531,0.16928408548229723,-0.07544888556457784
1.6417676734825768,0.14272762229878522,-0.05873483187539119
1.7193260555819245,0.1394363850723943,-0.05191343359777479
1.327016558636028,0.10199183650111454,-0.13152400289020005
1.1571635600120949,0.10072935726734134,-0.10925712388733289
1.0862676254721209,0.08940917652989544,-0.11029694586107436
1.4472305283862361,0.1087274058015697,-0.06828691136941722
0.7949885333289559,0.06189160893081169,-0.09055315005292432
1.3627307943160782,0.11906059369343502,-0.07347011879770102
1.5562769431890948,0.13369860156098645,-0.09290549278984034
1.530292710440257,0.12149994302863742,-0.056260610761794345
1.5032796793660337,0.10590928235051433,-0.052783764697858455
1.9444859175254894,0.15032799613188597,-0.05986602979943287
1.556335467707312,0.1297714232020457,-0.10214037034926812
1.8963424531985404,0.1653496368253935,-0.09146171838572063
1.7788016955626507,0.1384633314060273,-0.05134696456158898
0.7895248682114454,0.06346091622025751,-0.1387980301624674
1.1540405388123167,0.08812209293298934,-0.08228550360799332
1.4328675592728164,0.10709150913522203,-0.08609056964301985
1.3201067074349417,0.10743661142815819,-0.09580447767881854
1.7640063639291197,0.13167826024796248,-0.06547408469918649
1.4090875728107393,0.12417764695113687,-0.07518383636881226
1.571747977791195,0.11743399268592603,-0.0980821695036974
1.1221903617314528,0.09089365969839336,-0.12042446281523747
1.102796163614732,0.08927050564839423,-0.11290298315659138
1.198696946002513,0.09353246897651402,-0.11064967850140338
1.364577172689693,0.1042895272040425,-0.09265454947382575
1.9558201787260372,0.16215747682542658,-0.04801598587092321
0.9032305019014978,0.06763296117615059,-0.09907188326048914
1.2994123600714842,0.10438447564236886,-0.07550746544668693
1.7844998567378065,0.13824681356112456,-0.09949057353342508
1.5051638431919598,0.12189605804737935,-0.08121678139182155
1.3630792228496458,0.11506325521148364,-0.09072149028963128
1.8754140599941396,0.14746219646182834,-0.05149846349662546
1.8112180462421057,0.14442775069562375,-0.12542989648355551
1.463205759096798,0.12360460394888606,-0.05477976130931395
2.0096187359374005,0.16909637477645978,-0.06674726824126932
1.1782595226460184,0.10275261566317528,-0.06723233629483498
2.01367447885981,0.18488224222175864,-0.08851458594861747
0.8346509888124984,0.06317677622373585,-0.09026627402006475
1.7735937378482742,0.1408820212843691,-0.053618410875525144
1.9494421827146042,0.15733984439380322,-0.06726043899382841
1.4256390464041786,0.11305334641655196,-0.08551988902157963
1.2750405129522846,0.0982500891845528,-0.07589915460902025
1.4754527597786966,0.1285670764364626,-0.09201141661510692
1.7457774714043193,0.145029064291341,-0.0569548067027437
1.481637793156296,0.11137264096020116,-0.05641770561941386
1.876419917066994,0.17179789675921708,-0.07746564834481139
1.4233467990099649,0.12997093191835263,-0.12817076138052239
1.2091381797722418,0.09632199765305338,-0.059269787128301984
1.700393216136707,0.13068523223056427,-0.07405186532498581
1.6769360333040264,0.13623861379920932,-0.09894321935749537
1.5127882748727952,0.11130405226172924,-0.07623784315308252
1.281539217727762,0.10067302583369409,-0.07676436616402668
1.15809759783503,0.08393784247648695,-0.10175851567678296
1.3863476188744326,0.12326773990430073,-0.07280144550353314
1.5404750858193452,0.11871419528583083,-0.059930290443922625
1.5065672710639864,0.12435807033076474,-0.0731074188565521
1.8982348634681583,0.15690121629952802,-0.0718873055456418
2.1645208737360266,0.20073513092183903,-0.07248265946584538
1.4672003031064638,0.10748843605158775,-0.067222897297414
0.8751964926705815,0.07352753956467484,-0.14655000516236893
1.9013300142393275,0.1729452494277628,-0.07519321968342306
1.5721743454677957,0.12650001923762222,-0.07613453322286866
1.1316628725892932,0.08534006889487133,-0.06469103173406145
0.6618171116557696,0.042102286527070154,-0.07998981380425593
0.6413484484716706,0.05134628735944147,-0.10596993678936603
1.5705306453997228,0.12465180118724262,-0.0937031277615787
1.7698617874960516,0.14108083271741623,-0.0698109582519694
1.7536382202354495,0.1323492215739943,-0.07477342967821134
1.390065173173836,0.13081948677402533,-0.07262110642449007
1.556185300958825,0.13562031495584237,-0.06971337263454729
1.533438948347965,0.12184381051073467,-0.08507394551467984
1.4350375390136887,0.11112477667243525,-0.0754808884238252
2.0633642718271017,0.16502166551713615,-0.04404803548116039
1.3193647865259435,0.10556679960267279,-0.09194028839499903
1.3244061511352145,0.10534288696392369,-0.06977185426294305
1.5589533202093402,0.14317752182023558,-0.0946347114860786
1.220673719691649,0.08526295105901771,-0.07279234255984005
1.4131848571041281,0.10611984886270731,-0.06971341110151877
1.7809572385247308,0.1389646003301246,-0.09349108493286883
1.3542181186085345,0.10690948624167707,-0.07539068124498301
1.6622209869568416,0.15583354974846841,-0.12035680395426075
1.3424987887375976,0.1102320044207663,-0.08555667315909203
1.5077767848363703,0.12619344154565715,-0.08526591382502853
1.0791700506976802,0.08954063670884183,-0.10687489886080812
1.5955607532117755,0.13092916078737438,-0.053809669476827374
1.422129537139107,0.12314343757099122,-0.13733422442717072
1.438144095230494,0.12388966898328713,-0.06733938005365729
1.4793743542709625,0.12769750237139488,-0.058133919396247465
0.9603243756868944,0.07246143554995488,-0.07553838630376303
1.6712697674475503,0.14163927753264338,-0.08652321783082355
2.308039510852761,0.1984218465888723,-0.06438663222087869
1.4391316406249406,0.11706321945410458,-0.09412720493947417
1.2759767171085123,0.10460014010051677,-0.06728177000411323
1.8345304180830146,0.1689857143672242,-0.08236099670683457
1.690658634651475,0.15063637363253868,-0.07094320320885213
1.3588841881930749,0.12381485814799342,-0.09886667388840306
1.1969745656745252,0.09171735060419861,-0.18586808252815953
1.3477773991911024,0.10829951676803762,-0.0901613281883211
1.3138101631973678,0.08856620123410486,-0.05561898449664505
1.3151045497502951,0.11207850033614086,-0.09498728724635912
1.6167620348975418,0.12072282281561608,-0.07905783516349098
1.5934524092009617,0.12852957665551723,-0.06766052499178603
0.7689207434161096,0.049817174819303034,-0.14597504452484486
1.7015155537967437,0.13044143395036123,-0.07652988226435582
1.8885223785138865,0.16413898764172163,-0.09327566752995997
1.1730877986480506,0.09557362615524578,-0.08500580134549075
1.68873245181107,0.14612573505047166,-0.08629605026828513
1.9234344423150624,0.1684652441532768,-0.07416033548726958
1.9169735742858471,0.1614281432714222,-0.09140552453183966
2.0161906809203605,0.1480767103515257,-0.13186091893710422
1.0274837079087038,0.07334826044218112,-0.07896294774160442
1.0991989187703761,0.07752700729944251,-0.08624961046069872
1.1294460445515708,0.08866045737386186,-0.11079625999228511
1.4442889053466164,0.12446903608170423,-0.07919372962252395
1.3475574854612389,0.10200963009743602,-0.10821022023295987
2.1430790750215363,0.16978539342380494,-0.05474580412569142
1.8889961573592593,0.1574893783911555,-0.06268167387387348
1.1677505768489125,0.09013726918506837,-0.10584393074869537
1.0915744347455028,0.0917770550902739,-0.08844701743847394
1.348746362507893,0.09915707228763426,-0.08643126802665932
1.8291314409982815,0.15359316853571037,-0.062250156773300654
1.4182494026430248,0.10381066841731457,-0.0546759311607368
1.3485295843019074,0.09666783350801955,-0.050350286688651616
1.6234238014950688,0.12936545603638683,-0.06922526271400685
0.9668720202475596,0.07016402091125351,-0.0736267001650404
1.9529142774293289,0.1690981603708246,-0.071616783496622
1.933748566047681,0.15671385019050899,-0.07222408390267124
2.134919804444717,0.193907480253652,-0.0621386391084704
1.8076769995248445,0.15648409522698703,-0.06438829344139158
1.341624105348922,0.11306810240790233,-0.12336597178246166
1.0735707802254781,0.09834013577687695,-0.10845683823984723
1.5078936027836516,0.11374944691108602,-0.08977043481018422
1.2985344818376463,0.10662931612115667,-0.07274439245823217
1.755306574183651,0.13479498036563342,-0.08490885760218628
1.8066843251530436,0.1445631468423738,-0.07152182555241553
1.0173349733963626,0.08629196335687306,-0.08186518931957701
1.1206812308611456,0.10167217323825373,-0.10471589082967762
0.9328587155653735,0.0812223961449321,-0.11115720007496677
1.74961052333352,0.1367874008635368,-0.06392239776802552
1.2602346950155996,0.09908232556456165,-0.08824081560090076
1.209087808562861,0.10117069084420005,-0.13066376741436186
0.9612784652410322,0.06353270538980027,-0.07305223571995119
2.137815204441907,0.16223274896995954,-0.07154848877213413
2.159679407094035,0.16702729164494823,-0.04624458659061948
2.1250961233589014,0.18648174719303645,-0.07130576753663508
0.8905991599622055,0.0750654918492406,-0.113806664076781
1.845229389279939,0.16304223210924818,-0.08713376195638131
1.106062164723324,0.088127015688243,-0.11015131795252188
1.1901920447355243,0.0914952474421098,-0.10820992156618019
1.5988494301630811,0.13023538025826964,-0.069962156711325
1.6466215563230084,0.14411423015991542,-0.07985299883486731
2.278848315516232,0.21359031889027058,-0.09018419611352721
1.1365106370832476,0.08323858526442685,-0.09501896945043162
0.5351049579260944,0.03396886792961462,-0.09336101975222087
1.039316641928112,0.07631105023122897,-0.10437313127641555
1.7335928267431622,0.13634356455790608,-0.09130399575573044
1.564975753851907,0.1348161921887303,-0.09352211026413638
1.7516565529779862,0.1505783634145248,-0.09229791064786776
1.3413326333284894,0.1043989866940358,-0.11875001605625904
1.618799478869679,0.14107516805599762,-0.07982110594042294
2.199600404077218,0.191780948508826,-0.07364793128611688
1.6232871673138918,0.1289029284008847,-0.11347267812450924
1.5518015371745544,0.12076026466962952,-0.08432131686758339
0.9161091799779999,0.07682518225099932,-0.1634706939130603
1.6246760131564908,0.13126990379316728,-0.09237015904836081
1.340622105706451,0.09886606974295664,-0.07887849611166914
1.400787359062324,0.11466523152616848,-0.08952819016205964
1.2943196827537569,0.10401249866386708,-0.12837934105806428
1.1993289453606406,0.09856668587162165,-0.07755532352297556
1.4207162963111684,0.12135703778208651,-0.05463217991661617
1.7876988635111193,0.14432947685864317,-0.087004187955237
1.2853216975138568,0.09674172707213224,-0.09569002103064339
1.3311642477474281,0.11144162517044176,-0.10653692644066748
1.9269958491393693,0.16981680259580667,-0.058659854941073994
0.41047527196768635,0.03065331700278473,-0.13162790102980906
1.4639388046110473,0.1261621844942724,-0.11720863969619692
1.7705108987876998,0.15789426890407854,-0.060287190610575095
0.6661900162633817,0.043777175939825996,-0.16323929051916206
1.1051766301640953,0.09040498251722662,-0.10794281749940746
1.5987264524869031,0.14344668457736764,-0.1257240530946615
0.46491929085125777,0.031672090799815145,-0.13283159819944185
1.2261903780152912,0.10484834412444033,-0.146333809589445
1.097487542042498,0.08648633658422233,-0.06938395715772833
1.6915573087719324,0.15452371636698192,-0.055528746318364304
1.494905880124048,0.11209903047415959,-0.07578731240232392
1.844192873371748,0.1475761662889672,-0.07281145559636851
1.5288097942991876,0.12038758406614813,-0.05866994010595389
1.0475757026241046,0.07859442322390042,-0.1131127892481365
1.1699571457832516,0.08774161191449936,-0.08169286250661574
1.154149624911458,0.08559557013024688,-0.10166340612253628
1.8190346476595167,0.1542852770884997,-0.07694841496997057
1.3983777432261442,0.12267681904400662,-0.0719178740163945
1.5017454918463156,0.12462519683114337,-0.060450836566654995
1.8120975681277036,0.12713270689667988,-0.05552997620602077
1.2205893740119396,0.09466166902505391,-0.12461217759599258
1.1610001508688221,0.09177167644315865,-0.0837254475537648
1.7039290143801726,0.15381652594889728,-0.10793024090717679
1.3565080847773867,0.11122031850574499,-0.05880485512455785
1.449022925997927,0.1318149734281242,-0.07153841257237793
0.7382774664705175,0.04926705581227697,-0.07667608508582029
1.608160234241225,0.14976315397317452,-0.10700951344645201
1.1624440952370523,0.0858423137279527,-0.06867672123018628
1.8237039317773998,0.14822175431899676,-0.11265092374295181
1.590492569031748,0.14063215871199297,-0.11224230497448363
1.0758781913171178,0.08400068776191283,-0.1326191512400526
1.3357780844532852,0.11155152366295917,-0.09845368199290239
1.8306983119086315,0.14079871983892867,-0.07830376117397522
1.0518579419596576,0.07263019983263974,-0.0833133167109324
1.0823558616495048,0.08722754147255185,-0.11479761746123195
1.4139036683891544,0.11743270252810567,-0.09277577869487393
1.4776759674536513,0.12999300224552246,-0.07266467829918176
0.7224875262874954,0.05579039769349858,-0.10621201696783
2.0768463321482993,0.1701865818254371,-0.048371881789360145
1.6898396932908493,0.1415105397964047,-0.1131132347277703
1.710551128728681,0.1438288357765074,-0.08011137390815959
1.432973555111748,0.11506025984493129,-0.09510026733975564
0.9719474021793448,0.08185798575986514,-0.11016448742661705
1.2698451513155533,0.10024287958237954,-0.07730226167945664
1.6669852536493748,0.1401029886329057,-0.1073147443401489
0.886615841076178,0.06980454943290582,-0.132672657165229
1.8032768312887815,0.15023077652057748,-0.05987561979709163
1.045624663093353,0.07380084164738654,-0.07610836323651837
1.8196051431797993,0.15162844784479512,-0.06277891011315664
1.874610060342698,0.1486296240737417,-0.06391233735135399
1.930390652176857,0.17731079798519978,-0.05853718627759639
1.491360826465212,0.11618634413725126,-0.13371382803563314
1.6660546425135971,0.13519164108274517,-0.06780510107801603
1.0760398780350222,0.0849261421600973,-0.15934134232795522
1.3732257067609166,0.10560809514698932,-0.06026846669041866
1.5096460588023217,0.1410942956798955,-0.06238725948703537
1.2766254658761562,0.08923968810747307,-0.055661261684697066
1.2821417048472599,0.10353550425545532,-0.09955286575598754
1.7369949326899499,0.13237991469575716,-0.10013104436361853
1.5473748753749414,0.1298063724191112,-0.06113388564253442
1.1322014273157084,0.09197982427549034,-0.06472268505356904
1.401090695148652,0.10419650050011597,-0.061182096834176525
1.304997649436721,0.11063908576876336,-0.10260763140837988
1.8045505126297847,0.152585036719463,-0.0809081815083054
1.7899131398025792,0.153873774197824,-0.05334675552472726
1.2044331162515653,0.09097854033239372,-0.09658521844292652
0.458179044882627,0.0320002033789375,-0.10826604596003381
0.5915596851836029,0.03995720592973595,-0.15329425138967867
2.563859141451678,0.22846077707871726,-0.04286073395929994
1.3525619761971055,0.12224349606038865,-0.07155176466372398
1.7391893722724325,0.13603258335919954,-0.06265292728086613
1.1268971412026625,0.0893228362623879,-0.07496030843168301
1.5111702779623937,0.11856952345992733,-0.07225824324703414
1.1207277262493158,0.07458419603929545,-0.052131191056315695
1.9750146506591533,0.17606098729069197,-0.07539242423486088
1.205188614380258,0.09609751515568465,-0.06181366353587943
1.6562421337904665,0.13961647467480853,-0.10685513562914102
1.224244728310051,0.10093236341825707,-0.06778234714247301
1.6966890001451762,0.12829004228293184,-0.08302897210444879
1.0380431197158104,0.07912576050919329,-0.12649650242535018
0.9307128926999085,0.0708909775891442,-0.053459248123613995
1.036720108675602,0.07674026813958168,-0.10408953389545555
1.2385039426601379,0.09318514028478897,-0.11224669599424845
1.0414133600171072,0.07827116831202252,-0.08790446193277196
1.769807266812159,0.12662958670320434,-0.06152114308774252
1.0263144324750078,0.07304990394657751,-0.1872764650641495
1.4721416180995606,0.11807176350725102,-0.10018492018034748
0.8464801131611335,0.055163912162649265,-0.12010934544152338
1.8337339379535456,0.17173592117974001,-0.06378070451190727
1.7670929020056279,0.12491253286611892,-0.06588832234025818
0.8007329434436599,0.07065639816448499,-0.08173490631037049
1.3599776471184604,0.1059079273468233,-0.1022484706909309
1.7827158935990757,0.15238833947188302,-0.06022933736303729
1.6832233747368945,0.14393691071620585,-0.05101490818517321
1.5206368788468732,0.12238375082671293,-0.11581110459400891
1.1820497457209642,0.08876742873094257,-0.0924758659907822
1.5194564613071693,0.12901362674189065,-0.07762058017740851
0.9466684242141443,0.06630675449624723,-0.09767122496443441
1.3674472449905823,0.09381051003334173,-0.051059843869027274
2.3246250626078244,0.18815004973512695,-0.06382692591038024
1.6645848759782151,0.14799239076879078,-0.07314766573725198
1.165048188111994,0.084362564374723,-0.0772250446817853
0.5194312666354386,0.03694578422344752,-0.1341052128656969
0.7593167844451059,0.05845503693776344,-0.0885115565119774
1.442969852299507,0.11434423679061445,-0.17007167929643888
1.643486361506814,0.1600552972479241,-0.1274814503345568
1.5807901254051047,0.1440415758277298,-0.09755290287203121
2.17862111821167,0.18313681974240748,-0.04853883940749132
1.644814362606528,0.1354822787351193,-0.047660701272585836
1.154139036178604,0.09240414102389938,-0.10276898624749335
1.5172582076468741,0.1314413377950776,-0.08396429074971899
2.920117589098455,0.31926950494361894,-0.04599316420612565
1.0030283721719164,0.09074818772014437,-0.12093605640385274
1.2739133840060093,0.09621397855587088,-0.09014725062666591
1.0546607992108459,0.08087306706667619,-0.0954229864846447
0.7468234127498914,0.05948087008634273,-0.09802004225099631
1.523627697608905,0.11629845471153089,-0.07260761981320558
1.1991876754697615,0.09163064256537345,-0.10907055138975177
1.4234340584063614,0.10731768971047351,-0.09583728102728749
1.9937280645970465,0.17352975590085484,-0.09998813189716907
1.6394551512291828,0.1315784923048322,-0.14397475768442217
1.6459865717225008,0.14469159945227972,-0.09940318483133302
0.9787035139296604,0.07762804587790728,-0.11921431106859341
1.6587557315854884,0.12520220976098173,-0.06768838050981439
1.567811460834199,0.1264630825690265,-0.08222399098181712
1.6123251842225137,0.1242909983807774,-0.061205937366890825
0.7844780659012451,0.05958093696679989,-0.10189690649388856
1.8999602503014597,0.14353977732806777,-0.05482080549245791
1.7169390750180462,0.13305507641042125,-0.08557056578399522
0.8245068694345721,0.06319386093919288,-0.10199125696039629
1.2609305474057617,0.10721918958131216,-0.07958760889930319
1.525539583266928,0.11847872591468844,-0.08163929777646721
0.736189660446919,0.053066251401503894,-0.15211983399144188
1.872426035724383,0.1619910633754309,-0.10024451055268771
1.8270465419221995,0.13606889298818392,-0.073882892340413
1.5749510893645322,0.12410604854621665,-0.08985389409138517
0.9888236841533142,0.07759086961972339,-0.13226876156966227
1.4147434253462876,0.10674046917245006,-0.06252096565788907
1.7513089162453592,0.15273813890078025,-0.10036982239991502
1.3861616792780524,0.11583476074495236,-0.0951201426846384
1.4727982727536404,0.098594044161598,-0.049713835913996605
1.2289485110991694,0.0996121751736816,-0.10760793890950542
1.2860774212745343,0.11488374728710382,-0.10685748161946525
1.345463399589241,0.10403535446182044,-0.08692722306140875
1.3431900102821481,0.11293475394099861,-0.1078369315746255
1.0806872792054267,0.08235797065345474,-0.07928626601918784
2.223865467431487,0.20978302694796147,-0.0649782024261147
1.6726365571762976,0.10458088210859495,-0.048676139135265216
2.4660011419214007,0.2290674387966194,-0.06661946234217557
1.2037967668034473,0.09654786804237325,-0.0819956457404125
0.37675476018499104,0.02439205223859431,-0.11566567936330772
1.403900602674152,0.1261055439551355,-0.12828739564370564
1.2527452017790721,0.10256188802836519,-0.08657815499162937
1.8714453731165965,0.15499888295088304,-0.08067375094367711
1.010961718113336,0.08291487638748585,-0.08124665146860716
1.5967175828654336,0.135598443148349,-0.0702088145552595
1.5899654860582155,0.1326237202202305,-0.06785783321925393
0.47599661715750546,0.030361792814814548,-0.12159323934044441
1.0785051252675422,0.07386682275616652,-0.06982825226159349
1.5414449240232988,0.13857090874540945,-0.08446837427707023
0.14646543968259026,0.008343596339699832,-0.12879323026397285
2.0507768212375654,0.1636689581127153,-0.06824632886946529
1.0986245253851046,0.09483821416655025,-0.13534234699061648
0.8576319291178639,0.06829721233611297,-0.11573119304572241
1.0892903488327963,0.06986719375511896,-0.06440960109813651
1.605425691177917,0.13611630080128556,-0.09303971707788788
1.4022658471565757,0.12270225567090676,-0.10958179968073187
1.2929530923999288,0.10473021000573213,-0.07237803898460732
0.7718176948921399,0.061259093662555886,-0.13734154984039249
1.8789395413215035,0.14758722631336396,-0.1050254876468443
1.02282435677832,0.08556707034575162,-0.09884488659010081
1.558382689589554,0.11503507468983343,-0.08756425919875967
1.4954231824190611,0.12179351853822351,-0.09833016513285166
0.7956660623305762,0.06240816193870957,-0.111473040279689
0.982267092404364,0.07632319593980186,-0.11494671225160878
1.2384613966003444,0.09732375327898768,-0.10478819584710448
2.1320911368732443,0.208904967159796,-0.05636922121861176
1.381918253462951,0.1151463981079126,-0.08959669549347504
1.8201671375077701,0.15246042695728224,-0.05879978593809735
0.8543526977718091,0.06238945731422363,-0.15086396589278903
1.160064790600596,0.08797660669055651,-0.11728545259606957
2.2368919758353343,0.20670997655369527,-0.09791885675772821
1.0809767818213794,0.06746160157151637,-0.09475916026347249
0.6925451757440639,0.05451945042145123,-0.10532683574579925
2.1084220371097047,0.16637982016080444,-0.048732397576975436
1.500346507727429,0.12719178894076122,-0.09604113193249593
1.435100366377274,0.11481373462783662,-0.08234934616017991
1.3619694994494758,0.11868546258117929,-0.07674138159962113
1.182766979371832,0.08933996216046314,-0.07308704101347306
1.405430335051619,0.107198664987737,-0.09449013056579451
1.7466004173506144,0.15392662433809212,-0.08887225384177413
1.7378948715046527,0.12031595090125435,-0.051470362670240064
1.3191300813932607,0.11252206817268173,-0.08777339717482054
1.7591564296358928,0.15108015421509124,-0.11443346456151311
1.600898229737519,0.1215854511542871,-0.15206024285101707
2.324182287715405,0.2188605167420432,-0.05702306339858496
1.5012873836936178,0.12429025453247378,-0.08801919402835487
1.5185117820250402,0.13102283564566064,-0.0723049927533401
1.5512631564148724,0.14238076307666336,-0.09181316337408117
1.2042354026385487,0.08947296389255621,-0.08478692064153809
1.4708437138173034,0.13732803596697418,-0.0688707869246586
1.730351021435726,0.14229138797779894,-0.07290700571593174
1.570524742107749,0.13973619930165038,-0.07561539847871546
1.1661312886196933,0.10582546964685058,-0.06947558194780495
1.765272391545342,0.1505747199710945,-0.07720114974179025
1.6902115433494767,0.14622002817968704,-0.10662169982090028
1.6340583148340908,0.15279464167904133,-0.07096693132431652
2.006365982024746,0.18261040256081573,-0.08498650994559287
1.474778552953673,0.11415302860841425,-0.06884921391781068
0.6894088811260659,0.05048265805794938,-0.15323322964183733
0.9032544496037324,0.07365239479624419,-0.10130217805535932
0.6571489930076642,0.04994329435438072,-0.13338158218730595
1.5619409162811408,0.12237156549795358,-0.09251660342203344
1.435832611259508,0.13729419316908387,-0.09975899045551317
1.8378238254925279,0.14195002802715906,-0.08037223707993406
1.1984695931606808,0.09982151308815324,-0.0762680582707976
1.7380302778221501,0.12937518987261432,-0.07774095688617776
1.6337422726413873,0.13368942149566299,-0.05255507568448628
1.172701134145782,0.0832375576384039,-0.10558256566720037
2.0954613315459096,0.1764166525309463,-0.07159245174770441
0.9429795226535349,0.06350741362104606,-0.08784456004619123
1.4949888788931371,0.11948313499379815,-0.07442465326080677
1.490804554863357,0.11936789063505304,-0.06417119594496866
1.2162022970544566,0.08856020756226846,-0.11728045564711273
1.096685136218409,0.08289743225191692,-0.10806273116033345
1.1908489537050977,0.0973250822450078,-0.1182372168145323
1.5754845132342645,0.1300004591925923,-0.06484418272641618
1.0349249660459743,0.08132415845346053,-0.12297402134868461
0.8909553376460824,0.07289126475710939,-0.08145449848465318
1.292949864679219,0.09573777722866317,-0.07628608732027771
1.1013297380450944,0.08350188713380002,-0.09112287997065675
2.303041807447194,0.2164138896793617,-0.05264916284616082
1.6771893596810556,0.125783769081536,-0.07994214906852137
1.3894963263766356,0.12135646119340193,-0.09241174901813928
1.9523370198827177,0.14913678428363442,-0.06471946350619719
0.7119843197655622,0.04728254482299432,-0.08733338728931268
1.6676924360534942,0.14699261809812048,-0.09062198122228979
1.9835006514067444,0.15648196298960837,-0.11787601561018488
1.3285621986151137,0.10725025308269176,-0.05948060092776985
1.133387440897283,0.0816192264086697,-0.11005309575543568
1.4761899614808798,0.13064421207986676,-0.0932217470640423
1.6459179328549236,0.13682720957481265,-0.11777416573643544
1.8579391033473185,0.15222739123258666,-0.06213781796710856
2.1269682635035667,0.19032294056462362,-0.06021480349912868
1.1193243961863242,0.07579382560492642,-0.10126050667428843
1.3213515678434047,0.10028030565333546,-0.06394911093652285
1.1727372236999707,0.08799845778236182,-0.07531949683873472
1.5237022410113723,0.1273141355967775,-0.08885586494246356
1.793036174295659,0.14632848188236247,-0.051123439691181265
0.8962532841663031,0.06616404319552927,-0.11974962854920422
1.5355804794122925,0.11876464056573344,-0.06905928351792585
1.55356072071061,0.12941047037946452,-0.10496962891113742
0.801417696256755,0.06532189983307601,-0.0919539316790416
1.7380931882716706,0.1416806791897003,-0.06307673620004221
0.7836209514648556,0.05549063226589168,-0.1117943381027057
1.248395352388005,0.10295848287258869,-0.05901280902803662
1.4199976116078241,0.12286611991978003,-0.09938198870113735
1.5101486342261305,0.12317526116149091,-0.08298066830622057
1.18252904101665,0.09640369657714021,-0.12895910893995238
1.5850961539493487,0.12033952669259929,-0.06185591360517083
1.513302240610622,0.11630841497903832,-0.10701789965718829
1.7830235563647339,0.15847226305615236,-0.06935890175976
0.9394057975215324,0.07605358028432785,-0.09995228615758624
1.414424977203795,0.1038008036316076,-0.07332924274889356
1.660364795042791,0.14870602752115336,-0.07024786439720271
1.056057619923301,0.0914147821187754,-0.091832569441111
1.6499249023128837,0.12621234982890406,-0.08049116025834474
1.1649865884856676,0.09579839960839776,-0.11090343350965969
1.8695627458278945,0.14528083027274485,-0.06098451175011601
1.6141277828664078,0.12740139530845318,-0.07423311492519312
2.238910491624031,0.18753688447202665,-0.05617464611783071
1.6390552078552867,0.14342675046970466,-0.07547140907253219
2.0594355282366115,0.18188888972100048,-0.10138131274178294
1.643814736413467,0.12595478003876437,-0.0736841311769087
1.2966538641717056,0.10278294170655977,-0.06941148842205708
1.4628677361490625,0.11208442290177256,-0.06499037518265699
1.2467381762071061,0.09450222188011259,-0.1058857552473902
1.7992262357505333,0.1535184347917833,-0.06437108348853256
1.1271378311618303,0.07379722789028587,-0.06823465024231011
1.7549812922964911,0.1465181731177525,-0.06089496775472143
1.3673217297014122,0.10371876044290529,-0.06106602473720137
1.0860958107324434,0.08362838320247112,-0.07296506637152723
1.7811992885172,0.15322242041697498,-0.0893279822540018
1.2959330121623467,0.10318124302605414,-0.06884422385649779
1.7646816140235024,0.13790318441470228,-0.06392127687939192
1.3482366444217728,0.11306732236262573,-0.10079481396131552
2.3543739258791407,0.1814318956258305,-0.10258819539141494
1.7448159890086241,0.13538767624790315,-0.06297660330220772
1.125566464636991,0.08059538767350283,-0.08709021012782459
1.239629202580974,0.09090971621000943,-0.10846751931260397
1.4535088050079992,0.12529185861904635,-0.09429889898690291
1.7645791949548606,0.1569031666929157,-0.08410115995136201
2.192226785963321,0.19859852271587508,-0.09500901665897811
1.94369914993556,0.17254717467270986,-0.07782850126884212
1.2866570686774454,0.11096229941556457,-0.14369276419992585
1.7079072495251726,0.1433997873424735,-0.06538171195711565
1.9102362736044565,0.16473151944547926,-0.07195566049394227
1.5599216494946722,0.11571767329188187,-0.07010109437516931
1.0727842294309973,0.0784752388552481,-0.07933221181588115
1.5612843575761635,0.12474937393660213,-0.11615050797360424
0.8730704517940583,0.06774633575817668,-0.18939902562920993
1.2778861857398796,0.10750461643314235,-0.09099521091012196
1.5442750427931795,0.12350761018516643,-0.05727567979124177
1.2965812340227498,0.105934891546271,-0.08500427541772844
1.8471083999353226,0.15773696001832005,-0.08633144011419606
1.9994459019722237,0.1744978244910107,-0.051876726777393266
1.478054912136439,0.11047634893597902,-0.07135733002919717
1.6514817669412842,0.13924722800375422,-0.07766895478400597
1.5350519745300408,0.11632819545596229,-0.0738502690688864
1.4438342178454586,0.11636127236171023,-0.06458851871400935
1.4817737054917197,0.12468859485593464,-0.0785681344394966
1.2752848727561739,0.10339581318026747,-0.12499970350867327
1.7879903516056899,0.14055695164189164,-0.076955272776392
1.516692899076939,0.1277394224808337,-0.0685666635674539
1.4150563928901794,0.10689235613707804,-0.08980339726391894
1.0542161109019443,0.07571963468173482,-0.09943913219547777
1.4760833034011858,0.1251175428440665,-0.07930750445628812
1.585486881244537,0.12271945434345222,-0.06343616259694634
2.2644287863427817,0.20700221840142774,-0.049521383260231394
1.8570146473809794,0.15019429688837205,-0.05952540098803925
1.012790296030496,0.0752815967105458,-0.16892817321217474
1.1638315990397603,0.08979604856063905,-0.07378274926149114
1.5639810448288223,0.1273614398515237,-0.08197244475494045
0.8586350006794832,0.06318660816153665,-0.09955152639402731
1.8793104839362593,0.15076758223203024,-0.06277479858031593
2.1720751331899795,0.18257355317037804,-0.06465905646787624
0.9051509927424685,0.05886458453617838,-0.062104312544540546
1.3508075078989776,0.1113147052018626,-0.05226004067257424
1.0484285973415497,0.07228614002071798,-0.08990459986387563
1.4175172100400943,0.10417635577305484,-0.09166356965736792
1.0441736949454539,0.08348919746225825,-0.14636740263858747
1.460293458222961,0.11980766581721447,-0.06512423252550446
1.6343420769871684,0.1368806626208836,-0.06941216855115051
1.6831432726090803,0.15135761986691332,-0.059836133534078934
1.0988029590470167,0.08287654383862808,-0.09495939073145121
1.6897777905421603,0.14137523782054395,-0.09855026195823366
1.5740380657309008,0.12515001151577354,-0.06111201687326349
1.3857833213923534,0.11369549263981837,-0.07848729981365246
1.2306049564726482,0.09125236944730708,-0.09087081614851357
0.994631936843373,0.07711937253585233,-0.1349516691034764
2.0134011613841976,0.1785239479964842,-0.06970112264697759
1.432360533308641,0.12101793251595794,-0.11971548856076855
1.5432491445750578,0.1348079946534646,-0.08567621297345078
1.2881458015998335,0.1028473495477944,-0.07454981786423874
1.234074147270906,0.09805290225248875,-0.05747014345666268
1.1325900956966461,0.09066733651722547,-0.07102501580078902
1.899078441716335,0.17061942012881293,-0.09258932429486726
2.712518178161259,0.24945503560674998,-0.07714202552167791
0.9905151442798865,0.07628956925207553,-0.11571242672453683
1.9237161435522914,0.17690200587596405,-0.054347989427705946
1.687714256443302,0.1420571086877298,-0.07158677621931686
1.2604952824925681,0.09941535438316262,-0.10094358816763567
1.212993707758042,0.09548292115846513,-0.08459991264569011
1.8582004277051345,0.14634521804703038,-0.08244118927468892
0.9063627185109294,0.06738673683411078,-0.10239024617744223
1.4648907315295108,0.11942363554886803,-0.08570168300985469
1.2740301895495616,0.10267089537061902,-0.08534179483891914
1.1734002832818113,0.09822655187260776,-0.06499828341995226
1.6602540940496002,0.12623932161220397,-0.07574470267783787
2.0286697465442396,0.15653673202765894,-0.06440763893989086
1.1181233863983104,0.08151902739098493,-0.1214434211705165
1.2601389547518378,0.09139268176704363,-0.08630618955735044
1.8056131438792875,0.15989123840918906,-0.06516911779572107
2.018996900641476,0.18827966769924487,-0.06695749471845056
1.3198472661850509,0.09603531874698423,-0.12990028666518086
1.7835188054701268,0.15380771289679518,-0.07319316859755294
1.3568261940962123,0.1015652503243698,-0.07763653756322278
1.7010844010474206,0.12551429776038225,-0.05830963953293469
1.1070469461689714,0.08484850161579116,-0.11926363655643192
0.920860256006255,0.0709959384611425,-0.11097241281339434
1.9976815298003014,0.18917696510928494,-0.11649807812954134
0.8446354633576947,0.06477941780866137,-0.1340230419541343
1.7054402416918486,0.1532039403530876,-0.07423385975562219
0.9889914022949439,0.08083859157057915,-0.20275063748936706
0.8481281254067808,0.07000537716756061,-0.0809871125808508
1.229355621561744,0.09824898831138462,-0.08753472716037224
1.617956053865841,0.1357195645602829,-0.10693656660961325
1.2827817780660653,0.11105824915127704,-0.0933461850929598
1.7206181000333391,0.1492956170286821,-0.1066262903388145
1.0889306604199624,0.08527594166654517,-0.10631790349042103
1.799556832453548,0.13469967984509656,-0.06393490142004342
1.3054008038264175,0.09686249540917702,-0.11176916336428605
1.204867338524492,0.10571817785096771,-0.12025340285760584
1.4511284508987943,0.0998077280322558,-0.075982885618547
1.5066086193583175,0.1371465753775376,-0.08118526736837467
1.2342869219638277,0.08752089817285524,-0.0945776541272145
1.4386901520995141,0.1218708470276475,-0.09114983603459431
1.8941758396817165,0.15141257418688858,-0.07391445625341801
0.9485416164785859,0.07314679593267881,-0.10650956094625787
1.6609814584081546,0.13037271383184645,-0.05423599291524123
1.3685386665070671,0.10336613150089669,-0.06725461006385637
1.1460545219216516,0.09012365420205493,-0.07212411385439946
1.6656329138007673,0.1371542259818872,-0.1171382524088109
1.5434673800949785,0.11476438092417185,-0.1003393687441067
1.5780860985297767,0.10692863286758647,-0.04856343664504854
1.7134081870499962,0.13260342516714307,-0.06550600972183857
1.2777439149461294,0.09412531016607462,-0.0964757057853913
1.1576962347798392,0.08875129868133413,-0.07414124608872431
1.9729957917882517,0.1623892772304787,-0.11695769729238821
0.9950279558754278,0.07752757389630704,-0.09756735069324189
1.391470983566278,0.11380635431147801,-0.07881290827327135
1.5517651064788447,0.1137980366102227,-0.06731051281534074
1.3777156152288217,0.11179473501452741,-0.1096746467967623
1.6101725839187355,0.13765885398084787,-0.07820218012989326
1.891323079728455,0.1743238732667396,-0.05808702797976242
1.8645367056593025,0.15167661923104792,-0.07599374945115195
2.0877324418776113,0.1805167382322561,-0.04863887235569507
1.740060843036534,0.16186332151914207,-0.13380140161022708
1.2978654389108588,0.11410048459796518,-0.09788375848852614
1.4974262732534398,0.11775817973529046,-0.07082118972419497
1.9679702472042435,0.17116843236833246,-0.06514206599741162
1.9205023658425682,0.14198040566678305,-0.06038903013049387
1.5693474556593172,0.14417671498553664,-0.09725543809019137
1.5117382274904274,0.10969773237352087,-0.05863178900932758
0.8492285301848195,0.06344559462797328,-0.15473564249913763
1.0062185410151054,0.08107979721563252,-0.166568501554015
1.053835271526471,0.07521641506420895,-0.07127610844994725
1.7136678249965493,0.14252977967511504,-0.063618963397101
1.6966166242474998,0.12792718478037246,-0.07542431653435064
0.9009920774942844,0.06286466646883393,-0.12196492291897201
1.6229212463348452,0.11842291924085235,-0.08112325979102482
1.206350108916632,0.0897209650693751,-0.08258351007246445
1.4756912997702003,0.1295574319538204,-0.11418896765939444
1.4286308641890952,0.12122830520597172,-0.09619760093837028
1.5994592670171144,0.13099011509774505,-0.09837664788128142
0.9026218039406284,0.06875141112313155,-0.10116736396068281
1.4565414229586482,0.11449532942711382,-0.05960233098745209
0.9603993454523516,0.07312565385550873,-0.16930372114604808
1.6329703472881463,0.12369595568858394,-0.07662657712543527
1.3617272940381255,0.12110910683883014,-0.06838133068798768
1.849956833850577,0.14736055135595083,-0.07275492067419323
1.1679690986972469,0.09694192687793501,-0.12552380269180932
1.341281124274144,0.10505877498539795,-0.05809397618061675
1.0954904865327804,0.08984430685105815,-0.10562341122546315
2.033441962591389,0.1495802726483837,-0.05921610753211457
2.4719606601395014,0.22483954361403002,-0.0575212464714357
1.2935287951579444,0.09618120233765248,-0.08926556133755806
1.9320842966115395,0.1753415307743238,-0.07294277397221775
0.8401115975755017,0.07227864887759594,-0.10961208247606825
1.7195398769855632,0.13983736452472106,-0.0720661477030436
2.1122585323725067,0.19216709381094277,-0.07364601229435944
1.0009524319619345,0.07435229064889293,-0.0814944672189171
1.62883138430713,0.1226990047534755,-0.0798979541541695
1.1606680089462524,0.08089547220448878,-0.14484288669292208
1.7156253151695753,0.14605722981122593,-0.05961606333345872
2.1148705693308227,0.21571139865391054,-0.06934721682450366
1.3430363750733167,0.10942288956544943,-0.09505886194664255
1.818717940993616,0.16012094927195997,-0.06509363538409912
0.7559261875887684,0.054304364281958284,-0.13403763174641536
1.8519802186020178,0.16136057850705887,-0.058738876110474285
0.9000102214545821,0.05696498188626964,-0.10408141395325414
1.742312027166565,0.14731580599322158,-0.05274557880164749
1.5334567550052483,0.11764719600593909,-0.07420202394905896
1.535434529898407,0.11440004284426553,-0.101401254820016
1.4982476276392165,0.12017729700824753,-0.11690814956805395
1.5514511279905754,0.1264359299653015,-0.08645468521302851
1.409640955069225,0.1236610944808958,-0.10692178314297668
2.2770503539944706,0.20378644443555016,-0.0664978514111319
2.0000260702595685,0.1692102776713722,-0.07262325414317387
1.3899384325616733,0.11623315349234731,-0.11372523152996164
1.1285476796162772,0.10226381349941693,-0.12713604856867686
1.713999039106346,0.15087736234382643,-0.09506423641978526
2.3890327721478593,0.22648290180536446,-0.057422447895480795
0.9589373028270225,0.07994438388005021,-0.13026881238410146
1.5351160868005127,0.14785853165831342,-0.07771865851704622
2.398971724154052,0.21312843017987593,-0.04650108073106498
1.2579436208873795,0.10079723960261466,-0.06950170947885538
1.292219803297763,0.10688886398246855,-0.11429296796423966
0.7451223816159095,0.05540412838233766,-0.09549328954402558
1.1204790507069313,0.08688102934674169,-0.0797317842252467
1.8609201305272018,0.1456503140392742,-0.07603608143550243
1.538722171849279,0.1294188055263168,-0.07916447355689017
2.366107306804274,0.2307435580780668,-0.0888482979774173
1.4000852207934713,0.10918617543804787,-0.09284969693189475
1.3745444911998888,0.11613324826771954,-0.0828411323961898
1.6583868657249539,0.1358242276764252,-0.06345830445885173
1.2911297019938228,0.09478910599079238,-0.13704624334455534
1.6219918650127345,0.1492863583535171,-0.07199555686158057
1.4326612629576367,0.10410116785029366,-0.06213119314480015
1.6338443835194825,0.1240747560904032,-0.08226663880956535
1.2536831619580233,0.11081207492225609,-0.08215017601543743
1.5049795017966565,0.11568695243155913,-0.05694017223891225
1.6030383579536052,0.1325603609780137,-0.06693414879778387
1.7686135767206739,0.16553312842090473,-0.09164237093345438
1.6605410299248236,0.1246445419581621,-0.05448371395796705
1.9311411817368898,0.171855261688042,-0.06113880402503217
1.5828423079016538,0.11834861170090005,-0.05109156392048944
0.9173792795965431,0.06702770844818629,-0.11556647838986824
1.8551329762095032,0.15645627594902067,-0.07684718880775103
1.8083903207908423,0.1505240845035476,-0.06237624569359721
1.4273553116070266,0.11682721283946629,-0.09937630117475986
1.3137919535489557,0.10533418255986549,-0.13309212556748573
1.0368425629293254,0.08254092431690885,-0.08030977564095174
2.2667523392915063,0.18365707213561167,-0.05268546216775456
2.370547134443828,0.2341234851429601,-0.11087097947159238
1.859040178434593,0.16972617545298263,-0.07704699526797469
1.0770937521148591,0.08106496757233606,-0.06739289397483218
1.1081546743939337,0.0858658204872973,-0.10390452104752528
1.4276392677193384,0.11673324715843325,-0.07596314861627422
1.2802807099374314,0.09918976907281585,-0.0972756074066248
1.4612861840597178,0.11547297558150937,-0.12497798491363528
1.590203745624309,0.15163993391880592,-0.06690831354302457
2.1240621840084453,0.18901482560158223,-0.08516932618519171
1.6203217884832684,0.13802972022076676,-0.09520113656677034
1.6248607806524127,0.13689284401425472,-0.06164914337502945
1.9354343295846455,0.17797010982863948,-0.09464714263838181
1.8418015301014572,0.15163367770036684,-0.0597489305056567
1.0259603741047887,0.08312515490218231,-0.09874106518071316
2.229404394824953,0.1824685014099059,-0.0680229160683064
1.3029968879311917,0.11204122595853572,-0.0865991740393264
1.0706378268310701,0.0854449236873076,-0.12457318846340286
1.3976728356630572,0.11354839942689132,-0.12626642486403813
1.906938712428405,0.1540157169809726,-0.06099184482628644
1.1708872076357582,0.10148035388617616,-0.08765004844904402
1.7645290596198104,0.14486300049165401,-0.0652981950907703
2.0186765339742623,0.18214178729141217,-0.0655929483155446
1.4406750668956443,0.10433111251555993,-0.0677742633434648
1.2182668583206677,0.09944869611482954,-0.08491068797910319
1.0839225762444031,0.08933911868299393,-0.14463761145341186
1.808286950618903,0.14440736987978053,-0.07111470700877412
1.8508171212002045,0.14453450699490245,-0.10249516170909807
1.2903638101513657,0.10692564427576734,-0.07489454890657336
1.251515115258591,0.09331190307803583,-0.06935795216291288
1.8743911640033173,0.16978546486152224,-0.07358310080429935
1.4491617211969212,0.1221627877323499,-0.10556573482268633
1.8409261881105055,0.1538706715643281,-0.10010008840672681
2.0653974823118486,0.1832950580593169,-0.062246326976184915
1.588424360486035,0.13547924529458166,-0.06999312953910963
1.9466196268758817,0.16407974697886174,-0.05079221033884193
1.8401267747480918,0.1580204797248539,-0.10282932524826728
1.4644674906329613,0.10253477761235685,-0.06502484059972562
0.6666801050798494,0.05202072913125266,-0.13012867824784982
1.5687597504857016,0.12936555722219034,-0.08707863154053024
0.3900927270150885,0.02736503951713165,-0.20986521551333784
1.9121744027611982,0.1516382196262116,-0.06848436585733765
2.1284683815111984,0.16468348602717398,-0.04882262358246679
1.1831849990698888,0.09238819575208046,-0.08456473054336475
1.976713704976278,0.16799281107044717,-0.0692962254564648
2.141670359844661,0.16517589951343803,-0.0608396887067552
1.5581886905081026,0.12415435310845835,-0.06764151540636222
0.39082403300655455,0.0282948552370208,-0.13458096924785373
2.2874572199743515,0.19383310421758027,-0.061380426697909614
1.2403175983616288,0.09165420535549029,-0.08305348583196988
2.4688176561001813,0.20150462893367194,-0.050090836421549996
1.4440037811500435,0.12615890518068307,-0.08036647484684589
1.3205256835310155,0.10816488351823406,-0.10002165557092904
1.6909328951162304,0.12217923995093716,-0.05578374222121413
1.6704122226427434,0.1507866540884124,-0.08195359413045135
1.5865637737101175,0.13390926373025702,-0.07187420734134548
1.095529448844871,0.08631340521463593,-0.09734057017448726
1.3397360948251875,0.11267618313224226,-0.10516663637626526
0.9044455211419756,0.06752163370691178,-0.12607703414543442
1.0226265791330669,0.08054516644249943,-0.09951779165419014
1.280414985355389,0.11421382091912657,-0.08665582349391221
1.8543784407970154,0.15503616835457268,-0.11909585817375642
1.3602346679312896,0.10601226604076497,-0.14008463629710124
1.5514968860712113,0.1193925021271407,-0.057076785940831244
1.8507271622395471,0.15166789677670067,-0.09205154394779866
1.6933003158014075,0.14279039575205688,-0.07178684779255703
0.7563754334544263,0.05581836047297517,-0.12214530080222362
1.2832741412638011,0.09051989017601025,-0.07058389172666145
1.651531599855812,0.1267023244154164,-0.07702672017656688
0.1872016505427741,0.010199927836724632,-0.13942126170570293
1.6808810600534978,0.12248204060843859,-0.07939277510743367
0.29720474486294907,0.017687867350052455,-0.09100809404393817
1.2670650172254778,0.10195091473884466,-0.10398367132889066
1.315236690496032,0.10073960795584691,-0.0778035355193334
2.652117544586966,0.2372349850830222,-0.0591079457862879
1.7069468327203998,0.142219194461209,-0.0502112063487933
1.682695952851786,0.13368618985783742,-0.08305906934793413
1.9682388688813768,0.16840317229276747,-0.06344470757052793
1.8624466857347537,0.16891196953055365,-0.06320818815728102
2.054199061943453,0.17018166307791804,-0.07523304502991102
1.5602851059272531,0.10347550725707322,-0.07879102770131513
1.1005917373439469,0.08387010484702473,-0.09291331158715327
0.8832008816503131,0.0644398637801773,-0.11123932996532065
1.5882873822166375,0.12709653533102205,-0.1061167572231644
1.4736217571128074,0.1243110730857453,-0.056074326956645396
1.804726856768628,0.1466694164780793,-0.0705593924988655
1.3447682258039475,0.11473900212327592,-0.07168879036516633
1.9248803154040615,0.16307499213026522,-0.045845822112711924
1.6469905039151553,0.1312425672718427,-0.05917523803957446
1.2614286624370155,0.10247387367863836,-0.07667130394919003
2.1941680613890107,0.17557389926593614,-0.09569298215400948
2.218035495204138,0.202206582618486,-0.04538212614005813
1.9574104060060746,0.1827372971872847,-0.08152884272680737
1.7380245524376088,0.13722576293717625,-0.05516202854298451
1.0605367380137816,0.08040116289926269,-0.08112976168976335
1.7092410953164001,0.13911536858927231,-0.10541935530318847
2.4109349790780645,0.2251080433997148,-0.07355635999224486
1.82415909305999,0.14843213834772362,-0.06544650151728852
1.3728382230699618,0.1174048948684443,-0.0980122091736191
1.7213421442205554,0.15542223979963277,-0.08261809692123144
1.8657320724755975,0.15182858385953368,-0.08822652521769732
1.6546220470067925,0.14126931357905637,-0.15894095058420898
1.7098762774153875,0.13215570870511684,-0.061712096135285756
1.6721181800398042,0.13148437749142872,-0.09402181495138474
1.201173522713292,0.08339313258757652,-0.0841646670694794
1.6504116574629437,0.13255844925841265,-0.07295683095902712
1.5898636965092998,0.13990496407931907,-0.08000473039876971
1.8668546428062416,0.14282423793822474,-0.047969059760637825
1.5401147148928853,0.12374483106635359,-0.06720375173099322
1.5769842762823565,0.1273740288757763,-0.08025464403911274
1.447825822700278,0.12711272115713634,-0.059644914393868674
1.1013936083287097,0.08781257547710153,-0.10798507806240774
1.5284644961958707,0.1252109736696878,-0.09629640741366591
1.6388785881379513,0.12556198687196907,-0.06630072311720114
2.3281210197426603,0.22545903123481925,-0.0513008015716317
2.0131808490736387,0.18940214310178982,-0.13353692212704477
1.1842208679039559,0.09121542918576386,-0.10681538796086952
2.0755397254431083,0.1725460274127848,-0.07535183616190921
1.7382269023547046,0.1330010443681322,-0.06582837547298817
1.2356060811698393,0.08748332163145611,-0.09595043132212278
1.9725550201782562,0.15926086242221515,-0.09018461296635813
2.1898770534315144,0.18999017029752308,-0.06735974906804343
1.1240455962280345,0.08007848225368885,-0.0890385108240256
1.2709130680722454,0.0896708910781625,-0.12366338977336493
1.1275173542040209,0.0923656149069807,-0.06104155830717838
2.0646896133494317,0.2012710047906754,-0.07281466782806006
0.934235137015644,0.06397081409255101,-0.0909175488580754
1.6654076815150218,0.14412880250510196,-0.0742886728660387
1.826441582035088,0.13275693838912161,-0.06312729973618221
1.911960736132889,0.1682667767350463,-0.06063036257021717
1.7634882202408724,0.14844913521997238,-0.06182606707929232
1.1514543138175948,0.0839557787671723,-0.0674596671737474
2.0255891330427014,0.18036616537598027,-0.05934913292264012
1.4989050131791906,0.11036266907023484,-0.10283940032485088
1.7352330382445436,0.13111737281888836,-0.07607109421260876
1.1797363390722593,0.08945416002235795,-0.13180580177873083
1.3748554491460059,0.11145064678785976,-0.061401752434757616
1.9524813218848232,0.16542841047432777,-0.0553926839049258
1.5415777617651605,0.12941862000558002,-0.07020613050044663
1.4655268234220693,0.1108498620115077,-0.07561055214009808
1.8423371486146614,0.16006796148913005,-0.060271879880030035
1.6862248205935682,0.14268248608156697,-0.08351095828160517
1.7198404990680995,0.14979496245402046,-0.08492860656355089
0.7973576573997131,0.05752440761709243,-0.1363161756649318
1.4462862645288141,0.1257269233258127,-0.0628990250846392
1.7794984302660117,0.15603635393008175,-0.08622764899799028
1.648116206053733,0.12722620619845393,-0.10991206258334398
1.1829750134336923,0.09784518932708086,-0.08929840060889603
1.1031716940240353,0.08452113713864762,-0.09798593006738564
1.48103596324869,0.11623167181243299,-0.07103084200621115
1.0319310159107429,0.08140989211633443,-0.07504355399634528
1.3919453862967546,0.1042679556121715,-0.06037798358454321
1.3916828652602173,0.10749375562860641,-0.05489257400315967
1.6721097179340407,0.14525308611190235,-0.11005705845348819
1.6531588500320153,0.14763454706361445,-0.08756173642932728
1.1170192640137888,0.08118632671080239,-0.12870428447106777
2.673478059816862,0.24913223462085088,-0.07128255377762388
1.159322614997566,0.09038412379360494,-0.08417755174232604
1.6506291877209138,0.13509334298036224,-0.0691619301646112
1.3326183441108406,0.10609757500431516,-0.10838735291147225
2.150558164899338,0.18737430326809545,-0.08894847296831274
0.9931627586767671,0.07741840720475923,-0.07462307244056485
1.875846904869299,0.14586332950641068,-0.05604154421148129
1.7195146134287216,0.1454967632029267,-0.07659408440455598
1.4167213206283398,0.10997934556655053,-0.10473966596521073
1.5120504714991276,0.13045555946402,-0.15338607067350474
1.0738318543876257,0.08080046561237841,-0.14742327670110797
1.4217079820486989,0.12120722550628327,-0.11201708625321222
1.8550103796428083,0.15676879691524426,-0.06695588967384238
1.7115820870379523,0.1502576464286638,-0.06427110797247128
1.419913384070054,0.09687842793084744,-0.08420642360906899
1.434027609733749,0.12057956241723389,-0.07727253738952339
2.1929854492674017,0.18689494245229454,-0.08069271145375384
1.3010213852924688,0.10772796531006756,-0.07810571231988099
1.9708354244569433,0.18395508302005315,-0.07617370210618382
1.8355189941208139,0.14268489857951616,-0.06901608606108152
1.3910823077576935,0.1127651221240098,-0.06419352505641067
1.8917318727745522,0.1649635062030983,-0.058108609149173505
1.2555282790073812,0.09444168183765167,-0.08986780766975873
1.4750346096352183,0.12216216304234329,-0.06819604645284687
1.1810678042868339,0.08425538096802443,-0.08040875670250255
2.078795000568378,0.16757537021502156,-0.052639230173510604
0.969648843795902,0.07229230392427533,-0.06972308074410499
1.049171523423727,0.07254813822095185,-0.0775763997063311
0.9537493745295438,0.07398199924923143,-0.14683800808464292
0.5769496915171175,0.03839577546931827,-0.11688618978133168
1.9551925045924987,0.18688129933509612,-0.07650514385387908
1.5370393979864356,0.11318786016595173,-0.08105058785696308
1.7770984065685271,0.14590393059892603,-0.05314134065251728
1.7994117155451486,0.1681999892971735,-0.06516238410437536
1.533224727790158,0.12073674104321852,-0.07123381592660628
2.1333167140732288,0.1985026357145625,-0.071750354394001
1.605862517142882,0.1305905315993845,-0.060627756744978806
0.7125311679256003,0.050175699503564264,-0.09748277159137528
1.2714446848490266,0.11040369005836315,-0.07622509670216376
1.491224046614608,0.11637445625292053,-0.07997816682489003
1.3485735520837132,0.11648794512348926,-0.09590292810409894
1.1895395186280344,0.09387178105967653,-0.08748222010819746
1.4498361993451117,0.11298047775138387,-0.07073751962371964
1.6720191720497217,0.13700713880157656,-0.09594057606324798
1.2922210505551561,0.11185732051856934,-0.09461229949245209
1.4988546134246514,0.11149876568555617,-0.06589680016733551
1.1919898198589318,0.10896365868594615,-0.14461522374235264
1.8534636429313216,0.17083980137035604,-0.07292572893318595
1.6918421448057086,0.15351424980590878,-0.08421524841964134
1.6059410406215122,0.11849779695893203,-0.09735681476499775
1.6692401295156654,0.14298088100181472,-0.0717757435637236
1.2349849162705564,0.10677787931880922,-0.10614495707669598
1.8914807877384157,0.1596976037885749,-0.07279533236693292
1.5960020304880747,0.1413449684019925,-0.09876233648068687
2.0709347287404536,0.17897192084836622,-0.06537534930862765
2.485500334985686,0.19280525391547831,-0.05793284510389571
1.1873715975230383,0.08701822752514543,-0.09672688759021614
1.4747399502607217,0.1407798553930082,-0.12059253361062225
1.9678599439752287,0.17229770516914278,-0.05938774194577285
1.297122828703089,0.0955531715610205,-0.10201539655721445
1.4998115294394656,0.12333993396784448,-0.07960272479582386
1.190834811396083,0.10705710142676206,-0.12032058194130985
1.2063949244636676,0.0873563071302832,-0.06831450912848189
1.520181334911731,0.12540037246210978,-0.08643905956552557
1.5548688044674195,0.13970181575536444,-0.11531364278305324
1.672663756334707,0.12814625870062213,-0.09427248918453554
1.607162181653028,0.12378095025671443,-0.07612468505792103
1.6287954060449343,0.13416256010751448,-0.05789763092817722
1.7906461177286537,0.14770786069619213,-0.08372104941667323
0.40748040959379245,0.025545164220618144,-0.12702519166326975
1.8353967014793,0.16732838725297583,-0.0956493297565446
1.6822421284075033,0.13352425743488383,-0.04397948222497372
1.12114760425782,0.0881225802032668,-0.13527563041642374
0.9571427419055081,0.0671443869769317,-0.06860142523151984
1.4418007455897448,0.12179767683800713,-0.07557178175833634
1.3993335782367542,0.10243938773615269,-0.09818986132741804
2.457600627284364,0.20030617658620797,-0.060427819757083556
1.4799066814368573,0.12022205032637578,-0.09388949160271098
1.1386863636838218,0.09492858368406276,-0.0975208430465533
2.3113522990543234,0.20111082992864748,-0.05223567637939585
0.9069202082701882,0.07269300994465544,-0.11132115701760481
1.6293220933667734,0.14319639233365034,-0.09147927030195141
0.5541049733117887,0.042430309541753086,-0.17770149090924617
1.5763507681180897,0.12561464556910962,-0.08240195260570213
0.9004290033324793,0.061739502894949894,-0.0946733978346497
1.3693170180325602,0.11562525808874136,-0.08045290430163442
1.3475708844527918,0.10454769176083456,-0.12742146125252807
1.8022022685257912,0.1445199488647515,-0.06371577795860332
1.091772838431128,0.09875696273392753,-0.10998156629399582
1.8569876182048164,0.15513724071446733,-0.046345929777713034
1.1781547480667824,0.08168881361494074,-0.11308884161482043
1.1835457699572982,0.09403975079218019,-0.10105553987280927
1.9010186724849116,0.14189794966655866,-0.039637136900912924
1.7239902522792476,0.1510797975524616,-0.072400401732845
2.192501277791264,0.21103472731890127,-0.09312632160603235
1.5529361183372672,0.11836234574090909,-0.07188488827770599
2.115639972428329,0.18747300961787539,-0.06232963312336387
1.0503916267461268,0.08158071487798946,-0.10603467556059117
1.565057869169047,0.11316498585029278,-0.07215918509369815
2.026364400650208,0.17771005439156284,-0.08417314988567234
1.4122920659390812,0.11746374198575138,-0.09226648433376629
1.21790635350617,0.09100397774155677,-0.06621439834063467
1.8618203580721333,0.14470479648022616,-0.07994975847806579
1.770015036612543,0.14369759697369955,-0.08222849088717651
1.3727508101607078,0.11888574139019026,-0.10792568497906338
