ticker,entry_date,exit_date,regime,pnl,return,position_size,entry_price,exit_price,crisis_day_num,holding_days
TT,2015-08-27,2015-09-01,Crisis,-10.08,-0.036263,277.97,43.429,41.8542,0,5
DVN,2015-08-27,2015-09-01,Crisis,3.27,0.044507,73.47,39.32,41.07,0,5
KKR,2015-08-27,2015-08-31,Crisis,-13.08,-0.03,435.88,20.0,19.4,0,4
CL,2015-08-27,2015-09-01,Crisis,-3.61,-0.01534,235.07,62.58,61.62,0,5
FDX,2015-09-02,2015-09-08,Crisis,3.58,0.021933,163.25,150.0,153.29,0,6
MDLZ,2015-09-02,2015-09-08,Crisis,7.91,0.035956,220.03,41.44,42.93,0,6
SRE,2015-09-02,2015-09-08,Crisis,-0.69,-0.002361,289.61,46.585,46.475,0,6
OMC,2015-09-02,2015-09-08,Crisis,5.7,0.030904,184.47,66.01,68.05,0,6
TT,2015-09-02,2015-09-04,Crisis,-10.19,-0.02,509.31,42.2188,41.3744,0,2
KKR,2015-09-02,2015-09-04,Crisis,-6.75,-0.02,337.45,18.91,18.5318,0,2
CMCSA,2015-09-02,2015-09-08,Crisis,3.34,0.020368,164.06,26.2277,26.7619,0,6
O,2018-02-06,2018-02-08,Crisis,-10.13,-0.018489,547.85,48.2171,47.3256,0,2
CTAS,2018-02-06,2018-02-08,Crisis,-4.45,-0.03,148.38,38.605,37.4468,0,2
GE,2018-02-06,2018-02-09,Crisis,0.41,0.008097,50.31,71.0239,71.599,0,3
FDX,2018-02-06,2018-02-09,Crisis,-1.56,-0.03731,41.71,244.44,235.32,0,3
SPG,2018-02-06,2018-02-09,Crisis,1.55,0.01972,78.84,154.16,157.2,0,3
WM,2018-02-06,2018-02-09,Crisis,-0.38,-0.010011,38.09,80.91,80.1,0,3
APD,2018-02-06,2018-02-09,Crisis,1.13,0.024231,46.51,154.35,158.09,0,3
GIS,2018-02-06,2018-02-09,Crisis,1.02,0.022995,44.28,53.49,54.72,0,3
V,2018-02-06,2018-02-09,Crisis,0.33,0.009722,33.49,115.2,116.32,0,3
EMR,2018-02-09,2018-02-14,Crisis,2.69,0.056444,47.69,67.5,71.31,0,5
XEL,2018-02-09,2018-02-14,Crisis,1.57,0.016702,94.17,42.51,43.22,0,5
SRE,2018-02-09,2018-02-14,Crisis,1.58,0.016774,94.17,51.865,52.735,0,5
O,2018-02-09,2018-02-14,Crisis,0.43,0.004805,89.8,46.3857,46.6085,0,5
BKR,2018-02-09,2018-02-12,Crisis,-16.05,-0.03,535.04,27.67,26.8399,0,3
EQT,2018-02-09,2018-02-14,Crisis,1.9,0.044124,42.96,25.2912,26.4072,0,5
CL,2018-12-27,2019-01-02,Crisis,2.76,0.004407,627.18,58.99,59.25,0,6
HD,2018-12-27,2019-01-02,Crisis,12.61,0.035869,351.61,166.44,172.41,0,6
JCI,2018-12-27,2019-01-02,Crisis,15.69,0.039891,393.38,29.33,30.5,0,6
CTAS,2018-12-27,2019-01-02,Crisis,10.94,0.035039,312.17,40.455,41.8725,0,6
SLB,2018-12-27,2018-12-31,Crisis,-19.75,-0.02,987.18,36.1,35.378,0,4
NOC,2018-12-27,2019-01-02,Crisis,27.55,0.066306,415.45,231.05,246.37,0,6
KEY,2018-12-27,2019-01-02,Crisis,15.49,0.044506,348.05,14.38,15.02,0,6
SYK,2018-12-27,2019-01-02,Crisis,12.92,0.034968,369.66,149.28,154.5,0,6
VZ,2020-05-18,2020-05-19,Crisis,-37.94,-0.003953,9588.15,55.65,55.43,0,1
LUV,2020-07-01,2020-07-02,Crisis,-100.09,-0.03,3335.91,35.29,34.2313,0,1
PFE,2020-07-01,2020-07-07,Crisis,-69.84,-0.014765,4728.75,32.7704,32.2865,0,6
PCG,2020-07-01,2020-07-07,Crisis,4.78,0.002237,2140.78,8.94,8.96,0,6
SO,2020-07-01,2020-07-07,Crisis,47.73,0.016583,2879.23,51.86,52.72,0,6
CMCSA,2020-07-01,2020-07-07,Crisis,38.38,0.011613,3305.59,37.1228,37.5539,0,6
HSY,2020-07-14,2020-07-17,Crisis,1063.76,0.069217,15370.82,127.57,136.4,0,3
NOC,2020-07-14,2020-07-17,Crisis,577.25,0.053456,10800.02,291.27,306.84,0,3
VZ,2020-07-14,2020-07-17,Crisis,486.79,0.034356,14170.57,54.43,56.3,0,3
CME,2020-09-09,2020-09-14,Crisis,-60.82,-0.003361,18051.47,166.64,166.08,0,5
CTRA,2020-09-09,2020-09-14,Crisis,587.68,0.031025,18952.06,18.05,18.61,0,5
PFE,2020-09-09,2020-09-14,Crisis,375.92,0.01984,18952.08,34.4307,35.1139,0,5
ADP,2020-09-09,2020-09-10,Crisis,-343.95,-0.03,11462.47,136.68,132.5796,0,1
CVS,2020-09-09,2020-09-11,Crisis,-568.69,-0.03,18952.03,59.69,57.8993,0,2
OXY,2020-09-09,2020-09-10,Crisis,-160.21,-0.03,5339.51,11.21,10.8737,0,1
TTWO,2020-09-09,2020-09-10,Crisis,-360.68,-0.03,12019.31,159.66,154.8702,0,1
JNJ,2020-11-04,2020-11-09,Crisis,729.04,0.047243,15432.83,139.49,146.08,0,5
GILD,2020-11-04,2020-11-09,Crisis,-92.61,-0.005725,16161.38,59.39,59.05,0,5
LLY,2020-11-04,2020-11-09,Crisis,1063.61,0.055,19340.65,134.91,142.33,0,5
KMB,2020-11-04,2020-11-09,Crisis,-498.7,-0.025777,19340.64,136.17,132.66,0,5
CMCSA,2020-11-04,2020-11-09,Crisis,704.47,0.065733,10717.83,41.4902,44.2174,0,5
INTU,2020-11-04,2020-11-09,Crisis,419.84,0.060108,6985.2,339.72,360.14,0,5
PGR,2020-11-04,2020-11-09,Crisis,-703.21,-0.038507,18257.42,94.01,90.39,0,5
DPZ,2021-02-02,2021-02-05,Crisis,140.11,0.007021,19985.06,374.6,377.23,0,3
MAR,2021-02-02,2021-02-05,Crisis,453.84,0.083787,5416.92,119.47,129.48,0,3
WM,2021-02-02,2021-02-05,Crisis,98.29,0.007262,13549.75,112.91,113.73,0,3
FISV,2021-02-02,2021-02-05,Crisis,302.97,0.039748,7623.01,107.93,112.22,0,3
KO,2021-02-02,2021-02-05,Crisis,224.66,0.017418,12900.95,48.8,49.65,0,3
IBKR,2021-02-02,2021-02-05,Crisis,558.74,0.075841,7368.16,16.7125,17.98,0,3
CL,2021-02-02,2021-02-05,Crisis,258.39,0.012936,19985.11,78.85,79.87,0,3
UNH,2021-02-02,2021-02-05,Crisis,-345.67,-0.037348,9254.52,337.1,324.51,0,3
MRK,2021-02-02,2021-02-05,Crisis,-401.6,-0.025582,15696.07,74.2271,72.3282,0,3
CMCSA,2021-12-02,2021-12-07,Crisis,-9.85,-0.003617,2719.09,46.6354,46.4667,0,5
VZ,2021-12-02,2021-12-07,Crisis,108.59,0.019265,5637.82,49.83,50.79,0,5
HON,2021-12-02,2021-12-07,Crisis,99.54,0.030802,3232.21,189.4062,195.2403,0,5
V,2021-12-02,2021-12-07,Crisis,200.87,0.080052,2509.34,192.0,207.37,0,5
TMUS,2021-12-02,2021-12-07,Crisis,317.03,0.093327,3397.2,107.15,117.15,0,5
MMM,2021-12-02,2021-12-03,Crisis,-109.23,-0.009561,11417.65,143.4281,142.0568,0,1
PM,2021-12-06,2021-12-09,Crisis,-48.69,-0.006218,7821.98,90.06,89.5,0,3
MMM,2021-12-06,2021-12-09,Crisis,47.25,0.008137,5811.28,145.9197,147.107,0,3
EA,2021-12-06,2021-12-09,Crisis,-150.99,-0.019146,7882.91,127.44,125.0,0,3
KR,2021-12-06,2021-12-08,Crisis,-295.04,-0.03,9832.24,43.89,42.5733,0,2
DAL,2021-12-06,2021-12-09,Crisis,91.28,0.033557,2720.48,37.25,38.5,0,3
MNST,2022-01-03,2022-01-04,Crisis,206.65,0.023241,8894.4,47.76,48.87,0,1
AMT,2022-01-28,2022-02-02,Crisis,311.73,0.062171,5014.52,237.57,252.34,0,5
CMCSA,2022-01-28,2022-02-02,Crisis,308.61,0.044068,7003.7,44.8735,46.851,0,5
AMD,2022-01-28,2022-02-02,Crisis,292.56,0.208863,1400.74,101.55,122.76,0,5
CDNS,2022-01-28,2022-02-02,Crisis,165.76,0.093864,1766.05,139.99,153.13,0,5
EQIX,2022-01-28,2022-02-02,Crisis,285.77,0.044488,6424.77,686.03,716.55,0,5
TER,2022-01-28,2022-02-02,Crisis,152.26,0.086376,1762.87,107.9,117.22,0,5
VZ,2022-01-28,2022-02-02,Crisis,321.29,0.045879,7003.71,51.44,53.8,0,5
SHW,2022-02-25,2022-03-02,Crisis,-13.78,-0.013485,1021.36,259.55,256.05,0,5
PGR,2022-02-25,2022-03-02,Crisis,7.83,0.00604,1298.09,102.64,103.26,0,5
TT,2022-02-25,2022-03-02,Crisis,9.17,0.01208,759.31,151.49,153.32,0,5
FISV,2022-02-25,2022-03-02,Crisis,12.2,0.015194,803.2,96.09,97.55,0,5
PFE,2022-02-25,2022-03-02,Crisis,8.5,0.006549,1298.09,45.81,46.11,0,5
DHR,2022-02-25,2022-03-02,Crisis,1.33,0.001663,802.22,239.9557,240.3546,0,5
CMCSA,2022-02-25,2022-03-02,Crisis,11.56,0.011907,971.13,43.2896,43.8051,0,5
AMT,2022-02-25,2022-02-28,Crisis,-11.51,-0.002374,4838.06,231.7,231.15,0,3
TGT,2022-02-25,2022-03-02,Crisis,140.2,0.159208,880.61,191.51,222.0,0,5
DHR,2022-03-15,2022-03-18,Crisis,94.56,0.087826,1076.67,238.1206,259.0337,0,3
APD,2022-03-15,2022-03-18,Crisis,67.04,0.052902,1267.34,220.03,231.67,0,3
ROK,2022-03-15,2022-03-18,Crisis,90.53,0.072392,1250.68,257.21,275.83,0,3
DPZ,2022-03-15,2022-03-18,Crisis,82.85,0.072892,1136.65,387.42,415.66,0,3
EBAY,2022-03-15,2022-03-18,Crisis,87.53,0.066844,1309.53,52.51,56.02,0,3
INTU,2022-03-15,2022-03-18,Crisis,71.56,0.121716,587.9,427.8,479.87,0,3
KMB,2022-03-15,2022-03-18,Crisis,17.33,0.008765,1978.77,119.8,120.85,0,3
SHW,2022-03-15,2022-03-18,Crisis,57.6,0.049222,1170.28,239.73,251.53,0,3
GILD,2022-03-15,2022-03-16,Crisis,-149.75,-0.02,7485.87,58.43,57.2614,0,1
NKE,2022-03-15,2022-03-18,Crisis,82.01,0.095127,862.16,119.84,131.24,0,3
UNP,2022-04-28,2022-05-02,Crisis,-78.81,-0.03,2626.68,236.79,229.6863,0,4
MMM,2022-04-28,2022-05-03,Crisis,32.12,0.023005,1396.55,121.0284,123.8127,0,5
NVDA,2022-04-28,2022-05-02,Crisis,-19.67,-0.03,655.52,18.967,18.398,0,4
CAT,2022-04-28,2022-05-03,Crisis,50.27,0.029841,1684.92,207.43,213.62,0,5
TTWO,2022-04-28,2022-04-29,Crisis,-0.05,-0.0,7163.76,123.19,123.19,0,1
BA,2022-04-28,2022-04-29,Crisis,-90.0,-0.020241,4445.83,156.61,153.44,0,1
SHW,2022-04-28,2022-04-29,Crisis,-82.9,-0.010495,7895.53,283.0,280.03,0,1
TTWO,2022-05-03,2022-05-06,Crisis,-8.95,-0.011649,767.62,121.04,119.63,0,3
MCD,2022-05-03,2022-05-06,Crisis,3.26,0.003234,1008.44,247.39,248.19,0,3
SBUX,2022-05-03,2022-05-06,Crisis,8.75,0.0173,505.67,75.72,77.03,0,3
VZ,2022-05-03,2022-05-06,Crisis,31.79,0.026083,1219.02,46.39,47.6,0,3
TSLA,2022-05-03,2022-05-05,Crisis,-21.05,-0.03,701.73,301.06,292.0282,0,2
NFLX,2022-05-03,2022-05-04,Crisis,-61.04,-0.02,3051.63,19.829,19.4324,0,1
NFLX,2022-05-13,2022-05-18,Crisis,11.53,0.053963,213.66,17.716,18.672,0,5
VZ,2022-05-13,2022-05-18,Crisis,9.52,0.014508,656.24,48.25,48.95,0,5
WBD,2022-05-13,2022-05-18,Crisis,14.34,0.049476,289.77,17.18,18.03,0,5
AMZN,2022-05-13,2022-05-18,Crisis,4.23,0.021734,194.86,109.069,111.4395,0,5
BA,2022-05-13,2022-05-16,Crisis,-45.02,-0.02,2251.03,124.98,122.4804,0,3
ICE,2022-05-13,2022-05-18,Crisis,5.92,0.013463,439.86,96.56,97.86,0,5
EXPE,2022-05-13,2022-05-16,Crisis,-50.79,-0.02,2539.28,131.59,128.9582,0,3
PLD,2022-05-13,2022-05-18,Crisis,2.18,0.005905,369.44,125.31,126.05,0,5
EXPE,2022-05-19,2022-05-24,Crisis,-17.67,-0.03536,499.57,121.04,116.76,0,5
PM,2022-05-19,2022-05-23,Crisis,-48.75,-0.02,2437.16,105.0,102.9,0,4
PLD,2022-05-19,2022-05-24,Crisis,7.41,0.012906,574.65,118.55,120.08,0,5
COST,2022-05-19,2022-05-20,Crisis,-53.03,-0.02,2651.05,430.37,421.7626,0,1
KO,2022-05-19,2022-05-20,Crisis,-98.93,-0.02,4945.85,60.96,59.7408,0,1
SMCI,2022-06-15,2022-06-16,Crisis,-49.07,-0.022246,2204.59,4.675,4.571,0,1
GE,2022-06-15,2022-06-16,Crisis,-113.93,-0.027987,4070.22,42.9632,41.7608,0,1
LRCX,2022-06-15,2022-06-16,Crisis,-45.05,-0.018254,2467.38,44.977,44.156,0,1
TGT,2022-06-15,2022-06-21,Crisis,-3.79,-0.006806,556.05,142.52,141.55,0,6
PFE,2022-06-22,2022-06-27,Crisis,215.43,0.080158,2687.66,48.03,51.88,0,5
SPGI,2022-06-22,2022-06-27,Crisis,124.94,0.071705,1742.53,317.69,340.47,0,5
TT,2022-06-22,2022-06-27,Crisis,117.64,0.074446,1580.35,122.37,131.48,0,5
RCL,2022-06-22,2022-06-23,Crisis,-51.86,-0.02,2592.62,36.31,35.5838,0,1
ICE,2022-06-22,2022-06-27,Crisis,129.33,0.066234,1952.75,92.55,98.68,0,5
SBUX,2022-10-04,2022-10-07,Crisis,32.58,0.016649,1957.15,87.09,88.54,0,3
LOW,2022-10-04,2022-10-07,Crisis,9.14,0.005331,1715.55,196.97,198.02,0,3
AMZN,2022-10-04,2022-10-07,Crisis,-17.63,-0.015765,1118.04,119.89,118.0,0,3
MCD,2022-10-04,2022-10-07,Crisis,-43.65,-0.011618,3755.29,236.71,233.96,0,3
PFE,2022-10-04,2022-10-06,Crisis,-113.47,-0.011074,10242.29,44.25,43.76,0,2
TSLA,2022-10-04,2022-10-05,Crisis,-113.96,-0.02,5697.89,250.52,245.5096,0,1
ROST,2022-10-20,2022-10-21,Crisis,-132.22,-0.02,6608.77,84.15,82.467,0,1
LMT,2022-10-20,2022-10-25,Crisis,313.96,0.046699,6723.69,439.62,460.15,0,5
