date,equity,cash,invested,n_positions,regime,crisis_consecutive_days
2018-01-02,100000.0,100000.0,0.0,0,Bull,0
2018-01-03,100000.0,100000.0,0.0,0,Bull,0
2018-01-04,100000.0,100000.0,0.0,0,Bull,0
2018-01-05,100000.0,100000.0,0.0,0,Bull,0
2018-01-08,100000.0,100000.0,0.0,0,Bull,0
2018-01-09,98740.66,8362.77,90377.89,10,Bull,0
2018-01-10,98973.7,-792.58,99766.28,9,Bull,0
2018-01-11,100123.81,-792.58,100916.4,9,Bull,0
2018-01-12,100630.24,-1158.35,101788.6,9,Bull,0
2018-01-16,100841.69,-1158.35,102000.04,9,Bull,0
2018-01-17,102181.83,-4696.92,106878.76,9,Bull,0
2018-01-18,102289.29,-4696.92,106986.21,9,Bull,0
2018-01-19,103012.87,-4696.92,107709.79,9,Bull,0
2018-01-22,103945.93,-4696.92,108642.85,9,Bull,0
2018-01-23,104082.2,-4696.92,108779.12,9,Bull,0
2018-01-24,103190.33,5031.79,98158.55,10,Bull,0
2018-01-25,103687.92,-4490.13,108178.05,10,Bull,0
2018-01-26,104143.89,-332.22,104476.12,10,Bull,0
2018-01-29,106319.63,16381.59,89938.04,10,Bull,0
2018-01-30,105545.8,41565.14,63980.66,10,Bull,0
2018-01-31,105868.1,51616.57,54251.52,10,Bull,0
2018-02-01,106227.13,66955.73,39271.4,9,Bull,0
2018-02-02,105440.45,94734.0,10706.45,4,Bull,0
2018-02-05,105289.33,105289.33,0.0,0,Crisis,1
2018-02-06,105289.33,105289.33,0.0,0,Bull,0
2018-02-07,105289.33,105289.33,0.0,0,Bull,0
2018-02-08,105289.33,105289.33,0.0,0,Crisis,1
2018-02-09,105289.33,105289.33,0.0,0,Bull,0
2018-02-12,105289.33,105289.33,0.0,0,Bull,0
2018-02-13,105289.33,105289.33,0.0,0,Bull,0
2018-02-14,105289.33,105289.33,0.0,0,Bull,0
2018-02-15,105289.33,105289.33,0.0,0,Bull,0
2018-02-16,105289.33,105289.33,0.0,0,Bull,0
2018-02-20,105289.33,105289.33,0.0,0,Bull,0
2018-02-21,105289.33,105289.33,0.0,0,Bull,0
2018-02-22,105289.33,105289.33,0.0,0,Bull,0
2018-02-23,105289.33,105289.33,0.0,0,Bull,0
2018-02-26,105289.33,105289.33,0.0,0,Bull,0
2018-02-27,105289.33,105289.33,0.0,0,Bull,0
2018-02-28,105289.33,105289.33,0.0,0,Bull,0
2018-03-01,105289.33,105289.33,0.0,0,Bull,0
2018-03-02,105289.33,105289.33,0.0,0,Bull,0
2018-03-05,105289.33,105289.33,0.0,0,Bull,0
2018-03-06,105289.33,105289.33,0.0,0,Bull,0
2018-03-07,105289.33,105289.33,0.0,0,Bull,0
2018-03-08,105289.33,105289.33,0.0,0,Bull,0
2018-03-09,105289.33,105289.33,0.0,0,Bull,0
2018-03-12,105289.33,105289.33,0.0,0,Bull,0
2018-03-13,105289.33,105289.33,0.0,0,Bull,0
2018-03-14,105289.33,105289.33,0.0,0,Bull,0
2018-03-15,105289.33,105289.33,0.0,0,Bull,0
2018-03-16,105289.33,105289.33,0.0,0,Bull,0
2018-03-19,105289.33,105289.33,0.0,0,Bull,0
2018-03-20,105289.33,105289.33,0.0,0,Bull,0
2018-03-21,105289.33,105289.33,0.0,0,Bull,0
2018-03-22,105289.33,105289.33,0.0,0,Bull,0
2018-03-23,105289.33,105289.33,0.0,0,Bull,0
2018-03-26,105289.33,105289.33,0.0,0,Bull,0
2018-03-27,105289.33,105289.33,0.0,0,Bull,0
2018-03-28,105289.33,105289.33,0.0,0,Bull,0
2018-03-29,105289.33,105289.33,0.0,0,Bull,0
2018-04-02,105289.33,105289.33,0.0,0,Bull,0
2018-04-03,105289.33,105289.33,0.0,0,Bull,0
2018-04-04,105289.33,105289.33,0.0,0,Bull,0
2018-04-05,105289.33,105289.33,0.0,0,Bull,0
2018-04-06,105289.33,105289.33,0.0,0,Bull,0
2018-04-09,105289.33,105289.33,0.0,0,Bull,0
2018-04-10,105289.33,105289.33,0.0,0,Bull,0
2018-04-11,105289.33,105289.33,0.0,0,Bull,0
2018-04-12,105289.33,105289.33,0.0,0,Bull,0
2018-04-13,105289.33,105289.33,0.0,0,Bull,0
2018-04-16,105289.33,105289.33,0.0,0,Bull,0
2018-04-17,105289.33,105289.33,0.0,0,Bull,0
2018-04-18,105289.33,105289.33,0.0,0,Bull,0
2018-04-19,105289.33,105289.33,0.0,0,Bull,0
2018-04-20,105289.33,105289.33,0.0,0,Bull,0
2018-04-23,105289.33,105289.33,0.0,0,Bull,0
2018-04-24,105289.33,105289.33,0.0,0,Bull,0
2018-04-25,105289.33,105289.33,0.0,0,Bull,0
2018-04-26,105289.33,105289.33,0.0,0,Bull,0
2018-04-27,105289.33,105289.33,0.0,0,Bull,0
2018-04-30,105289.33,105289.33,0.0,0,Bull,0
2018-05-01,105289.33,105289.33,0.0,0,Bull,0
2018-05-02,105289.33,105289.33,0.0,0,Bull,0
2018-05-03,105289.33,105289.33,0.0,0,Bull,0
2018-05-04,105304.42,101893.7,3410.72,1,Bull,0
2018-05-07,105298.01,102520.83,2777.18,1,Bull,0
2018-05-08,105329.78,102778.19,2551.59,1,Bull,0
2018-05-09,105331.4,103059.46,2271.94,1,Bull,0
2018-05-10,105320.6,103322.02,1998.57,1,Bull,0
2018-05-11,105366.32,79506.74,25859.58,4,Bull,0
2018-05-14,105396.16,81698.96,23697.2,4,Bull,0
2018-05-15,105166.61,90299.85,14866.76,3,Bull,0
2018-05-16,105179.78,91293.35,13886.43,3,Bull,0
2018-05-17,105205.49,91966.42,13239.07,3,Bull,0
2018-05-18,105215.34,50193.66,55021.69,8,Bull,0
2018-05-21,105152.59,62344.86,42807.72,7,Bull,0
2018-05-22,105131.23,62344.86,42786.36,7,Bull,0
2018-05-23,105295.2,62344.86,42950.34,7,Bull,0
2018-05-24,105134.73,67201.04,37933.7,6,Bull,0
2018-05-25,104956.85,40815.47,64141.38,6,Bull,0
2018-05-29,104539.88,70580.39,33959.49,3,Bull,0
2018-05-30,104864.93,70900.67,33964.25,3,Bull,0
2018-05-31,103992.27,83095.41,20896.87,2,Bull,0
2018-06-01,104145.09,83728.42,20416.66,2,Bull,0
2018-06-04,104176.18,52860.0,51316.18,6,Bull,0
2018-06-05,104529.46,52860.0,51669.46,6,Bull,0
2018-06-06,104972.17,52860.0,52112.18,6,Bull,0
2018-06-07,105419.49,52860.0,52559.49,6,Bull,0
2018-06-08,105952.82,57845.32,48107.5,5,Bull,0
2018-06-11,107149.54,91030.59,16118.95,3,Bull,0
2018-06-12,107266.94,91030.59,16236.35,3,Bull,0
2018-06-13,107220.03,91030.59,16189.44,3,Bull,0
2018-06-14,107266.89,91030.59,16236.3,3,Bull,0
2018-06-15,107256.9,91030.59,16226.32,3,Bull,0
2018-06-18,107720.44,82824.68,24895.77,4,Bull,0
2018-06-19,107852.98,82824.68,25028.3,4,Bull,0
2018-06-20,108452.74,82824.68,25628.06,4,Bull,0
2018-06-21,107879.25,87289.44,20589.81,3,Bull,0
2018-06-22,107841.51,91912.58,15928.93,2,Bull,0
2018-06-25,107442.6,15054.59,92388.0,10,Bull,0
2018-06-26,106737.01,20511.59,86225.41,8,Bull,0
2018-06-27,106465.32,20511.59,85953.72,8,Bull,0
2018-06-28,107207.71,20511.59,86696.12,8,Bull,0
2018-06-29,106763.35,20511.59,86251.76,8,Bull,0
2018-07-02,106430.67,42899.74,63530.93,10,Bull,0
2018-07-03,106801.45,42899.74,63901.71,10,Bull,0
2018-07-05,107292.84,42899.74,64393.1,10,Bull,0
2018-07-06,107914.02,42899.74,65014.28,10,Bull,0
2018-07-09,108247.94,42899.74,65348.2,10,Bull,0
2018-07-10,108068.47,-6492.0,114560.47,9,Bull,0
2018-07-11,106784.48,-2910.16,109694.64,9,Bull,0
2018-07-12,107038.35,-3078.1,110116.45,9,Bull,0
2018-07-13,106640.43,-544.08,107184.52,10,Bull,0
2018-07-16,106458.13,-544.08,107002.22,10,Bull,0
2018-07-17,107671.41,12268.77,95402.63,10,Bull,0
2018-07-18,107190.47,10428.37,96762.1,10,Bull,0
2018-07-19,106655.55,8533.09,98122.46,10,Bull,0
2018-07-20,106401.3,3880.4,102520.9,10,Bull,0
2018-07-23,106738.4,1004.18,105734.22,10,Bull,0
2018-07-24,106218.08,21805.09,84412.99,10,Bull,0
2018-07-25,106972.67,20222.31,86750.36,10,Bull,0
2018-07-26,106889.83,22022.75,84867.08,10,Bull,0
2018-07-27,106107.93,27742.57,78365.35,10,Bull,0
2018-07-30,105798.58,27742.57,78056.01,10,Bull,0
2018-07-31,105650.02,59461.16,46188.86,10,Bull,0
2018-08-01,105718.59,58741.08,46977.51,10,Bull,0
2018-08-02,105885.92,58741.08,47144.85,10,Bull,0
2018-08-03,106102.49,58741.08,47361.41,10,Bull,0
2018-08-06,106450.23,58741.08,47709.15,10,Bull,0
2018-08-07,106084.23,31501.21,74583.03,10,Bull,0
2018-08-08,105862.98,26929.53,78933.46,10,Bull,0
2018-08-09,106165.37,26929.53,79235.85,10,Bull,0
2018-08-10,105172.04,36904.47,68267.57,10,Bull,0
2018-08-13,104677.04,36904.47,67772.57,10,Bull,0
2018-08-14,105961.15,44117.48,61843.67,10,Bull,0
2018-08-15,105196.98,30013.0,75183.97,10,Bull,0
2018-08-16,106092.65,30013.0,76079.64,10,Bull,0
2018-08-17,106439.55,23296.43,83143.12,10,Bull,0
2018-08-20,106357.81,23296.43,83061.39,10,Bull,0
2018-08-21,106479.58,45396.92,61082.66,10,Bull,0
2018-08-22,106326.96,45022.03,61304.93,10,Bull,0
2018-08-23,105955.29,45022.03,60933.26,10,Bull,0
2018-08-24,106205.53,45022.03,61183.51,10,Bull,0
2018-08-27,105987.67,44752.3,61235.37,10,Bull,0
2018-08-28,106406.72,33302.27,73104.45,10,Bull,0
2018-08-29,106908.02,25593.39,81314.63,10,Bull,0
2018-08-30,106635.17,24814.18,81820.99,10,Bull,0
2018-08-31,106287.91,31397.5,74890.41,10,Bull,0
2018-09-04,106018.72,38023.11,67995.61,10,Bull,0
2018-09-05,106026.68,30491.78,75534.9,10,Bull,0
2018-09-06,105610.94,31027.59,74583.34,10,Bull,0
2018-09-07,105499.18,33972.53,71526.66,10,Bull,0
2018-09-10,105857.51,33323.25,72534.26,10,Bull,0
2018-09-11,105344.39,47622.61,57721.78,10,Bull,0
2018-09-12,105465.12,45837.77,59627.36,10,Bull,0
2018-09-13,105330.8,45541.42,59789.37,10,Bull,0
2018-09-14,105720.66,50905.45,54815.21,10,Bull,0
2018-09-17,105263.69,50998.31,54265.38,10,Bull,0
2018-09-18,105479.18,48151.95,57327.23,10,Bull,0
2018-09-19,105307.13,47583.25,57723.88,10,Bull,0
2018-09-20,105822.08,47583.25,58238.83,10,Bull,0
2018-09-21,106075.57,47583.25,58492.33,10,Bull,0
2018-09-24,105238.3,46267.16,58971.14,10,Bull,0
2018-09-25,105290.45,46267.16,59023.28,10,Bull,0
2018-09-26,104473.07,38352.74,66120.33,10,Bull,0
2018-09-27,104600.86,45414.42,59186.45,10,Bull,0
2018-09-28,104574.51,38556.7,66017.82,10,Bull,0
2018-10-01,104095.45,34607.74,69487.71,10,Bull,0
2018-10-02,103973.81,28878.43,75095.38,10,Bull,0
2018-10-03,103845.97,15492.91,88353.06,10,Bull,0
2018-10-04,103583.48,34631.99,68951.49,10,Bull,0
2018-10-05,103353.45,36766.07,66587.39,10,Bull,0
2018-10-08,104651.32,29272.46,75378.86,10,Bull,0
2018-10-09,104609.1,28720.35,75888.75,10,Bull,0
2018-10-10,101712.88,52004.48,49708.4,10,Bull,0
2018-10-11,100633.28,60186.53,40446.75,10,Sideways,0
2018-10-12,101242.52,84948.7,16293.82,6,Bull,0
2018-10-15,101365.74,89902.75,11462.99,6,Bull,0
2018-10-16,101607.78,94355.91,7251.87,6,Bull,0
2018-10-17,101556.48,91841.36,9715.12,8,Bull,0
2018-10-18,101489.74,95958.82,5530.92,7,Bull,0
2018-10-19,101474.36,98631.2,2843.16,6,Bull,0
2018-10-22,101460.42,99683.42,1777.01,6,Bull,0
2018-10-23,101431.93,101017.29,414.64,3,Sideways,0
2018-10-24,100627.8,83846.75,16781.05,10,Sideways,0
2018-10-25,101052.4,86747.72,14304.67,10,Sideways,0
2018-10-26,100891.78,90101.04,10790.74,10,Sideways,0
2018-10-29,100919.87,89434.84,11485.03,10,Sideways,0
2018-10-30,101067.81,93033.83,8033.98,10,Sideways,0
2018-10-31,101016.93,94004.33,7012.6,10,Sideways,0
2018-11-01,101170.47,97673.23,3497.24,10,Sideways,0
2018-11-02,101135.69,98761.76,2373.94,10,Sideways,0
2018-11-05,101141.54,99973.1,1168.44,10,Sideways,0
2018-11-06,101152.14,100574.21,577.93,10,Bull,0
2018-11-07,101193.77,100311.34,882.43,2,Bull,0
2018-11-08,101174.89,100689.78,485.11,2,Bull,0
2018-11-09,101165.89,101125.28,40.61,1,Bull,0
2018-11-12,101165.74,101143.6,22.14,1,Sideways,0
2018-11-13,101166.16,101152.81,13.36,1,Sideways,0
2018-11-14,100110.0,80469.39,19640.61,10,Sideways,0
2018-11-15,100649.07,81556.1,19092.97,10,Sideways,0
2018-11-16,100795.66,89223.02,11572.64,10,Sideways,0
2018-11-19,100707.87,94017.21,6690.66,10,Sideways,0
2018-11-20,100616.52,96217.66,4398.87,10,Sideways,0
2018-11-21,100680.02,96250.26,4429.77,10,Sideways,0
2018-11-23,100710.18,96388.38,4321.8,10,Sideways,0
2018-11-26,100799.16,97764.84,3034.32,10,Sideways,0
2018-11-27,100804.58,98691.91,2112.66,10,Sideways,0
2018-11-28,100871.34,99430.18,1441.16,10,Bull,0
2018-11-29,100866.24,69714.56,31151.68,10,Sideways,0
2018-11-30,100906.01,83302.72,17603.29,8,Bull,0
2018-12-03,100804.22,91046.74,9757.48,7,Bull,0
2018-12-04,100557.3,96917.7,3639.59,5,Sideways,0
2018-12-06,100532.51,99858.87,673.65,2,Sideways,0
2018-12-07,99878.11,81077.63,18800.48,10,Sideways,0
2018-12-10,100073.19,81230.48,18842.71,10,Sideways,0
2018-12-11,99969.42,87897.64,12071.78,10,Sideways,0
2018-12-12,99989.92,96205.4,3784.52,6,Bear,0
2018-12-13,99994.11,97616.92,2377.19,6,Bear,0
2018-12-14,99946.18,99362.97,583.2,3,Bear,0
2018-12-17,99939.49,99655.9,283.59,2,Bear,0
2018-12-18,99938.63,99767.35,171.28,2,Bear,0
2018-12-19,99937.13,99833.12,104.0,2,Bear,0
2018-12-20,99934.86,99909.59,25.27,1,Bear,0
2018-12-21,99934.86,99934.86,0.0,0,Crisis,1
2018-12-24,99934.86,99934.86,0.0,0,Crisis,2
2018-12-26,99934.86,99934.86,0.0,0,Crisis,3
2018-12-27,99934.86,99934.86,0.0,0,Bear,0
2018-12-28,99934.86,99934.86,0.0,0,Bear,0
2018-12-31,99934.86,99934.86,0.0,0,Bear,0
2019-01-02,99934.86,99934.86,0.0,0,Bear,0
2019-01-03,99934.86,99934.86,0.0,0,Bear,0
2019-01-04,99934.86,99934.86,0.0,0,Bear,0
2019-01-07,99934.86,99934.86,0.0,0,Bear,0
2019-01-08,99934.86,99934.86,0.0,0,Bear,0
2019-01-09,99934.86,99934.86,0.0,0,Bear,0
2019-01-10,99934.86,99934.86,0.0,0,Bear,0
2019-01-11,99934.86,99934.86,0.0,0,Bear,0
2019-01-14,99934.86,99934.86,0.0,0,Bear,0
2019-01-15,99934.86,99934.86,0.0,0,Bear,0
2019-01-16,99934.86,99934.86,0.0,0,Bear,0
2019-01-17,99934.86,99934.86,0.0,0,Bear,0
2019-01-18,99934.86,99934.86,0.0,0,Bear,0
2019-01-22,99934.86,99934.86,0.0,0,Bear,0
2019-01-23,99934.86,99934.86,0.0,0,Bear,0
2019-01-24,99934.86,99934.86,0.0,0,Bear,0
2019-01-25,99934.86,99934.86,0.0,0,Bear,0
2019-01-28,99934.86,99934.86,0.0,0,Bear,0
2019-01-29,99934.86,99934.86,0.0,0,Bear,0
2019-01-30,99934.86,99934.86,0.0,0,Bear,0
2019-01-31,99934.86,99934.86,0.0,0,Bear,0
2019-02-01,99934.86,99934.86,0.0,0,Bear,0
2019-02-04,99934.86,99934.86,0.0,0,Sideways,0
2019-02-05,99934.86,99934.86,0.0,0,Sideways,0
2019-02-06,99618.69,41932.53,57686.16,10,Sideways,0
2019-02-07,99240.9,75832.02,23408.88,3,Bear,0
2019-02-08,99485.96,75832.02,23653.94,3,Bear,0
2019-02-11,99587.44,75832.02,23755.42,3,Bear,0
2019-02-12,99622.82,75832.02,23790.81,3,Sideways,0
2019-02-13,99513.94,42858.73,56655.21,10,Sideways,0
2019-02-14,99446.32,42265.48,57180.84,10,Sideways,0
2019-02-15,99898.38,42265.48,57632.9,10,Sideways,0
2019-02-19,99719.54,42265.48,57454.05,10,Sideways,0
2019-02-20,99981.05,40490.22,59490.83,10,Sideways,0
2019-02-21,100778.84,36495.62,64283.22,10,Sideways,0
2019-02-22,100613.84,37127.51,63486.33,10,Sideways,0
2019-02-25,100714.9,37127.51,63587.39,10,Sideways,0
2019-02-26,100442.18,37127.51,63314.67,10,Sideways,0
2019-02-27,100232.84,37127.51,63105.33,10,Sideways,0
2019-02-28,100221.13,27349.77,72871.36,10,Sideways,0
2019-03-01,100071.95,27283.3,72788.65,10,Sideways,0
2019-03-04,99979.18,25962.79,74016.39,10,Sideways,0
2019-03-05,99952.42,25962.79,73989.62,10,Sideways,0
2019-03-06,99313.07,25962.79,73350.28,10,Sideways,0
2019-03-07,98530.33,32844.66,65685.67,10,Sideways,0
2019-03-08,98249.41,32424.32,65825.09,10,Sideways,0
2019-03-11,99063.32,34303.58,64759.74,10,Sideways,0
2019-03-12,99141.94,34303.58,64838.37,10,Sideways,0
2019-03-13,99546.37,34303.58,65242.8,10,Sideways,0
2019-03-14,99410.31,54236.01,45174.3,10,Sideways,0
2019-03-15,99526.9,54236.01,45290.89,10,Sideways,0
2019-03-18,99181.94,53636.32,45545.63,10,Sideways,0
2019-03-19,99104.39,47540.87,51563.52,10,Sideways,0
2019-03-20,98795.2,38527.59,60267.61,10,Sideways,0
2019-03-21,101056.84,28963.94,72092.9,10,Sideways,0
2019-03-22,100505.32,28010.83,72494.49,10,Sideways,0
2019-03-25,100975.89,28010.83,72965.06,10,Sideways,0
2019-03-26,101498.48,28010.83,73487.65,10,Bull,0
2019-03-27,101038.34,33088.01,67950.33,9,Bull,0
2019-03-28,101163.39,52104.67,49058.72,7,Bull,0
2019-03-29,101715.21,63905.12,37810.09,6,Bull,0
2019-04-01,102992.03,63905.12,39086.91,6,Bull,0
2019-04-02,103099.27,63905.12,39194.14,6,Bull,0
2019-04-03,103272.32,63905.12,39367.19,6,Bull,0
2019-04-04,103168.86,2180.89,100987.98,10,Bull,0
2019-04-05,104582.8,3293.61,101289.19,10,Bull,0
2019-04-08,104730.04,3293.61,101436.44,10,Bull,0
2019-04-09,103405.7,2735.27,100670.43,10,Bull,0
2019-04-10,104595.51,2735.27,101860.25,10,Bull,0
2019-04-11,105720.62,-2777.91,108498.53,10,Bull,0
2019-04-12,106008.95,5643.97,100364.98,10,Bull,0
2019-04-15,105856.45,1769.3,104087.15,10,Bull,0
2019-04-16,106177.57,1769.3,104408.27,10,Bull,0
2019-04-17,106439.16,1769.3,104669.86,10,Bull,0
2019-04-18,105924.95,3464.13,102460.82,10,Bull,0
2019-04-22,106192.26,-712.78,106905.04,10,Bull,0
2019-04-23,106565.06,-172.35,106737.41,10,Bull,0
2019-04-24,107111.76,-172.35,107284.11,10,Bull,0
2019-04-25,106906.47,319.86,106586.61,10,Bull,0
2019-04-26,108436.52,-1781.53,110218.05,10,Bull,0
2019-04-29,108330.7,4670.01,103660.68,10,Bull,0
2019-04-30,107712.19,4670.01,103042.18,10,Bull,0
2019-05-01,106598.42,-1693.95,108292.37,10,Bull,0
2019-05-02,106521.95,3380.84,103141.12,10,Bull,0
2019-05-03,109324.3,5258.2,104066.09,10,Bull,0
2019-05-06,108809.72,10065.13,98744.59,10,Bull,0
2019-05-07,107086.62,10469.96,96616.67,10,Bull,0
2019-05-08,106414.0,11638.33,94775.66,10,Bull,0
2019-05-09,106873.09,7222.46,99650.63,10,Bull,0
2019-05-10,106714.24,33612.7,73101.55,10,Bull,0
2019-05-13,104497.63,51838.7,52658.93,10,Bull,0
2019-05-14,105384.96,51838.7,53546.26,10,Bull,0
2019-05-15,105648.08,52384.83,53263.25,10,Bull,0
2019-05-16,105712.71,54619.65,51093.07,10,Bull,0
2019-05-17,105489.21,60660.06,44829.15,10,Bull,0
2019-05-20,105244.77,62163.44,43081.33,10,Bull,0
2019-05-21,105890.61,64730.38,41160.23,10,Bull,0
2019-05-22,105591.13,65770.76,39820.38,10,Bull,0
2019-05-23,104737.95,68647.28,36090.67,10,Bull,0
2019-05-24,104335.56,65296.32,39039.24,10,Bull,0
2019-05-28,103566.74,54012.64,49554.1,10,Bull,0
2019-05-29,102830.91,79806.88,23024.03,5,Bull,0
2019-05-30,102863.84,94666.94,8196.9,2,Bull,0
2019-05-31,102838.36,95671.42,7166.94,2,Sideways,0
2019-06-03,103104.44,59187.99,43916.46,10,Sideways,0
2019-06-04,103750.15,70216.97,33533.18,9,Bull,0
2019-06-05,103626.28,79303.83,24322.45,8,Bull,0
2019-06-06,103741.1,84031.89,19709.2,8,Bull,0
2019-06-07,103915.63,88191.77,15723.85,8,Bull,0
2019-06-10,103582.53,81263.62,22318.91,6,Bull,0
2019-06-11,103479.06,95643.2,7835.86,3,Bull,0
2019-06-12,103459.45,97484.94,5974.51,2,Bull,0
2019-06-13,103519.17,97620.26,5898.91,2,Bull,0
2019-06-14,103476.7,97620.26,5856.44,2,Bull,0
2019-06-17,103332.34,78066.0,25266.34,4,Bull,0
2019-06-18,103471.5,88104.42,15367.08,3,Bull,0
2019-06-19,102997.73,98919.54,4078.19,1,Bull,0
2019-06-20,103051.12,98919.54,4131.58,1,Bull,0
2019-06-21,103049.99,98919.54,4130.45,1,Bull,0
2019-06-24,102867.46,90705.88,12161.58,2,Bull,0
2019-06-25,103050.85,92705.54,10345.31,1,Bull,0
2019-06-26,102904.64,92705.54,10199.1,1,Bull,0
2019-06-27,102703.81,102703.81,0.0,0,Bull,0
2019-06-28,102703.81,102703.81,0.0,0,Bull,0
2019-07-01,102846.12,60788.51,42057.62,8,Bull,0
2019-07-02,102839.17,70361.42,32477.74,5,Bull,0
2019-07-03,103140.91,70361.42,32779.49,5,Bull,0
2019-07-05,102977.89,70361.42,32616.47,5,Bull,0
2019-07-08,102814.75,70361.42,32453.32,5,Bull,0
2019-07-09,102778.83,53674.68,49104.16,9,Bull,0
2019-07-10,103277.26,55745.24,47532.01,8,Bull,0
2019-07-11,103238.2,55745.24,47492.95,8,Bull,0
2019-07-12,103356.29,55745.24,47611.05,8,Bull,0
2019-07-15,102877.65,59412.33,43465.32,7,Bull,0
2019-07-16,102290.73,59813.15,42477.58,9,Bull,0
2019-07-17,101832.56,62473.86,39358.7,8,Bull,0
2019-07-18,101777.36,70010.38,31766.98,6,Bull,0
2019-07-19,101687.35,77022.23,24665.11,5,Bull,0
2019-07-22,101679.56,77022.23,24657.33,5,Bull,0
2019-07-23,101956.75,57211.72,44745.02,9,Bull,0
2019-07-24,102406.96,57211.72,45195.24,9,Bull,0
2019-07-25,102550.46,59739.76,42810.69,8,Bull,0
2019-07-26,102867.59,59739.76,43127.83,8,Bull,0
2019-07-29,103027.6,59739.76,43287.84,8,Bull,0
2019-07-30,103097.57,39107.52,63990.05,10,Bull,0
2019-07-31,102133.01,67069.28,35063.73,6,Bull,0
2019-08-01,101700.62,90160.2,11540.42,2,Bull,0
2019-08-02,101538.47,90160.2,11378.27,2,Bull,0
2019-08-05,101045.29,101045.29,0.0,0,Bull,0
2019-08-06,102301.48,41672.05,60629.43,10,Bull,0
2019-08-07,102849.28,42527.75,60321.53,10,Bull,0
2019-08-08,103474.93,51808.17,51666.76,10,Bull,0
2019-08-09,102799.82,57686.11,45113.71,10,Bull,0
2019-08-12,102280.03,65202.55,37077.48,10,Bull,0
2019-08-13,102619.7,94104.88,8514.81,3,Bull,0
2019-08-14,102383.17,96715.78,5667.39,3,Bull,0
2019-08-15,102392.83,99652.61,2740.22,2,Bull,0
2019-08-16,102420.08,100582.9,1837.18,2,Bull,0
2019-08-19,102438.0,101229.93,1208.07,2,Bull,0
2019-08-20,102443.71,91862.42,10581.29,3,Bull,0
2019-08-21,102568.0,95568.5,6999.5,3,Bull,0
2019-08-22,102577.88,98697.04,3880.84,2,Bull,0
2019-08-23,102532.53,100156.56,2375.98,2,Bull,0
2019-08-26,102559.72,101097.03,1462.69,2,Bull,0
2019-08-27,101937.4,99053.9,2883.5,1,Bull,0
2019-08-28,102216.82,102216.82,0.0,0,Bull,0
2019-08-29,102216.82,102216.82,0.0,0,Bull,0
2019-08-30,102216.82,102216.82,0.0,0,Bull,0
2019-09-03,102216.82,102216.82,0.0,0,Bull,0
2019-09-04,102375.8,91141.33,11234.47,3,Bull,0
2019-09-05,102125.62,97915.33,4210.3,2,Bull,0
2019-09-06,102163.87,99054.52,3109.34,2,Bull,0
2019-09-09,102175.33,99860.9,2314.43,2,Bull,0
2019-09-10,102199.45,100405.01,1794.44,2,Bull,0
2019-09-11,102303.87,80865.47,21438.39,6,Bull,0
2019-09-12,102434.49,80865.47,21569.01,6,Bull,0
2019-09-13,102380.19,80865.47,21514.71,6,Bull,0
2019-09-16,102278.91,80865.47,21413.43,6,Bull,0
2019-09-17,102687.66,80865.47,21822.19,6,Bull,0
2019-09-18,102365.91,94302.6,8063.31,1,Bull,0
2019-09-19,102256.58,102256.58,0.0,0,Bull,0
2019-09-20,102256.58,102256.58,0.0,0,Bull,0
2019-09-23,102256.58,102256.58,0.0,0,Bull,0
2019-09-24,102256.58,102256.58,0.0,0,Bull,0
2019-09-25,102295.94,99126.07,3169.87,1,Bull,0
2019-09-26,102239.23,99126.07,3113.16,1,Bull,0
2019-09-27,102162.64,102162.64,0.0,0,Bull,0
2019-09-30,102162.64,102162.64,0.0,0,Bull,0
2019-10-01,102162.64,102162.64,0.0,0,Bull,0
2019-10-02,102041.57,85434.84,16606.74,3,Bull,0
2019-10-03,102151.37,89170.08,12981.29,2,Bull,0
2019-10-04,102271.64,89170.08,13101.56,2,Bull,0
2019-10-07,102233.42,89170.08,13063.34,2,Bull,0
2019-10-08,102313.6,89170.08,13143.52,2,Bull,0
2019-10-09,102279.31,93775.72,8503.59,2,Bull,0
2019-10-10,102366.77,93775.72,8591.05,2,Bull,0
2019-10-11,102419.72,93775.72,8644.0,2,Bull,0
2019-10-14,102291.08,93775.72,8515.36,2,Bull,0
2019-10-15,102325.86,99671.92,2653.94,1,Bull,0
2019-10-16,102219.11,74173.7,28045.4,4,Bull,0
2019-10-17,102510.65,74173.7,28336.95,4,Bull,0
2019-10-18,102271.08,78517.6,23753.48,3,Bull,0
2019-10-21,102197.36,78517.6,23679.76,3,Bull,0
2019-10-22,101961.43,85589.8,16371.63,2,Bull,0
2019-10-23,102296.25,77368.45,24927.81,5,Bull,0
2019-10-24,103305.77,77368.45,25937.32,5,Bull,0
2019-10-25,104129.29,77368.45,26760.84,5,Bull,0
2019-10-28,104314.16,77368.45,26945.71,5,Bull,0
2019-10-29,104114.97,77368.45,26746.52,5,Bull,0
2019-10-30,104299.31,55838.62,48460.69,4,Bull,0
2019-10-31,105981.35,66489.46,39491.89,3,Bull,0
2019-11-01,106589.57,66489.46,40100.11,3,Bull,0
2019-11-04,107179.71,66489.46,40690.25,3,Bull,0
2019-11-05,106785.19,66489.46,40295.73,3,Bull,0
2019-11-06,107791.57,50518.58,57272.98,5,Bull,0
2019-11-07,108266.8,50518.58,57748.22,5,Bull,0
2019-11-08,108156.56,50518.58,57637.98,5,Bull,0
2019-11-11,107844.92,50518.58,57326.34,5,Bull,0
2019-11-12,108058.55,50518.58,57539.97,5,Bull,0
2019-11-13,108883.3,27564.2,81319.1,7,Bull,0
2019-11-14,108261.58,40156.45,68105.12,6,Bull,0
2019-11-15,109448.98,40156.45,69292.52,6,Bull,0
2019-11-18,110337.08,40156.45,70180.63,6,Bull,0
2019-11-19,110648.18,46592.13,64056.05,5,Bull,0
2019-11-20,109871.66,37274.86,72596.79,6,Bull,0
2019-11-21,109398.72,69687.83,39710.9,3,Bull,0
2019-11-22,109153.96,82547.69,26606.27,2,Bull,0
2019-11-25,109157.21,82547.69,26609.53,2,Bull,0
2019-11-26,109152.33,82547.69,26604.64,2,Bull,0
2019-11-27,110142.03,-3077.03,113219.06,10,Bull,0
2019-11-29,109397.47,-3077.03,112474.5,10,Bull,0
2019-12-02,109023.0,-3399.31,112422.31,10,Bull,0
2019-12-03,108557.23,11671.46,96885.77,8,Bull,0
2019-12-04,108936.23,11671.46,97264.77,8,Bull,0
2019-12-05,108348.44,-5667.41,114015.85,10,Bull,0
2019-12-06,108686.27,243.8,108442.47,10,Bull,0
2019-12-09,108557.73,243.8,108313.92,10,Bull,0
2019-12-10,108319.41,243.8,108075.61,10,Bull,0
2019-12-11,108706.19,243.8,108462.39,10,Bull,0
2019-12-12,111319.99,4589.49,106730.49,10,Bull,0
2019-12-13,110791.59,1914.73,108876.86,10,Bull,0
2019-12-16,113329.97,1914.73,111415.24,10,Bull,0
2019-12-17,113207.65,1914.73,111292.92,10,Bull,0
2019-12-18,114559.58,1914.73,112644.85,10,Bull,0
2019-12-19,115515.57,34967.9,80547.67,6,Bull,0
2019-12-20,115809.69,48466.45,67343.24,5,Bull,0
2019-12-23,115719.74,48466.45,67253.28,5,Bull,0
2019-12-24,115841.17,48466.45,67374.72,5,Bull,0
2019-12-26,115825.9,48466.45,67359.44,5,Bull,0
2019-12-27,115366.33,24153.08,91213.25,8,Bull,0
2019-12-30,114588.94,69841.86,44747.08,4,Bull,0
2019-12-31,114660.38,69841.86,44818.51,4,Bull,0
2020-01-02,114481.13,69841.86,44639.27,4,Bull,0
2020-01-03,114316.51,69841.86,44474.65,4,Bull,0
2020-01-06,115152.19,11639.22,103512.97,10,Bull,0
2020-01-07,115857.3,18088.39,97768.91,10,Bull,0
2020-01-08,115765.41,9687.84,106077.57,10,Bull,0
2020-01-09,116147.64,9687.84,106459.8,10,Bull,0
2020-01-10,115925.36,9687.84,106237.51,10,Bull,0
2020-01-13,120046.79,-3103.11,123149.89,10,Bull,0
2020-01-14,121129.95,-3103.11,124233.06,10,Bull,0
2020-01-15,122480.03,-3103.11,125583.14,10,Bull,0
2020-01-16,123417.96,-3103.11,126521.07,10,Bull,0
2020-01-17,124551.19,-3103.11,127654.3,10,Bull,0
2020-01-21,124368.76,-61.86,124430.62,10,Bull,0
2020-01-22,125438.94,-1708.83,127147.76,10,Bull,0
2020-01-23,125744.36,-2737.41,128481.77,10,Bull,0
2020-01-24,124944.47,-2737.41,127681.87,10,Bull,0
2020-01-27,122827.79,5217.36,117610.43,10,Bull,0
2020-01-28,124483.89,2075.06,122408.83,10,Bull,0
2020-01-29,124794.32,2075.06,122719.26,10,Bull,0
2020-01-30,124824.39,801.77,124022.62,10,Bull,0
2020-01-31,122480.03,25662.5,96817.53,10,Bull,0
2020-02-03,125906.26,25706.37,100199.89,10,Bull,0
2020-02-04,126046.13,61137.49,64908.65,8,Bull,0
2020-02-05,127139.45,72863.33,54276.12,8,Bull,0
2020-02-06,127070.4,82280.16,44790.24,8,Bull,0
2020-02-07,126642.57,90115.92,36526.65,8,Bull,0
2020-02-10,126611.39,96804.22,29807.17,8,Bull,0
2020-02-11,126833.47,72374.83,54458.64,5,Bull,0
2020-02-12,126993.39,92147.16,34846.23,4,Bull,0
2020-02-13,126856.95,103936.96,22919.99,3,Bull,0
2020-02-14,126602.96,107657.16,18945.8,3,Bull,0
2020-02-18,126502.82,110785.56,15717.26,3,Bull,0
2020-02-19,127479.73,80956.67,46523.07,5,Bull,0
2020-02-20,127428.57,97199.13,30229.44,4,Bull,0
2020-02-21,127393.64,107029.79,20363.86,3,Bull,0
2020-02-24,126864.75,119592.98,7271.77,2,Bull,0
2020-02-25,126832.96,122828.38,4004.58,2,Bull,0
2020-02-26,126651.68,126651.68,0.0,0,Bull,0
2020-02-27,126651.68,126651.68,0.0,0,Crisis,1
2020-02-28,126651.68,126651.68,0.0,0,Crisis,2
2020-03-02,126651.68,126651.68,0.0,0,Crisis,3
2020-03-03,126651.68,126651.68,0.0,0,Crisis,4
2020-03-04,126651.68,126651.68,0.0,0,Crisis,5
2020-03-05,126651.68,126651.68,0.0,0,Crisis,6
2020-03-06,126651.68,126651.68,0.0,0,Crisis,7
2020-03-09,126651.68,126651.68,0.0,0,Crisis,8
2020-03-10,126651.68,126651.68,0.0,0,Crisis,9
2020-03-11,126651.68,126651.68,0.0,0,Crisis,10
2020-03-12,126651.68,126651.68,0.0,0,Crisis,11
2020-03-13,126651.68,126651.68,0.0,0,Crisis,12
2020-03-16,126651.68,126651.68,0.0,0,Crisis,13
2020-03-17,126651.68,126651.68,0.0,0,Crisis,14
2020-03-18,126651.68,126651.68,0.0,0,Crisis,15
2020-03-19,126651.68,126651.68,0.0,0,Crisis,16
2020-03-20,126651.68,126651.68,0.0,0,Crisis,17
2020-03-23,126651.68,126651.68,0.0,0,Crisis,18
2020-03-24,126651.68,126651.68,0.0,0,Crisis,19
2020-03-25,126651.68,126651.68,0.0,0,Crisis,20
2020-03-26,126651.68,126651.68,0.0,0,Crisis,21
2020-03-27,126651.68,126651.68,0.0,0,Crisis,22
2020-03-30,126651.68,126651.68,0.0,0,Crisis,23
2020-03-31,126651.68,126651.68,0.0,0,Crisis,24
2020-04-01,126651.68,126651.68,0.0,0,Crisis,25
2020-04-02,126651.68,126651.68,0.0,0,Crisis,26
2020-04-03,126651.68,126651.68,0.0,0,Crisis,27
2020-04-06,126651.68,126651.68,0.0,0,Crisis,28
2020-04-07,126651.68,126651.68,0.0,0,Crisis,29
2020-04-08,126651.68,126651.68,0.0,0,Crisis,30
2020-04-09,126651.68,126651.68,0.0,0,Crisis,31
2020-04-13,126651.68,126651.68,0.0,0,Crisis,32
2020-04-14,126651.68,126651.68,0.0,0,Crisis,33
2020-04-15,126651.68,126651.68,0.0,0,Crisis,34
2020-04-16,126651.68,126651.68,0.0,0,Crisis,35
2020-04-17,126651.68,126651.68,0.0,0,Crisis,36
2020-04-20,126651.68,126651.68,0.0,0,Crisis,37
2020-04-21,126651.68,126651.68,0.0,0,Crisis,38
2020-04-22,126651.68,126651.68,0.0,0,Crisis,39
2020-04-23,126651.68,126651.68,0.0,0,Crisis,40
2020-04-24,126651.68,126651.68,0.0,0,Crisis,41
2020-04-27,126651.68,126651.68,0.0,0,Crisis,42
2020-04-28,126651.68,126651.68,0.0,0,Crisis,43
2020-04-29,126651.68,126651.68,0.0,0,Crisis,44
2020-04-30,126651.68,126651.68,0.0,0,Crisis,45
2020-05-01,126651.68,126651.68,0.0,0,Crisis,46
2020-05-04,126651.68,126651.68,0.0,0,Crisis,47
2020-05-05,126651.68,126651.68,0.0,0,Crisis,48
2020-05-06,126651.68,126651.68,0.0,0,Crisis,49
2020-05-07,126651.68,126651.68,0.0,0,Crisis,50
2020-05-08,126651.68,126651.68,0.0,0,Bear,0
2020-05-11,126651.68,126651.68,0.0,0,Bear,0
2020-05-12,126651.68,126651.68,0.0,0,Crisis,1
2020-05-13,126651.68,126651.68,0.0,0,Crisis,2
2020-05-14,126651.68,126651.68,0.0,0,Crisis,3
2020-05-15,126651.68,126651.68,0.0,0,Crisis,4
2020-05-18,126651.68,126651.68,0.0,0,Bear,0
2020-05-19,126651.68,126651.68,0.0,0,Crisis,1
2020-05-20,126651.68,126651.68,0.0,0,Bear,0
2020-05-21,126651.68,126651.68,0.0,0,Bear,0
2020-05-22,126651.68,126651.68,0.0,0,Bear,0
2020-05-26,126651.68,126651.68,0.0,0,Sideways,0
2020-05-27,126651.68,126651.68,0.0,0,Sideways,0
2020-05-28,126651.68,126651.68,0.0,0,Sideways,0
2020-05-29,126610.47,94842.0,31768.47,4,Sideways,0
2020-06-01,127062.31,102014.1,25048.21,3,Sideways,0
2020-06-02,126538.18,114193.18,12345.0,2,Sideways,0
2020-06-03,126731.53,114193.18,12538.35,2,Sideways,0
2020-06-04,126451.93,114193.18,12258.75,2,Sideways,0
2020-06-05,126748.82,101414.54,25334.28,2,Sideways,0
2020-06-08,127477.05,101414.54,26062.52,2,Sideways,0
2020-06-09,127142.03,113711.06,13430.97,1,Sideways,0
2020-06-10,127508.52,113711.06,13797.46,1,Sideways,0
2020-06-11,127607.19,127607.19,0.0,0,Crisis,1
2020-06-12,127607.19,127607.19,0.0,0,Crisis,2
2020-06-15,127607.19,127607.19,0.0,0,Crisis,3
2020-06-16,127607.19,127607.19,0.0,0,Crisis,4
2020-06-17,127607.19,127607.19,0.0,0,Crisis,5
2020-06-18,127607.19,127607.19,0.0,0,Crisis,6
2020-06-19,127607.19,127607.19,0.0,0,Crisis,7
2020-06-22,127607.19,127607.19,0.0,0,Crisis,8
2020-06-23,127607.19,127607.19,0.0,0,Crisis,9
2020-06-24,127607.19,127607.19,0.0,0,Crisis,10
2020-06-25,127607.19,127607.19,0.0,0,Crisis,11
2020-06-26,127607.19,127607.19,0.0,0,Crisis,12
2020-06-29,127607.19,127607.19,0.0,0,Crisis,13
2020-06-30,127607.19,127607.19,0.0,0,Crisis,14
2020-07-01,127607.19,127607.19,0.0,0,Sideways,0
2020-07-02,127607.19,127607.19,0.0,0,Sideways,0
2020-07-06,127250.08,82133.19,45116.89,10,Bull,0
2020-07-07,127267.81,82697.7,44570.1,10,Bull,0
2020-07-08,127626.16,91725.91,35900.26,10,Bull,0
2020-07-09,127369.21,98103.6,29265.61,10,Bull,0
2020-07-10,127438.05,98103.6,29334.45,10,Bull,0
2020-07-13,127674.94,127674.94,0.0,0,Crisis,1
2020-07-14,127674.94,127674.94,0.0,0,Bull,0
2020-07-15,127674.94,127674.94,0.0,0,Bull,0
2020-07-16,127674.94,127674.94,0.0,0,Bull,0
2020-07-17,127674.94,127674.94,0.0,0,Bull,0
2020-07-20,131279.83,1985.25,129294.58,10,Bull,0
2020-07-21,129806.59,1985.25,127821.34,10,Bull,0
2020-07-22,130598.57,1985.25,128613.32,10,Bull,0
2020-07-23,128773.2,8001.8,120771.4,10,Bull,0
2020-07-24,127197.21,9181.04,118016.16,10,Bull,0
2020-07-27,130567.28,18614.38,111952.9,10,Bull,0
2020-07-28,128910.4,11551.72,117358.69,10,Bull,0
2020-07-29,130909.57,11551.72,119357.86,10,Bull,0
2020-07-30,130577.53,13619.97,116957.56,10,Bull,0
2020-07-31,131134.95,8676.4,122458.55,10,Bull,0
2020-08-03,133709.72,498.85,133210.86,10,Bull,0
2020-08-04,134555.71,498.85,134056.86,10,Bull,0
2020-08-05,135065.06,498.85,134566.21,10,Bull,0
2020-08-06,135452.5,-772.52,136225.01,10,Bull,0
2020-08-07,136422.35,-772.52,137194.87,10,Bull,0
2020-08-10,134881.92,95.92,134786.01,10,Bull,0
2020-08-11,133173.37,-4186.73,137360.1,10,Bull,0
2020-08-12,134131.98,1698.74,132433.24,10,Bull,0
2020-08-13,134829.45,1698.74,133130.71,10,Bull,0
2020-08-14,135136.16,1698.74,133437.41,10,Bull,0
2020-08-17,135905.24,1263.3,134641.94,10,Bull,0
2020-08-18,137056.71,-3798.46,140855.17,10,Bull,0
2020-08-19,136199.9,-296.4,136496.3,9,Bull,0
2020-08-20,136043.32,-296.4,136339.72,9,Bull,0
2020-08-21,136167.8,-296.4,136464.21,9,Bull,0
2020-08-24,135366.5,595.52,134770.98,10,Bull,0
2020-08-25,135472.53,-6362.68,141835.21,10,Bull,0
2020-08-26,135514.83,309.1,135205.73,10,Bull,0
2020-08-27,135869.15,-87.68,135956.83,10,Bull,0
2020-08-28,137304.0,-87.68,137391.69,10,Bull,0
2020-08-31,139171.18,-19.84,139191.02,10,Bull,0
2020-09-01,139482.58,-651.33,140133.9,10,Bull,0
2020-09-02,138230.75,434.47,137796.28,10,Bull,0
2020-09-03,137297.86,137297.86,0.0,0,Crisis,1
2020-09-04,137297.86,137297.86,0.0,0,Crisis,2
2020-09-08,137297.86,137297.86,0.0,0,Crisis,3
2020-09-09,137297.86,137297.86,0.0,0,Bull,0
2020-09-10,137297.86,137297.86,0.0,0,Bull,0
2020-09-11,137297.86,137297.86,0.0,0,Bull,0
2020-09-14,137297.86,137297.86,0.0,0,Bull,0
2020-09-15,137176.15,387.53,136788.61,10,Bull,0
2020-09-16,137391.12,2169.75,135221.37,10,Bull,0
2020-09-17,136447.51,28411.94,108035.57,10,Bull,0
2020-09-18,135274.53,14889.38,120385.14,10,Bull,0
2020-09-21,133750.86,34014.8,99736.05,10,Bull,0
2020-09-22,133729.62,63917.37,69812.25,10,Bull,0
2020-09-23,131721.16,62123.2,69597.96,10,Bull,0
2020-09-24,131802.56,55956.35,75846.22,10,Bull,0
2020-09-25,132706.42,58135.59,74570.83,10,Bull,0
2020-09-28,134412.04,61521.46,72890.58,10,Bull,0
2020-09-29,134219.49,49502.72,84716.77,10,Bull,0
2020-09-30,135180.94,52607.32,82573.62,10,Bull,0
2020-10-01,135911.01,53252.82,82658.19,10,Bull,0
2020-10-02,135350.0,53252.82,82097.19,10,Bull,0
2020-10-05,136638.21,53252.82,83385.39,10,Bull,0
2020-10-06,134495.5,61585.49,72910.01,10,Bull,0
2020-10-07,135864.63,61585.49,74279.14,10,Bull,0
2020-10-08,136818.41,61585.49,75232.92,10,Bull,0
2020-10-09,137544.44,61585.49,75958.95,10,Bull,0
2020-10-12,138015.09,61585.49,76429.6,10,Bull,0
2020-10-13,136137.29,55219.15,80918.14,10,Bull,0
2020-10-14,136460.06,58111.01,78349.06,10,Bull,0
2020-10-15,136648.05,53335.3,83312.75,10,Bull,0
2020-10-16,136862.46,53335.3,83527.16,10,Bull,0
2020-10-19,135750.45,40124.6,95625.85,10,Bull,0
2020-10-20,135675.4,51841.71,83833.68,10,Bull,0
2020-10-21,135388.23,50448.6,84939.62,10,Bull,0
2020-10-22,136391.98,35154.41,101237.58,10,Bull,0
2020-10-23,137119.1,22509.56,114609.54,10,Bull,0
2020-10-26,135956.56,135956.56,0.0,0,Crisis,1
2020-10-27,135956.56,135956.56,0.0,0,Crisis,2
2020-10-28,135956.56,135956.56,0.0,0,Crisis,3
2020-10-29,135956.56,135956.56,0.0,0,Crisis,4
2020-10-30,135956.56,135956.56,0.0,0,Crisis,5
2020-11-02,135956.56,135956.56,0.0,0,Crisis,6
2020-11-03,135956.56,135956.56,0.0,0,Crisis,7
2020-11-04,135956.56,135956.56,0.0,0,Bull,0
2020-11-05,135956.56,135956.56,0.0,0,Bull,0
2020-11-06,135956.56,135956.56,0.0,0,Bull,0
2020-11-09,135956.56,135956.56,0.0,0,Bull,0
2020-11-10,137310.42,13192.67,124117.76,10,Bull,0
2020-11-11,138039.18,10130.33,127908.85,10,Bull,0
2020-11-12,136196.29,10776.08,125420.21,10,Bull,0
2020-11-13,139785.29,10776.08,129009.21,10,Bull,0
2020-11-16,141832.81,10776.08,131056.72,10,Bull,0
2020-11-17,143206.91,28976.81,114230.1,10,Bull,0
2020-11-18,141996.12,26768.2,115227.92,10,Bull,0
2020-11-19,143383.28,30301.79,113081.5,10,Bull,0
2020-11-20,142973.05,30301.79,112671.26,10,Bull,0
2020-11-23,143841.79,25149.52,118692.28,10,Bull,0
2020-11-24,146203.26,10188.64,136014.62,10,Bull,0
2020-11-25,145868.26,10188.64,135679.61,10,Bull,0
2020-11-27,145917.87,13848.75,132069.12,10,Bull,0
2020-11-30,146007.7,13281.28,132726.42,10,Bull,0
2020-12-01,148489.32,13281.28,135208.03,10,Bull,0
2020-12-02,147592.22,415.42,147176.8,10,Bull,0
2020-12-03,148417.51,-2780.37,151197.88,10,Bull,0
2020-12-04,151831.24,-2780.37,154611.61,10,Bull,0
2020-12-07,151867.08,-2780.37,154647.45,10,Bull,0
2020-12-08,151421.6,-2780.37,154201.97,10,Bull,0
2020-12-09,150605.24,-882.09,151487.33,10,Bull,0
2020-12-10,150867.39,2691.03,148176.35,10,Bull,0
2020-12-11,149211.11,-6333.66,155544.77,10,Bull,0
2020-12-14,148617.52,-4352.84,152970.37,10,Bull,0
2020-12-15,150311.0,-4352.84,154663.85,10,Bull,0
2020-12-16,149082.02,-1103.1,150185.13,9,Bull,0
2020-12-17,150912.04,-1559.04,152471.08,9,Bull,0
2020-12-18,150940.7,-1254.11,152194.81,10,Bull,0
2020-12-21,151159.08,3190.84,147968.24,10,Bull,0
2020-12-22,150473.51,2450.63,148022.89,10,Bull,0
2020-12-23,151109.8,19771.92,131337.88,10,Bull,0
2020-12-24,151269.97,6423.53,144846.44,10,Bull,0
2020-12-28,150799.12,6423.53,144375.58,10,Bull,0
2020-12-29,150147.0,3802.09,146344.91,10,Bull,0
2020-12-30,151492.62,3802.09,147690.53,10,Bull,0
2020-12-31,154679.49,1261.52,153417.97,10,Bull,0
2021-01-04,152341.4,336.73,152004.68,10,Bull,0
2021-01-05,154127.39,-803.71,154931.1,10,Bull,0
2021-01-06,155881.06,-803.71,156684.78,10,Bull,0
2021-01-07,158417.36,-803.71,159221.08,10,Bull,0
2021-01-08,160773.12,3989.17,156783.95,10,Bull,0
2021-01-11,159303.56,-288.08,159591.64,10,Bull,0
2021-01-12,158875.03,-288.08,159163.11,10,Bull,0
2021-01-13,157768.31,981.45,156786.86,10,Bull,0
2021-01-14,158666.89,12007.49,146659.4,10,Bull,0
2021-01-15,157050.32,468.57,156581.75,10,Bull,0
2021-01-19,156320.55,10929.65,145390.9,10,Bull,0
2021-01-20,156614.87,10929.65,145685.22,10,Bull,0
2021-01-21,155575.41,11622.05,143953.36,10,Bull,0
2021-01-22,154707.42,18146.37,136561.05,10,Bull,0
2021-01-25,154595.04,28466.51,126128.52,10,Bull,0
2021-01-26,154989.96,33341.91,121648.05,10,Bull,0
2021-01-27,153853.71,140900.25,12953.45,1,Crisis,1
2021-01-28,153638.58,153638.58,0.0,0,Crisis,2
2021-01-29,153638.58,153638.58,0.0,0,Crisis,3
2021-02-01,153638.58,153638.58,0.0,0,Crisis,4
2021-02-02,153638.58,153638.58,0.0,0,Bull,0
2021-02-03,153638.58,153638.58,0.0,0,Bull,0
2021-02-04,153638.58,153638.58,0.0,0,Bull,0
2021-02-05,153638.58,153638.58,0.0,0,Bull,0
2021-02-08,154724.93,63985.32,90739.61,10,Bull,0
2021-02-09,154908.58,63985.32,90923.25,10,Bull,0
2021-02-10,155347.62,63985.32,91362.3,10,Bull,0
2021-02-11,155251.22,63985.32,91265.9,10,Bull,0
2021-02-12,156955.75,63985.32,92970.43,10,Bull,0
2021-02-16,156381.11,50144.56,106236.54,10,Bull,0
2021-02-17,157846.14,56176.66,101669.48,10,Bull,0
2021-02-18,157402.6,54908.21,102494.39,10,Bull,0
2021-02-19,157753.81,54908.21,102845.6,10,Bull,0
2021-02-22,157982.97,54908.21,103074.76,10,Bull,0
2021-02-23,157351.96,54710.9,102641.07,10,Bull,0
2021-02-24,158133.41,60549.98,97583.42,10,Bull,0
2021-02-25,156663.21,60549.98,96113.22,10,Bull,0
2021-02-26,155255.81,60693.51,94562.3,10,Bull,0
2021-03-01,156659.52,60693.51,95966.01,10,Bull,0
2021-03-02,156864.47,31278.6,125585.87,10,Bull,0
2021-03-03,157185.38,42796.42,114388.96,10,Bull,0
2021-03-04,154677.48,45959.81,108717.67,10,Bull,0
2021-03-05,156597.86,47760.26,108837.6,10,Bull,0
2021-03-08,160638.42,47186.43,113451.99,10,Bull,0
2021-03-09,157828.26,54806.18,103022.08,10,Bull,0
2021-03-10,158573.59,55572.06,103001.53,10,Bull,0
2021-03-11,158653.81,65856.84,92796.97,10,Bull,0
2021-03-12,159209.92,54931.51,104278.4,10,Bull,0
2021-03-15,160002.87,54931.51,105071.36,10,Bull,0
2021-03-16,157119.39,36937.11,120182.28,10,Bull,0
2021-03-17,157622.94,33088.45,124534.49,10,Bull,0
2021-03-18,157071.06,18012.51,139058.55,10,Bull,0
2021-03-19,157098.37,33878.85,123219.52,10,Bull,0
2021-03-22,158193.0,33878.85,124314.16,10,Bull,0
2021-03-23,158135.38,31340.6,126794.78,10,Bull,0
2021-03-24,156633.14,30939.61,125693.52,10,Bull,0
2021-03-25,158219.65,28552.89,129666.77,10,Bull,0
2021-03-26,160656.3,28552.89,132103.41,10,Bull,0
2021-03-29,160907.83,28552.89,132354.94,10,Bull,0
2021-03-30,159392.8,37647.53,121745.27,10,Bull,0
2021-03-31,158155.14,45149.39,113005.75,10,Bull,0
2021-04-01,158293.02,47511.3,110781.71,10,Bull,0
2021-04-05,159538.81,55308.98,104229.83,10,Bull,0
2021-04-06,159932.6,55308.98,104623.62,10,Bull,0
2021-04-07,158146.31,18174.92,139971.4,10,Bull,0
2021-04-08,158227.85,16350.39,141877.46,10,Bull,0
2021-04-09,158474.62,23911.9,134562.72,10,Bull,0
2021-04-12,158137.8,12496.98,145640.83,10,Bull,0
2021-04-13,157906.03,11320.96,146585.06,10,Bull,0
2021-04-14,156691.87,39694.84,116997.03,10,Bull,0
2021-04-15,157322.47,46526.75,110795.72,10,Bull,0
2021-04-16,157767.14,46526.75,111240.38,10,Bull,0
2021-04-19,157910.03,43648.68,114261.35,10,Bull,0
2021-04-20,158330.77,44590.57,113740.2,10,Bull,0
2021-04-21,162526.78,67394.81,95131.98,10,Bull,0
2021-04-22,161643.59,55819.59,105824.0,10,Bull,0
2021-04-23,162632.37,55819.59,106812.78,10,Bull,0
2021-04-26,163498.87,55819.59,107679.28,10,Bull,0
2021-04-27,163781.51,55819.59,107961.92,10,Bull,0
2021-04-28,162318.21,343.12,161975.09,10,Bull,0
2021-04-29,163294.0,-522.22,163816.23,10,Bull,0
2021-04-30,162366.83,-1036.14,163402.97,10,Bull,0
2021-05-03,163385.09,-3851.92,167237.01,10,Bull,0
2021-05-04,163871.83,-8712.04,172583.86,10,Bull,0
2021-05-05,164384.05,29570.29,134813.76,10,Bull,0
2021-05-06,165587.33,29570.29,136017.04,10,Bull,0
2021-05-07,166504.86,29570.29,136934.57,10,Bull,0
2021-05-10,166463.34,29570.29,136893.05,10,Bull,0
2021-05-11,164882.11,18033.23,146848.88,10,Bull,0
2021-05-12,160158.74,-7579.92,167738.66,10,Bull,0
2021-05-13,162229.13,3217.13,159012.0,10,Bull,0
2021-05-14,164348.84,3217.13,161131.71,10,Bull,0
2021-05-17,164732.04,3217.13,161514.91,10,Bull,0
2021-05-18,163426.23,2564.06,160862.17,10,Bull,0
2021-05-19,162268.34,-5372.23,167640.57,10,Bull,0
2021-05-20,163835.05,-4271.22,168106.27,10,Bull,0
2021-05-21,163836.93,-4271.22,168108.15,10,Bull,0
2021-05-24,164323.51,2009.72,162313.8,10,Bull,0
2021-05-25,163665.77,2009.72,161656.05,10,Bull,0
2021-05-26,166416.81,-2694.62,169111.44,10,Bull,0
2021-05-27,168191.68,-2694.62,170886.31,10,Bull,0
2021-05-28,167095.71,-2318.94,169414.64,10,Bull,0
2021-06-01,169838.26,-3240.71,173078.97,10,Bull,0
2021-06-02,173395.32,-3240.71,176636.03,10,Bull,0
2021-06-03,175534.66,9471.44,166063.22,10,Bull,0
2021-06-04,176042.98,9471.44,166571.54,10,Bull,0
2021-06-07,175418.52,9471.44,165947.08,10,Bull,0
2021-06-08,175003.57,-3414.39,178417.96,10,Bull,0
2021-06-09,174411.22,-3414.39,177825.61,10,Bull,0
2021-06-10,172631.51,281.39,172350.12,10,Bull,0
2021-06-11,173398.67,6329.5,167069.16,10,Bull,0
2021-06-14,172905.11,12894.24,160010.87,10,Bull,0
2021-06-15,172502.74,12894.24,159608.5,10,Bull,0
2021-06-16,171315.84,12894.24,158421.6,10,Bull,0
2021-06-17,170129.32,-6943.85,177073.17,10,Bull,0
2021-06-18,168321.25,-5041.18,173362.43,9,Bull,0
2021-06-21,171393.58,-5410.74,176804.32,9,Bull,0
2021-06-22,172022.7,-5410.74,177433.44,9,Bull,0
2021-06-23,171788.06,-5410.74,177198.8,9,Bull,0
2021-06-24,172694.62,-3752.86,176447.48,10,Bull,0
2021-06-25,173436.09,-3752.86,177188.95,10,Bull,0
2021-06-28,172093.53,6314.39,165779.14,10,Bull,0
2021-06-29,171914.08,6314.39,165599.69,10,Bull,0
2021-06-30,174178.27,6314.39,167863.88,10,Bull,0
2021-07-01,176145.16,3431.15,172714.0,10,Bull,0
2021-07-02,177405.32,-7841.67,185246.99,10,Bull,0
2021-07-06,176281.87,9510.2,166771.67,10,Bull,0
2021-07-07,177526.28,5330.9,172195.38,10,Bull,0
2021-07-08,175792.7,1207.93,174584.77,10,Bull,0
2021-07-09,178236.65,63691.02,114545.64,10,Bull,0
2021-07-12,177928.73,63691.02,114237.72,10,Bull,0
2021-07-13,176435.16,70144.73,106290.43,10,Bull,0
2021-07-14,175413.9,63797.79,111616.12,10,Bull,0
2021-07-15,175327.74,82377.85,92949.89,8,Bull,0
2021-07-16,173333.11,68978.93,104354.19,10,Bull,0
2021-07-19,172709.4,86893.56,85815.85,8,Bull,0
2021-07-20,174029.32,86893.56,87135.77,8,Bull,0
2021-07-21,174181.26,86893.56,87287.71,8,Bull,0
2021-07-22,174743.97,86893.56,87850.42,8,Bull,0
2021-07-23,175224.26,77748.9,97475.36,10,Bull,0
2021-07-26,175228.36,72660.88,102567.48,10,Bull,0
2021-07-27,174604.17,69688.79,104915.39,10,Bull,0
2021-07-28,174162.44,69688.79,104473.65,10,Bull,0
2021-07-29,174846.89,77097.57,97749.32,10,Bull,0
2021-07-30,174399.59,74192.43,100207.16,10,Bull,0
2021-08-02,174484.0,65432.51,109051.5,10,Bull,0
2021-08-03,176330.25,53297.25,123033.0,10,Bull,0
2021-08-04,175594.75,50533.83,125060.92,10,Bull,0
2021-08-05,174783.46,50042.0,124741.46,10,Bull,0
2021-08-06,174663.56,53301.88,121361.68,10,Bull,0
2021-08-09,174062.26,50812.23,123250.02,10,Bull,0
2021-08-10,173632.18,68646.82,104985.36,10,Bull,0
2021-08-11,173485.4,62831.05,110654.35,10,Bull,0
2021-08-12,173143.09,62831.05,110312.04,10,Bull,0
2021-08-13,174212.96,75124.44,99088.52,10,Bull,0
2021-08-16,173887.86,66492.68,107395.19,10,Bull,0
2021-08-17,173457.16,67400.25,106056.92,10,Bull,0
2021-08-18,171882.47,76128.75,95753.72,10,Bull,0
2021-08-19,171843.34,75472.05,96371.29,10,Bull,0
2021-08-20,172829.15,60950.4,111878.75,10,Bull,0
2021-08-23,174095.62,60950.4,113145.22,10,Bull,0
2021-08-24,173185.73,60950.4,112235.32,10,Bull,0
2021-08-25,173999.94,60950.4,113049.54,10,Bull,0
2021-08-26,173392.18,60950.4,112441.78,10,Bull,0
2021-08-27,175159.2,64972.25,110186.95,10,Bull,0
2021-08-30,176073.82,64972.25,111101.57,10,Bull,0
2021-08-31,175784.18,69902.35,105881.83,10,Bull,0
2021-09-01,176241.36,68415.24,107826.12,10,Bull,0
2021-09-02,177562.58,68415.24,109147.34,10,Bull,0
2021-09-03,178648.11,37907.53,140740.58,10,Bull,0
2021-09-07,177509.08,37907.53,139601.55,10,Bull,0
2021-09-08,176947.54,41099.11,135848.43,10,Bull,0
2021-09-09,176524.48,41099.11,135425.37,10,Bull,0
2021-09-10,176538.52,41099.11,135439.41,10,Bull,0
2021-09-13,176239.8,49975.95,126263.85,10,Bull,0
2021-09-14,174223.23,62107.3,112115.93,10,Bull,0
2021-09-15,175419.91,74291.14,101128.77,10,Bull,0
2021-09-16,174767.25,74291.14,100476.11,10,Bull,0
2021-09-17,174220.04,59100.91,115119.13,10,Bull,0
2021-09-20,172399.85,67630.39,104769.47,10,Bull,0
2021-09-21,172500.68,67630.39,104870.29,10,Bull,0
2021-09-22,173063.67,67630.39,105433.29,10,Bull,0
2021-09-23,173618.62,67630.39,105988.23,10,Bull,0
2021-09-24,173051.66,69628.16,103423.5,10,Bull,0
2021-09-27,172721.12,95608.07,77113.04,10,Bull,0
2021-09-28,170883.45,93226.13,77657.32,10,Bull,0
2021-09-29,171822.19,111889.11,59933.08,7,Bull,0
2021-09-30,170848.2,119714.37,51133.83,6,Bull,0
2021-10-01,171111.48,128844.38,42267.1,5,Bull,0
2021-10-04,170997.79,93360.9,77636.89,10,Bull,0
2021-10-05,171536.88,105388.66,66148.22,10,Bull,0
2021-10-06,171379.3,124671.7,46707.61,8,Bull,0
2021-10-07,171489.92,132172.45,39317.46,8,Bull,0
2021-10-08,171501.36,138096.88,33404.48,8,Bull,0
2021-10-11,170528.0,135499.65,35028.35,6,Bull,0
2021-10-12,170589.59,153968.63,16620.96,3,Bull,0
2021-10-13,170693.0,164889.19,5803.81,2,Bull,0
2021-10-14,170811.24,166117.21,4694.03,2,Bull,0
2021-10-15,170887.22,167008.3,3878.92,2,Bull,0
2021-10-18,170549.14,113777.52,56771.62,7,Bull,0
2021-10-19,171017.71,130720.08,40297.62,5,Bull,0
2021-10-20,171129.5,138478.76,32650.74,4,Bull,0
2021-10-21,171623.07,141126.04,30497.03,4,Bull,0
2021-10-22,171916.12,143647.0,28269.12,4,Bull,0
2021-10-25,172859.08,122246.41,50612.67,5,Bull,0
2021-10-26,172499.14,134595.16,37903.97,4,Bull,0
2021-10-27,173163.01,134595.16,38567.85,4,Bull,0
2021-10-28,173592.09,134595.16,38996.93,4,Bull,0
2021-10-29,173839.95,134595.16,39244.79,4,Bull,0
2021-11-01,175661.01,43189.52,132471.49,7,Bull,0
2021-11-02,176130.53,43189.52,132941.01,7,Bull,0
2021-11-03,175987.32,72695.31,103292.01,5,Bull,0
2021-11-04,175632.2,72695.31,102936.9,5,Bull,0
2021-11-05,177006.25,72695.31,104310.94,5,Bull,0
2021-11-08,178939.96,14289.2,164650.76,10,Bull,0
2021-11-09,177106.72,17852.14,159254.58,10,Bull,0
2021-11-10,175555.45,36660.25,138895.2,8,Bull,0
2021-11-11,175769.43,63162.28,112607.15,6,Bull,0
2021-11-12,176855.25,63162.28,113692.97,6,Bull,0
2021-11-15,176024.5,5939.86,170084.64,10,Bull,0
2021-11-16,177897.55,26490.44,151407.12,9,Bull,0
2021-11-17,176538.25,72677.43,103860.82,6,Bull,0
2021-11-18,176552.79,72677.43,103875.36,6,Bull,0
2021-11-19,176004.21,92819.96,83184.25,5,Bull,0
2021-11-22,177341.31,71198.74,106142.57,6,Bull,0
2021-11-23,178849.7,71198.74,107650.96,6,Bull,0
2021-11-24,179134.41,71198.74,107935.66,6,Bull,0
2021-11-26,174032.66,174032.66,0.0,0,Bull,0
2021-11-29,174032.66,174032.66,0.0,0,Bull,0
2021-11-30,173920.78,127969.79,45950.99,3,Bull,0
2021-12-01,173977.93,147056.86,26921.07,2,Crisis,1
2021-12-02,174103.33,151834.26,22269.07,2,Bull,0
2021-12-03,174246.94,174246.94,0.0,0,Crisis,1
2021-12-06,174246.94,174246.94,0.0,0,Bull,0
2021-12-07,174398.29,162733.17,11665.12,1,Bull,0
2021-12-08,174326.11,166186.09,8140.02,1,Bull,0
2021-12-09,174433.8,168608.67,5825.13,1,Bull,0
2021-12-10,174512.1,170409.09,4103.01,1,Bull,0
2021-12-13,174700.22,171735.1,2965.12,1,Bull,0
2021-12-14,175051.32,167580.77,7470.55,1,Bull,0
2021-12-15,175042.64,170148.95,4893.69,1,Bull,0
2021-12-16,175019.88,171861.92,3157.96,1,Bull,0
2021-12-17,175053.08,173041.04,2012.04,1,Bull,0
2021-12-20,175045.33,173797.52,1247.81,1,Bull,0
2021-12-21,174762.12,164527.88,10234.24,1,Bull,0
2021-12-22,174866.28,168834.47,6031.82,1,Bull,0
2021-12-23,174781.2,171314.08,3467.11,1,Bull,0
2021-12-27,174810.14,172639.67,2170.46,1,Bull,0
2021-12-28,174773.83,174773.83,0.0,0,Bull,0
2021-12-29,174849.49,148972.92,25876.56,3,Bull,0
2021-12-30,174949.37,156291.71,18657.66,3,Bull,0
2021-12-31,175039.67,161095.5,13944.17,3,Bull,0
2022-01-03,174618.49,168840.53,5777.96,1,Bull,0
2022-01-04,174510.45,174510.45,0.0,0,Bull,0
2022-01-05,174252.8,158847.01,15405.79,2,Bull,0
2022-01-06,174123.31,165361.54,8761.77,1,Bull,0
2022-01-07,174263.91,167243.73,7020.18,1,Bull,0
2022-01-10,174329.43,168595.93,5733.5,1,Bull,0
2022-01-11,174375.3,169700.87,4674.43,1,Bull,0
2022-01-12,174372.0,174372.0,0.0,0,Bull,0
2022-01-13,174372.0,174372.0,0.0,0,Bull,0
2022-01-14,174372.0,174372.0,0.0,0,Bull,0
2022-01-18,174372.0,174372.0,0.0,0,Bull,0
2022-01-19,174372.0,174372.0,0.0,0,Bull,0
2022-01-20,174397.98,160419.05,13978.93,1,Bull,0
2022-01-21,174072.11,162356.44,11715.66,1,Sideways,0
2022-01-24,173972.5,173972.5,0.0,0,Bull,0
2022-01-25,173972.5,173972.5,0.0,0,Crisis,1
2022-01-26,173972.5,173972.5,0.0,0,Crisis,2
2022-01-27,173972.5,173972.5,0.0,0,Crisis,3
2022-01-28,173972.5,173972.5,0.0,0,Bull,0
2022-01-31,173972.5,173972.5,0.0,0,Bull,0
2022-02-01,173972.5,173972.5,0.0,0,Bull,0
2022-02-02,173972.5,173972.5,0.0,0,Bull,0
2022-02-03,173972.5,173972.5,0.0,0,Bull,0
2022-02-04,173972.5,173972.5,0.0,0,Bull,0
2022-02-07,173972.5,173972.5,0.0,0,Bull,0
2022-02-08,173972.5,173972.5,0.0,0,Bull,0
2022-02-09,173972.5,173972.5,0.0,0,Bull,0
2022-02-10,173972.5,173972.5,0.0,0,Bull,0
2022-02-11,173972.5,173972.5,0.0,0,Sideways,0
2022-02-14,173972.5,173972.5,0.0,0,Sideways,0
2022-02-15,173972.5,173972.5,0.0,0,Bull,0
2022-02-16,173972.5,173972.5,0.0,0,Bull,0
2022-02-17,174395.49,131165.95,43229.54,10,Sideways,0
2022-02-18,174189.16,147086.33,27102.83,10,Sideways,0
2022-02-22,173631.35,143718.87,29912.48,10,Sideways,0
2022-02-23,173690.34,173690.34,0.0,0,Crisis,1
2022-02-24,173690.34,173690.34,0.0,0,Crisis,2
2022-02-25,175556.0,137768.97,37787.02,10,Sideways,0
2022-02-28,175499.38,159161.28,16338.11,7,Crisis,1
2022-03-01,175231.27,167802.79,7428.48,5,Crisis,2
2022-03-02,175253.84,175253.84,0.0,0,Crisis,3
2022-03-03,175253.84,175253.84,0.0,0,Crisis,4
2022-03-04,175253.84,175253.84,0.0,0,Crisis,5
2022-03-07,175253.84,175253.84,0.0,0,Crisis,6
2022-03-08,175253.84,175253.84,0.0,0,Crisis,7
2022-03-09,175253.84,175253.84,0.0,0,Crisis,8
2022-03-10,175253.84,175253.84,0.0,0,Crisis,9
2022-03-11,175253.84,175253.84,0.0,0,Crisis,10
2022-03-14,175253.84,175253.84,0.0,0,Crisis,11
2022-03-15,175253.84,175253.84,0.0,0,Sideways,0
2022-03-16,175253.84,175253.84,0.0,0,Bear,0
2022-03-17,175253.84,175253.84,0.0,0,Bear,0
2022-03-18,175832.27,134152.93,41679.34,10,Sideways,0
2022-03-21,176971.55,154006.72,22964.83,10,Sideways,0
2022-03-22,176977.23,164558.49,12418.74,10,Sideways,0
2022-03-23,177139.82,170199.86,6939.96,10,Sideways,0
2022-03-24,177206.14,173332.9,3873.23,10,Sideways,0
2022-03-25,178012.92,130129.46,47883.45,10,Sideways,0
2022-03-28,177776.4,150160.07,27616.33,10,Sideways,0
2022-03-29,177812.88,158965.15,18847.73,10,Sideways,0
2022-03-30,177868.75,166311.65,11557.1,10,Sideways,0
2022-03-31,177596.28,166552.01,11044.27,10,Sideways,0
2022-04-01,178545.18,132751.91,45793.27,10,Sideways,0
2022-04-04,178565.91,132583.09,45982.82,10,Sideways,0
2022-04-05,177876.08,148734.32,29141.76,10,Sideways,0
2022-04-06,178318.06,141891.89,36426.17,10,Sideways,0
2022-04-07,178648.49,146078.07,32570.43,10,Sideways,0
2022-04-08,180959.31,112845.7,68113.61,10,Sideways,0
2022-04-11,180112.95,135188.36,44924.59,8,Bear,0
2022-04-12,180288.91,144553.6,35735.31,8,Bear,0
2022-04-13,181075.59,149819.32,31256.27,8,Bear,0
2022-04-14,181020.83,154361.45,26659.38,8,Bear,0
2022-04-18,181210.39,181210.39,0.0,0,Bear,0
2022-04-19,181210.39,181210.39,0.0,0,Bear,0
2022-04-20,181210.39,181210.39,0.0,0,Bear,0
2022-04-21,181210.39,181210.39,0.0,0,Bear,0
2022-04-22,181210.39,181210.39,0.0,0,Bear,0
2022-04-25,181210.39,181210.39,0.0,0,Bear,0
2022-04-26,181210.39,181210.39,0.0,0,Crisis,1
2022-04-27,181210.39,181210.39,0.0,0,Crisis,2
2022-04-28,181210.39,181210.39,0.0,0,Bear,0
2022-04-29,181210.39,181210.39,0.0,0,Crisis,1
2022-05-02,181210.39,181210.39,0.0,0,Crisis,2
2022-05-03,181210.39,181210.39,0.0,0,Bear,0
2022-05-04,181210.39,181210.39,0.0,0,Bear,0
2022-05-05,181210.39,181210.39,0.0,0,Crisis,1
2022-05-06,181210.39,181210.39,0.0,0,Crisis,2
2022-05-09,181210.39,181210.39,0.0,0,Crisis,3
2022-05-10,181210.39,181210.39,0.0,0,Crisis,4
2022-05-11,181210.39,181210.39,0.0,0,Crisis,5
2022-05-12,181210.39,181210.39,0.0,0,Crisis,6
2022-05-13,181210.39,181210.39,0.0,0,Bear,0
2022-05-16,181210.39,181210.39,0.0,0,Bear,0
2022-05-17,181210.39,181210.39,0.0,0,Bear,0
2022-05-18,181210.39,181210.39,0.0,0,Crisis,1
2022-05-19,181210.39,181210.39,0.0,0,Bear,0
2022-05-20,181210.39,181210.39,0.0,0,Bear,0
2022-05-23,181210.39,181210.39,0.0,0,Bear,0
2022-05-24,181210.39,181210.39,0.0,0,Bear,0
2022-05-25,181210.39,181210.39,0.0,0,Bear,0
2022-05-26,181210.39,181210.39,0.0,0,Bear,0
2022-05-27,181210.39,181210.39,0.0,0,Bear,0
2022-05-31,181210.39,181210.39,0.0,0,Bear,0
2022-06-01,181210.39,181210.39,0.0,0,Bear,0
2022-06-02,181210.39,181210.39,0.0,0,Bear,0
2022-06-03,181210.39,181210.39,0.0,0,Bear,0
2022-06-06,181210.39,181210.39,0.0,0,Bear,0
2022-06-07,181210.39,181210.39,0.0,0,Bear,0
2022-06-08,181210.39,181210.39,0.0,0,Bear,0
2022-06-09,181210.39,181210.39,0.0,0,Bear,0
2022-06-10,181210.39,181210.39,0.0,0,Bear,0
2022-06-13,181210.39,181210.39,0.0,0,Crisis,1
2022-06-14,181210.39,181210.39,0.0,0,Crisis,2
2022-06-15,181210.39,181210.39,0.0,0,Bear,0
2022-06-16,181210.39,181210.39,0.0,0,Crisis,1
2022-06-17,181210.39,181210.39,0.0,0,Crisis,2
2022-06-21,181210.39,181210.39,0.0,0,Crisis,3
2022-06-22,181210.39,181210.39,0.0,0,Bear,0
2022-06-23,181210.39,181210.39,0.0,0,Bear,0
2022-06-24,181210.39,181210.39,0.0,0,Bear,0
2022-06-27,181210.39,181210.39,0.0,0,Bear,0
2022-06-28,181210.39,181210.39,0.0,0,Bear,0
2022-06-29,181210.39,181210.39,0.0,0,Bear,0
2022-06-30,181210.39,181210.39,0.0,0,Bear,0
2022-07-01,181210.39,181210.39,0.0,0,Bear,0
2022-07-05,181210.39,181210.39,0.0,0,Bear,0
2022-07-06,181210.39,181210.39,0.0,0,Bear,0
2022-07-07,181210.39,181210.39,0.0,0,Bear,0
2022-07-08,181210.39,181210.39,0.0,0,Bear,0
2022-07-11,181210.39,181210.39,0.0,0,Bear,0
2022-07-12,181210.39,181210.39,0.0,0,Bear,0
2022-07-13,181210.39,181210.39,0.0,0,Bear,0
2022-07-14,181210.39,181210.39,0.0,0,Bear,0
2022-07-15,181210.39,181210.39,0.0,0,Bear,0
2022-07-18,181210.39,181210.39,0.0,0,Bear,0
2022-07-19,181210.39,181210.39,0.0,0,Bear,0
2022-07-20,181210.39,181210.39,0.0,0,Bear,0
2022-07-21,181550.33,142795.93,38754.41,2,Bear,0
2022-07-22,181520.07,147691.31,33828.76,2,Bear,0
2022-07-25,181573.78,147691.31,33882.48,2,Bear,0
2022-07-26,181899.46,147729.25,34170.22,2,Bear,0
2022-07-27,182160.45,148450.12,33710.34,2,Bear,0
2022-07-28,182349.94,160798.51,21551.44,1,Bear,0
2022-07-29,182489.43,161355.11,21134.32,1,Bear,0
2022-08-01,182872.46,161907.59,20964.87,1,Bear,0
2022-08-02,182445.09,162754.2,19690.89,1,Bear,0
2022-08-03,182548.97,163991.79,18557.18,1,Bear,0
2022-08-04,182375.84,182375.84,0.0,0,Bear,0
2022-08-05,182375.84,182375.84,0.0,0,Bear,0
2022-08-08,182375.84,182375.84,0.0,0,Bear,0
2022-08-09,182375.84,182375.84,0.0,0,Bear,0
2022-08-10,182375.84,182375.84,0.0,0,Bear,0
2022-08-11,182375.84,182375.84,0.0,0,Bear,0
2022-08-12,182375.84,182375.84,0.0,0,Bear,0
2022-08-15,182375.84,182375.84,0.0,0,Bear,0
2022-08-16,182375.84,182375.84,0.0,0,Sideways,0
2022-08-17,182375.84,182375.84,0.0,0,Bear,0
2022-08-18,182262.42,160490.63,21771.78,1,Bear,0
2022-08-19,182375.74,160490.63,21885.1,1,Bear,0
2022-08-22,182252.56,160620.28,21632.29,1,Bear,0
2022-08-23,181939.9,181939.9,0.0,0,Bear,0
2022-08-24,181939.9,181939.9,0.0,0,Bear,0
2022-08-25,181939.9,181939.9,0.0,0,Bear,0
2022-08-26,181939.9,181939.9,0.0,0,Bear,0
2022-08-29,181939.9,181939.9,0.0,0,Bear,0
2022-08-30,181939.9,181939.9,0.0,0,Bear,0
2022-08-31,181939.9,181939.9,0.0,0,Bear,0
2022-09-01,181939.9,181939.9,0.0,0,Bear,0
2022-09-02,181939.9,181939.9,0.0,0,Bear,0
2022-09-06,181939.9,181939.9,0.0,0,Bear,0
2022-09-07,181939.9,181939.9,0.0,0,Bear,0
2022-09-08,181939.9,181939.9,0.0,0,Bear,0
2022-09-09,181939.9,181939.9,0.0,0,Bear,0
2022-09-12,181939.9,181939.9,0.0,0,Bear,0
2022-09-13,181939.9,181939.9,0.0,0,Bear,0
2022-09-14,181939.9,181939.9,0.0,0,Bear,0
2022-09-15,181939.9,181939.9,0.0,0,Bear,0
2022-09-16,181924.12,134813.3,47110.82,3,Bear,0
2022-09-19,181862.35,157961.19,23901.16,2,Bear,0
2022-09-20,181574.81,162124.3,19450.51,2,Bear,0
2022-09-21,181267.5,174968.38,6299.12,1,Bear,0
2022-09-22,181179.98,181179.98,0.0,0,Bear,0
2022-09-23,180932.86,162815.63,18117.23,1,Bear,0
2022-09-26,180792.86,180792.86,0.0,0,Crisis,1
2022-09-27,180792.86,180792.86,0.0,0,Crisis,2
2022-09-28,180792.86,180792.86,0.0,0,Crisis,3
2022-09-29,180792.86,180792.86,0.0,0,Crisis,4
2022-09-30,180792.86,180792.86,0.0,0,Crisis,5
2022-10-03,180792.86,180792.86,0.0,0,Crisis,6
2022-10-04,180792.86,180792.86,0.0,0,Bear,0
2022-10-05,180792.86,180792.86,0.0,0,Bear,0
2022-10-06,180792.86,180792.86,0.0,0,Crisis,1
2022-10-07,180792.86,180792.86,0.0,0,Crisis,2
2022-10-10,180792.86,180792.86,0.0,0,Crisis,3
2022-10-11,180792.86,180792.86,0.0,0,Crisis,4
2022-10-12,180792.86,180792.86,0.0,0,Crisis,5
2022-10-13,180792.86,180792.86,0.0,0,Crisis,6
2022-10-14,180792.86,180792.86,0.0,0,Crisis,7
2022-10-17,180792.86,180792.86,0.0,0,Crisis,8
2022-10-18,180792.86,180792.86,0.0,0,Crisis,9
2022-10-19,180792.86,180792.86,0.0,0,Crisis,10
2022-10-20,180792.86,180792.86,0.0,0,Bear,0
2022-10-21,180792.86,180792.86,0.0,0,Bear,0
2022-10-24,180792.86,180792.86,0.0,0,Bear,0
2022-10-25,180792.86,180792.86,0.0,0,Bear,0
2022-10-26,180792.86,180792.86,0.0,0,Bear,0
2022-10-27,180792.86,180792.86,0.0,0,Bear,0
2022-10-28,180792.86,180792.86,0.0,0,Bear,0
2022-10-31,180792.86,180792.86,0.0,0,Bear,0
2022-11-01,180792.86,180792.86,0.0,0,Bear,0
2022-11-02,180792.86,180792.86,0.0,0,Bear,0
2022-11-03,180792.86,180792.86,0.0,0,Bear,0
2022-11-04,179765.04,169943.26,9821.78,1,Bear,0
2022-11-07,179614.37,171127.25,8487.12,1,Bear,0
2022-11-08,179440.83,172056.75,7384.08,1,Bear,0
2022-11-09,179279.35,173169.74,6109.61,1,Bear,0
2022-11-10,179875.41,175079.33,4796.08,1,Bear,0
2022-11-11,180337.25,180337.25,0.0,0,Bear,0
2022-11-14,180337.25,180337.25,0.0,0,Bear,0
2022-11-15,180337.25,180337.25,0.0,0,Bear,0
2022-11-16,180337.25,180337.25,0.0,0,Bear,0
2022-11-17,180337.25,180337.25,0.0,0,Bear,0
2022-11-18,180337.25,180337.25,0.0,0,Bear,0
2022-11-21,180337.25,180337.25,0.0,0,Bear,0
2022-11-22,180337.25,180337.25,0.0,0,Bear,0
2022-11-23,180337.25,180337.25,0.0,0,Bear,0
2022-11-25,180337.25,180337.25,0.0,0,Bear,0
2022-11-28,180337.25,180337.25,0.0,0,Bear,0
2022-11-29,180337.25,180337.25,0.0,0,Bear,0
2022-11-30,180337.25,180337.25,0.0,0,Sideways,0
2022-12-01,180337.25,180337.25,0.0,0,Sideways,0
2022-12-02,180337.25,180337.25,0.0,0,Sideways,0
2022-12-05,180337.25,180337.25,0.0,0,Bear,0
2022-12-06,180337.25,180337.25,0.0,0,Bear,0
2022-12-07,180337.25,180337.25,0.0,0,Bear,0
2022-12-08,180337.25,180337.25,0.0,0,Bear,0
2022-12-09,180337.25,180337.25,0.0,0,Bear,0
2022-12-12,180337.25,180337.25,0.0,0,Bear,0
2022-12-13,180337.25,180337.25,0.0,0,Sideways,0
2022-12-14,180337.25,180337.25,0.0,0,Bear,0
2022-12-15,180337.25,180337.25,0.0,0,Bear,0
2022-12-16,180337.25,180337.25,0.0,0,Bear,0
2022-12-19,180337.25,180337.25,0.0,0,Bear,0
2022-12-20,180337.25,180337.25,0.0,0,Bear,0
2022-12-21,180337.25,180337.25,0.0,0,Bear,0
2022-12-22,180337.25,180337.25,0.0,0,Bear,0
2022-12-23,180337.25,180337.25,0.0,0,Bear,0
2022-12-27,180337.25,180337.25,0.0,0,Bear,0
2022-12-28,180337.25,180337.25,0.0,0,Bear,0
2022-12-29,180337.25,180337.25,0.0,0,Bear,0
2022-12-30,180337.25,180337.25,0.0,0,Bear,0
2023-01-03,180337.25,180337.25,0.0,0,Bear,0
2023-01-04,180337.25,180337.25,0.0,0,Bear,0
2023-01-05,180337.25,180337.25,0.0,0,Bear,0
2023-01-06,180337.25,180337.25,0.0,0,Bear,0
2023-01-09,180337.25,180337.25,0.0,0,Bear,0
2023-01-10,180337.25,180337.25,0.0,0,Bear,0
2023-01-11,180037.57,73554.36,106483.21,10,Sideways,0
2023-01-12,181392.45,71777.51,109614.94,10,Sideways,0
2023-01-13,181456.64,75316.14,106140.49,10,Sideways,0
2023-01-17,181184.59,75316.14,105868.44,10,Sideways,0
2023-01-18,178915.1,113671.85,65243.25,7,Bear,0
2023-01-19,178819.33,123037.05,55782.28,6,Bear,0
2023-01-20,179549.05,123037.05,56512.0,6,Sideways,0
2023-01-23,180584.41,123037.05,57547.36,6,Sideways,0
2023-01-24,180120.57,123037.05,57083.52,6,Sideways,0
2023-01-25,180441.26,134881.75,45559.51,5,Sideways,0
2023-01-26,179423.37,40382.05,139041.32,9,Bull,0
2023-01-27,179741.88,55383.23,124358.65,8,Bull,0
2023-01-30,179421.22,63461.92,115959.3,7,Bull,0
2023-01-31,180840.94,63461.92,117379.02,7,Bull,0
2023-02-01,181102.11,63461.92,117640.19,7,Bull,0
2023-02-02,184135.71,1189.47,182946.24,10,Bull,0
2023-02-03,181625.55,6456.37,175169.18,10,Bull,0
2023-02-06,179729.4,267.25,179462.15,10,Bull,0
2023-02-07,180127.43,56926.7,123200.73,7,Bull,0
2023-02-08,178723.88,70586.73,108137.15,6,Bull,0
2023-02-09,176556.52,63207.74,113348.78,10,Bull,0
2023-02-10,177988.04,66743.36,111244.69,10,Bull,0
2023-02-13,178816.4,66743.36,112073.05,10,Bull,0
2023-02-14,177880.69,65051.44,112829.25,10,Bull,0
2023-02-15,178099.03,74265.11,103833.93,9,Bull,0
2023-02-16,177762.48,84690.86,93071.62,10,Bull,0
2023-02-17,177652.8,81125.22,96527.58,10,Bull,0
2023-02-21,176337.53,61876.99,114460.54,10,Bull,0
2023-02-22,175755.52,60372.54,115382.98,10,Bull,0
2023-02-23,175585.4,54436.79,121148.61,10,Bull,0
2023-02-24,174310.5,45730.13,128580.37,10,Bull,0
2023-02-27,174212.56,45616.4,128596.15,10,Bull,0
2023-02-28,173630.61,45616.4,128014.2,10,Bull,0
2023-03-01,173378.37,53510.98,119867.39,10,Bull,0
2023-03-02,175017.81,56129.85,118887.97,10,Bull,0
2023-03-03,176234.17,61923.61,114310.56,10,Bull,0
2023-03-06,176034.51,61923.61,114110.9,10,Bull,0
2023-03-07,174361.52,61645.01,112716.51,10,Bull,0
2023-03-08,174478.63,68263.36,106215.27,10,Bull,0
2023-03-09,172055.66,79416.38,92639.27,10,Bull,0
2023-03-10,169564.75,75662.49,93902.26,10,Sideways,0
2023-03-13,170096.35,67941.14,102155.2,10,Sideways,0
2023-03-14,171121.97,67941.14,103180.83,10,Bull,0
2023-03-15,169354.41,62677.96,106676.45,10,Sideways,0
2023-03-16,169828.72,54065.75,115762.97,10,Bull,0
2023-03-17,166994.5,62246.28,104748.22,10,Bull,0
2023-03-20,168958.58,56922.24,112036.34,10,Bull,0
2023-03-21,169970.36,56922.24,113048.12,10,Bull,0
2023-03-22,167390.35,55472.26,111918.09,10,Bull,0
2023-03-23,166754.38,42425.53,124328.86,10,Bull,0
2023-03-24,168290.86,103068.29,65222.57,7,Bull,0
2023-03-27,168664.5,103068.29,65596.2,7,Bull,0
2023-03-28,168626.35,103068.29,65558.06,7,Bull,0
2023-03-29,169784.7,103068.29,66716.41,7,Bull,0
2023-03-30,170172.39,103068.29,67104.09,7,Bull,0
2023-03-31,170664.29,125411.23,45253.06,4,Bull,0
2023-04-03,171020.1,131236.43,39783.66,3,Bull,0
2023-04-04,171582.84,136147.68,35435.16,2,Bull,0
2023-04-05,171834.0,136147.68,35686.33,2,Bull,0
2023-04-06,171727.3,136147.68,35579.63,2,Bull,0
2023-04-10,172220.91,144345.18,27875.72,4,Bull,0
2023-04-11,172249.28,144345.18,27904.1,4,Bull,0
2023-04-12,172195.1,144345.18,27849.91,4,Bull,0
2023-04-13,172451.6,144345.18,28106.42,4,Bull,0
2023-04-14,172464.53,144345.18,28119.35,4,Bull,0
2023-04-17,173271.28,146973.06,26298.22,4,Bull,0
2023-04-18,173506.93,146973.06,26533.87,4,Bull,0
2023-04-19,172869.8,146973.06,25896.74,4,Bull,0
2023-04-20,172506.56,159170.65,13335.91,2,Bull,0
2023-04-21,172607.41,159170.65,13436.76,2,Bull,0
2023-04-24,172408.72,79068.46,93340.26,9,Bull,0
2023-04-25,171384.52,117414.16,53970.35,5,Bull,0
2023-04-26,171155.97,125749.12,45406.84,4,Bull,0
2023-04-27,171810.08,125749.12,46060.95,4,Bull,0
2023-04-28,171896.14,125749.12,46147.02,4,Bull,0
2023-05-01,171763.15,68874.78,102888.37,8,Bull,0
2023-05-02,171450.27,93863.68,77586.59,5,Bull,0
2023-05-03,171251.8,93863.68,77388.12,5,Bull,0
2023-05-04,170150.07,93863.68,76286.39,5,Bull,0
2023-05-05,170877.6,93863.68,77013.92,5,Bull,0
2023-05-08,170910.33,141731.54,29178.79,4,Bull,0
2023-05-09,170448.84,141731.54,28717.3,4,Bull,0
2023-05-10,170293.46,153548.05,16745.41,2,Bull,0
2023-05-11,170084.57,158002.47,12082.1,1,Bull,0
2023-05-12,170134.44,158002.47,12131.97,1,Bull,0
2023-05-15,170039.85,110090.28,59949.57,5,Bull,0
2023-05-16,170481.59,123912.24,46569.35,4,Bull,0
2023-05-17,171218.85,123912.24,47306.6,4,Bull,0
2023-05-18,172278.52,123912.24,48366.28,4,Bull,0
2023-05-19,172288.4,123912.24,48376.15,4,Bull,0
2023-05-22,171750.66,132881.0,38869.67,2,Bull,0
2023-05-23,171236.11,152931.99,18304.12,1,Bull,0
2023-05-24,171077.77,171077.77,0.0,0,Bull,0
2023-05-25,171077.77,171077.77,0.0,0,Bull,0
2023-05-26,171077.77,171077.77,0.0,0,Bull,0
2023-05-30,171939.98,32496.02,139443.95,10,Bull,0
2023-05-31,169607.64,50074.33,119533.32,8,Bull,0
2023-06-01,169622.23,69987.72,99634.51,7,Bull,0
2023-06-02,170829.89,69987.72,100842.17,7,Bull,0
2023-06-05,170283.89,84780.79,85503.1,6,Bull,0
2023-06-06,170542.78,53570.73,116972.05,10,Bull,0
2023-06-07,169595.53,60577.15,109018.38,10,Bull,0
2023-06-08,169995.88,66986.46,103009.41,9,Bull,0
2023-06-09,169251.56,83510.44,85741.12,8,Bull,0
2023-06-12,170123.98,83510.44,86613.54,8,Bull,0
2023-06-13,170114.62,65038.66,105075.97,10,Bull,0
2023-06-14,169685.55,65086.6,104598.95,10,Bull,0
2023-06-15,170460.71,65086.6,105374.11,10,Bull,0
2023-06-16,170141.75,71560.07,98581.68,9,Bull,0
2023-06-20,169662.6,83292.99,86369.61,8,Bull,0
2023-06-21,169108.58,94859.66,74248.91,10,Bull,0
2023-06-22,169342.77,69799.07,99543.7,10,Bull,0
2023-06-23,167769.66,51582.12,116187.55,10,Bull,0
2023-06-26,167733.43,53871.43,113862.0,10,Bull,0
2023-06-27,168480.69,53871.43,114609.25,10,Bull,0
2023-06-28,167593.19,84039.39,83553.79,10,Bull,0
2023-06-29,167882.29,84039.39,83842.89,10,Bull,0
2023-06-30,169334.51,84039.39,85295.12,10,Bull,0
2023-07-03,169901.8,84039.39,85862.41,10,Bull,0
2023-07-05,169806.85,84039.39,85767.45,10,Bull,0
2023-07-06,168572.71,47541.07,121031.64,10,Bull,0
2023-07-07,167869.45,34546.18,133323.28,10,Bull,0
2023-07-10,168900.54,43111.27,125789.27,10,Bull,0
2023-07-11,170218.67,43111.27,127107.4,10,Bull,0
2023-07-12,171552.02,31804.61,139747.41,10,Bull,0
2023-07-13,172575.14,13209.42,159365.72,10,Bull,0
2023-07-14,173896.76,4726.34,169170.42,10,Bull,0
2023-07-17,173371.76,15914.18,157457.58,10,Bull,0
2023-07-18,175059.64,15914.18,159145.46,10,Bull,0
2023-07-19,175684.97,15914.18,159770.8,10,Bull,0
2023-07-20,172055.31,26682.24,145373.07,10,Bull,0
2023-07-21,172097.95,15634.82,156463.14,10,Bull,0
2023-07-24,171330.9,9055.16,162275.75,10,Bull,0
2023-07-25,172074.16,-596.07,172670.23,10,Bull,0
2023-07-26,172700.18,-596.07,173296.25,10,Bull,0
2023-07-27,169635.81,-2498.64,172134.45,10,Bull,0
2023-07-28,170611.79,8377.06,162234.73,10,Bull,0
2023-07-31,171760.1,8377.06,163383.04,10,Bull,0
2023-08-01,170035.72,-6805.08,176840.8,10,Bull,0
2023-08-02,168611.07,5671.4,162939.67,10,Bull,0
2023-08-03,167772.8,44927.83,122844.97,10,Bull,0
2023-08-04,167380.72,33716.01,133664.72,10,Bull,0
2023-08-07,167658.28,33716.01,133942.27,10,Bull,0
2023-08-08,166866.45,54383.37,112483.08,10,Bull,0
2023-08-09,166999.93,55393.11,111606.81,10,Bull,0
2023-08-10,166237.45,63672.33,102565.12,10,Bull,0
2023-08-11,166746.04,40235.46,126510.58,10,Bull,0
2023-08-14,166491.45,28124.97,138366.47,10,Bull,0
2023-08-15,165401.71,28124.97,137276.73,10,Bull,0
2023-08-16,164353.41,30172.8,134180.6,10,Bull,0
2023-08-17,163463.88,72886.71,90577.17,10,Bull,0
2023-08-18,163792.99,64418.73,99374.26,10,Bull,0
2023-08-21,164031.81,64418.73,99613.08,10,Bull,0
2023-08-22,163271.24,62123.44,101147.8,10,Bull,0
2023-08-23,163250.12,65262.01,97988.11,10,Bull,0
2023-08-24,162121.94,75899.77,86222.16,10,Bull,0
2023-08-25,162922.78,64198.53,98724.25,10,Bull,0
2023-08-28,163061.86,64198.53,98863.33,10,Bull,0
2023-08-29,163727.0,64198.53,99528.47,10,Bull,0
2023-08-30,163610.52,64198.53,99411.99,10,Bull,0
2023-08-31,161935.66,39891.5,122044.16,10,Bull,0
2023-09-01,165504.03,51800.9,113703.13,10,Bull,0
2023-09-05,164917.16,51800.9,113116.26,10,Bull,0
2023-09-06,164811.35,57466.87,107344.49,10,Bull,0
2023-09-07,164627.2,69279.81,95347.39,10,Bull,0
2023-09-08,166220.54,81925.51,84295.04,10,Bull,0
2023-09-11,165708.02,80768.02,84939.99,10,Bull,0
2023-09-12,165103.29,71086.17,94017.12,10,Bull,0
2023-09-13,164784.6,76546.84,88237.76,10,Bull,0
2023-09-14,166284.66,76546.84,89737.81,10,Bull,0
2023-09-15,164977.65,59623.7,105353.96,10,Bull,0
2023-09-18,164546.62,60341.45,104205.18,10,Bull,0
2023-09-19,164411.3,63497.15,100914.15,10,Bull,0
2023-09-20,163610.25,68452.93,95157.32,10,Bull,0
2023-09-21,161859.07,41992.49,119866.58,10,Bull,0
2023-09-22,161528.24,48330.15,113198.1,10,Bull,0
2023-09-25,162055.47,46644.1,115411.38,10,Bull,0
2023-09-26,160477.99,44342.95,116135.03,10,Bull,0
2023-09-27,159981.72,59738.77,100242.95,10,Bull,0
2023-09-28,160768.0,59738.77,101029.23,10,Bull,0
2023-09-29,160742.96,61602.79,99140.16,10,Bull,0
2023-10-02,159008.28,64825.17,94183.11,10,Bull,0
2023-10-03,158211.09,74805.79,83405.3,10,Bull,0
2023-10-04,158909.27,67250.51,91658.76,10,Bull,0
2023-10-05,158787.28,67250.51,91536.78,10,Bull,0
2023-10-06,160521.99,60592.05,99929.94,10,Bull,0
2023-10-09,161886.0,60592.05,101293.95,10,Bull,0
2023-10-10,162668.85,60592.05,102076.8,10,Bull,0
2023-10-11,162676.1,60592.05,102084.05,10,Bull,0
2023-10-12,161303.56,60592.05,100711.51,10,Bull,0
2023-10-13,160775.47,44295.97,116479.5,10,Bull,0
2023-10-16,161510.98,50420.15,111090.83,9,Bull,0
2023-10-17,161632.23,58989.19,102643.05,8,Bull,0
2023-10-18,161255.5,67693.48,93562.03,7,Bull,0
2023-10-19,160387.27,108385.51,52001.77,4,Bull,0
2023-10-20,159095.69,79167.3,79928.39,8,Bull,0
2023-10-23,158952.17,121989.14,36963.03,4,Bull,0
2023-10-24,159368.72,121989.14,37379.58,4,Bull,0
2023-10-25,159365.21,137162.63,22202.58,2,Sideways,0
2023-10-26,159359.47,137162.63,22196.84,2,Sideways,0
2023-10-27,159130.11,71635.67,87494.43,10,Sideways,0
2023-10-30,159620.22,56525.44,103094.79,10,Sideways,0
2023-10-31,159629.52,56525.44,103104.08,10,Sideways,0
2023-11-01,160032.48,62853.6,97178.88,10,Bull,0
2023-11-02,161216.81,65767.79,95449.03,10,Bull,0
2023-11-03,162563.61,61377.08,101186.53,8,Bull,0
2023-11-06,161152.83,84329.55,76823.28,6,Bull,0
2023-11-07,161657.16,101017.84,60639.32,5,Bull,0
2023-11-08,161556.88,101568.73,59988.15,5,Bull,0
2023-11-09,160659.39,109551.68,51107.71,4,Bull,0
2023-11-10,161569.7,146185.61,15384.1,2,Bull,0
2023-11-13,161360.29,146971.21,14389.08,2,Bull,0
2023-11-14,161976.35,148909.18,13067.16,2,Bull,0
2023-11-15,162263.24,150022.34,12240.9,2,Bull,0
2023-11-16,162695.56,150736.68,11958.88,2,Bull,0
2023-11-17,163651.03,105143.59,58507.44,4,Bull,0
2023-11-20,164360.44,105143.59,59216.85,4,Bull,0
2023-11-21,163661.42,105403.66,58257.76,4,Bull,0
2023-11-22,164051.07,105403.66,58647.41,4,Bull,0
2023-11-24,164111.22,105403.66,58707.56,4,Bull,0
2023-11-27,164718.77,128085.29,36633.48,2,Bull,0
2023-11-28,165012.56,128085.29,36927.26,2,Bull,0
2023-11-29,164959.14,128085.29,36873.84,2,Bull,0
2023-11-30,164818.34,128085.29,36733.05,2,Bull,0
2023-12-01,164281.73,128085.29,36196.43,2,Bull,0
2023-12-04,163714.31,139397.41,24316.9,2,Bull,0
2023-12-05,163357.22,153447.39,9909.83,1,Bull,0
2023-12-06,163324.33,153447.39,9876.95,1,Bull,0
2023-12-07,163599.36,153447.39,10151.97,1,Bull,0
2023-12-08,163709.96,153447.39,10262.58,1,Bull,0
2023-12-11,163910.48,126933.42,36977.06,2,Bull,0
2023-12-12,163905.05,126933.42,36971.63,2,Bull,0
2023-12-13,164380.97,126933.42,37447.55,2,Bull,0
2023-12-14,164048.91,126933.42,37115.5,2,Bull,0
2023-12-15,164273.77,126933.42,37340.35,2,Bull,0
2023-12-18,164554.63,151079.24,13475.39,2,Bull,0
2023-12-19,164719.77,151079.24,13640.53,2,Bull,0
2023-12-20,164321.16,157989.71,6331.45,1,Bull,0
2023-12-21,164504.72,157989.71,6515.01,1,Bull,0
2023-12-22,164593.54,157989.71,6603.83,1,Bull,0
2023-12-26,164891.28,119141.82,45749.46,3,Bull,0
2023-12-27,164626.8,119141.82,45484.98,3,Bull,0
2023-12-28,165098.64,119141.82,45956.82,3,Bull,0
2023-12-29,165023.12,119141.82,45881.3,3,Bull,0
2024-01-02,164702.91,128786.38,35916.53,2,Bull,0
2024-01-03,164122.26,164122.26,0.0,0,Bull,0
2024-01-04,164122.26,164122.26,0.0,0,Bull,0
2024-01-05,164122.26,164122.26,0.0,0,Bull,0
2024-01-08,164122.26,164122.26,0.0,0,Bull,0
2024-01-09,164122.26,164122.26,0.0,0,Bull,0
2024-01-10,164122.26,164122.26,0.0,0,Bull,0
2024-01-11,164122.26,164122.26,0.0,0,Bull,0
2024-01-12,164122.26,164122.26,0.0,0,Bull,0
2024-01-16,164122.26,164122.26,0.0,0,Bull,0
2024-01-17,164122.26,164122.26,0.0,0,Bull,0
2024-01-18,164122.26,164122.26,0.0,0,Bull,0
2024-01-19,164122.26,164122.26,0.0,0,Bull,0
2024-01-22,164122.26,164122.26,0.0,0,Bull,0
2024-01-23,164122.26,164122.26,0.0,0,Bull,0
2024-01-24,164122.26,164122.26,0.0,0,Bull,0
2024-01-25,164122.26,164122.26,0.0,0,Bull,0
2024-01-26,164122.26,164122.26,0.0,0,Bull,0
2024-01-29,164122.26,164122.26,0.0,0,Bull,0
2024-01-30,164122.26,164122.26,0.0,0,Bull,0
2024-01-31,164122.26,164122.26,0.0,0,Sideways,0
