date,portfolio_return,cumulative_return
2018-01-02,0.0005951408334997532,0.0005951408334996522
2018-01-03,0.001851941904784713,0.002448184904533024
2018-01-04,0.000569398983906656,0.0030189778824367686
2018-01-05,-0.006850142332953587,-0.0038518448787114856
2018-01-08,1.0956003307640736e-05,-0.0038409310762290705
2018-01-09,-0.006329919542165292,-0.010146537833714886
2018-01-10,-0.0021108790546356376,-0.012235998774160262
2018-01-11,-0.006998928344142334,-0.01914928823966322
2018-01-12,-0.01096340952747588,-0.02990275627800798
2018-01-16,-0.000748580496935771,-0.030628952154789446
2018-01-17,-0.0024600162741431953,-0.03301362070817182
2018-01-18,-0.0009833139632792484,-0.03396447191723029
2018-01-19,0.002648607678904191,-0.03140582279945592
2018-01-22,-0.006174544384815606,-0.037386450537454596
2018-01-23,-0.001429966197810465,-0.03876295537474039
2018-01-24,0.00038043990138900076,-0.038397262448271796
2018-01-25,-0.009550328525370765,-0.047580884502786636
2018-01-26,-0.010813627298956525,-0.057879989850175284
2018-01-29,-0.0013560378090393115,-0.05915754020459085
2018-01-30,0.0024126293395318687,-0.056887636082211035
2018-01-31,0.0009620786746530796,-0.05598028778908404
2018-02-01,-0.0036411802988255493,-0.059417633766889355
2018-02-02,-0.0027144953655119813,-0.06197084024091137
2018-02-05,-0.00477683228310675,-0.06645164821374405
2018-02-06,-0.010906312245088567,-0.07663321803421275
2018-02-07,0.0018491950760261236,-0.07492573272763547
2018-02-08,0.00995774824749028,-0.06571407606390578
2018-02-09,-0.006473372342577477,-0.07176205672397318
2018-02-12,-0.004974836930245423,-0.07637988912423788
2018-02-13,-0.0041745820157921025,-0.08023561702852378
2018-02-14,-0.006792189958179949,-0.08648283143443425
2018-02-15,-0.0001137184531402372,-0.0865867151937606
2018-02-16,0.003962219313637794,-0.08296757143536804
2018-02-20,-0.009449436990666981,-0.09163301158748793
2018-02-21,-0.0048207928082252376,-0.09601206063245615
2018-02-22,0.0026415260328637767,-0.09362415295722182
2018-02-23,-0.009677298434885129,-0.10239542252322664
2018-02-26,-0.00586018208899148,-0.1076555487911528
2018-02-27,0.00319945089721597,-0.10480053653610699
2018-02-28,0.0021329101340307258,-0.10289115652850589
2018-03-01,0.0010101739731409982,-0.1019849205237564
2018-03-02,-0.0047937956424055185,-0.10628982129856412
2018-03-05,-0.0031789157458303025,-0.10913085065784689
2018-03-06,-0.002361575445628949,-0.11123470536620172
2018-03-07,-0.000591705452693093,-0.11176059263720084
2018-03-08,-0.0051061039848519195,-0.11629603541463851
2018-03-09,-0.007452989906131779,-0.12288227214270186
2018-03-12,-0.0033274890310780302,-0.1258008717611111
2018-03-13,7.487120781007043e-05,-0.12573541941651334
2018-03-14,-0.004774171578574675,-0.1299093085292895
2018-03-15,-0.00217541203607905,-0.1318021142919953
2018-03-16,0.0038528564625967595,-0.12845707245723237
2018-03-19,-0.0073860288904563825,-0.13489431369933613
2018-03-20,-0.003422866237078907,-0.13785545474447958
2018-03-21,0.006078983934568727,-0.13261449190459518
2018-03-22,-0.0034063994833733948,-0.13556915345125697
2018-03-23,0.0023037943024731364,-0.13357768259209601
2018-03-26,-0.007314478542771489,-0.1399151100417545
2018-03-27,-0.004383448210647385,-0.14368524761364687
2018-03-28,0.0054994944580343,-0.13897594937856517
2018-03-29,0.00285174337614793,-0.13652052974550144
2018-04-02,-0.011400348740802015,-0.14636449683692565
2018-04-03,0.004000810254136749,-0.14294926316257572
2018-04-04,-0.0006914934320975033,-0.1435419081180731
2018-04-05,-0.002306831447122716,-0.145517612577569
2018-04-06,-0.0023045819278274034,-0.14748683724526956
2018-04-09,-0.0021052854000533842,-0.14928162076017049
2018-04-10,0.0008112932356190982,-0.14859143869367641
2018-04-11,-9.794264481514272e-05,-0.14867482789998898
2018-04-12,-0.009220536986321281,-0.1565245031367235
2018-04-13,0.0074480406328114295,-0.15024226336330504
2018-04-16,-0.002651282825987829,-0.1524952114567002
2018-04-17,-0.0069468824878527805,-0.15838272763060302
2018-04-18,-0.00035888951271372877,-0.1586847752433751
2018-04-19,-0.0023565762117212724,-0.16066739868859548
2018-04-20,0.005573772046812025,-0.15598915009742786
2018-04-23,-0.0014473616528801994,-0.15721073903619165
2018-04-24,0.003271841517678852,-0.15445326614151633
2018-04-25,0.0018510401662180725,-0.15288812517472972
2018-04-26,-0.0044916742069465755,-0.15669307573328062
2018-04-27,-0.006342320197636634,-0.16204159827186426
2018-04-30,0.0008919507841049952,-0.1612941806183955
2018-05-01,0.0038740356242330663,-0.15804500439585956
2018-05-02,0.00022500511085911623,-0.15785556021873515
2018-05-03,-0.005357798326951167,-0.16236760028924646
2018-05-04,0.0039655840917396335,-0.15904589857022777
2018-05-07,0.0020739622913575236,-0.15730179147510004
2018-05-08,-0.0031214809721135,-0.1599322578982446
2018-05-09,-0.0011057202783871904,-0.1608611378359055
2018-05-10,-0.0015594915856863719,-0.16216976783067283
2018-05-11,0.0011452188241881894,-0.16121026887731849
2018-05-14,-0.0004409219455531873,-0.16158010967747516
2018-05-15,0.000842629940911781,-0.1608736319748333
2018-05-16,-0.0036000960765865627,-0.163894567520121
2018-05-17,0.001373966310557769,-0.16274578682381924
2018-05-18,-0.0007044427519225201,-0.16333558448580776
2018-05-21,-0.001051965605890022,-0.16421572667460083
2018-05-22,0.0003386959273646565,-0.16393264994507017
2018-05-23,-0.0009450272705721964,-0.16472275639090717
2018-05-24,0.0001570533334342946,-0.1645915733154566
2018-05-25,0.0002494840777193706,-0.1643831522146062
2018-05-29,0.0006438248357114203,-0.16384516133486304
2018-05-30,0.0028063856672883767,-0.1614985883799993
2018-05-31,-0.001575143528035721,-0.16281934845176138
2018-06-01,0.00014026230518505197,-0.16270192356371882
2018-06-04,-0.0020964741884969273,-0.16445729736904557
2018-06-05,-0.00331424807481271,-0.16722649316266402
2018-06-06,-0.002155230285528279,-0.16902131184558544
2018-06-07,0.00036358751101886184,-0.16871917837264971
2018-06-08,-0.0018916871338579301,-0.17029170160754503
2018-06-11,-0.002992849993162405,-0.17277489408271574
2018-06-12,-0.0005233221330166084,-0.17320779928962926
2018-06-13,-0.0027479662046034623,-0.1754797963154111
2018-06-14,-0.008402090001127807,-0.18240748927451722
2018-06-15,0.0014623405950311718,-0.18121189055588993
2018-06-18,-0.003774434675211858,-0.18430235278782692
2018-06-19,-0.000290478887212604,-0.184539295732691
2018-06-20,-0.008838558389182368,-0.19174679278144136
2018-06-21,0.0011324521435333741,-0.19083148470440892
2018-06-22,-0.00034280180045328503,-0.19110886912832237
2018-06-25,-0.0027091130604561652,-0.19330024665545398
2018-06-26,0.00013205002306903741,-0.19319372193441509
2018-06-27,0.0009369272165908025,-0.19243780317397907
2018-06-28,-0.003113865139200117,-0.19495244294641145
2018-06-29,-0.003832087932932002,-0.19803745597523292
2018-07-02,-0.0023444875339649874,-0.1999176471624058
2018-07-03,-0.00017606943571898403,-0.2000585172107986
2018-07-05,0.0023196494902874686,-0.19820293335798678
2018-07-06,-0.0007444491002768948,-0.1987998304628531
2018-07-09,0.0034466432788042077,-0.19603837928354106
2018-07-10,0.0008081089272254689,-0.19538869072069354
2018-07-11,-0.0012025576078486396,-0.19635628217202838
2018-07-12,-0.0005872492121282904,-0.19682822131215472
2018-07-13,-0.005950713812292016,-0.2016076667092357
2018-07-16,-0.002445214274271534,-0.20355990703906723
2018-07-17,0.0011154345705197033,-0.20267153022603068
2018-07-18,-0.003049205167661246,-0.20510274831638897
2018-07-19,-0.0014074070363288595,-0.20622149230156694
2018-07-20,-0.0006430348253791201,-0.2067319195256545
2018-07-23,0.00019299628135092343,-0.2065788217360086
2018-07-24,-0.005957769270885208,-0.21130584205073932
2018-07-25,-0.0003810496589781153,-0.21160637369066393
2018-07-26,-0.017960862388823048,-0.22576660312103103
2018-07-27,0.001439380770237138,-0.2246521864578881
2018-07-30,0.004351780973920147,-0.22127804259474493
2018-07-31,0.001468851980686681,-0.22013421530520605
2018-08-01,-0.004976893929536325,-0.2240155245949067
2018-08-02,-0.0071080210199647095,-0.22953123855725233
2018-08-03,0.0013702917113186733,-0.22847547159961734
2018-08-06,-6.760033084432645e-05,-0.22852762691299167
2018-08-07,-0.0008319563867140566,-0.22916945828095492
2018-08-08,-0.003647429779400629,-0.2319810085536924
2018-08-09,-0.003212848407321847,-0.23444853714715364
2018-08-10,-0.0018019134219770243,-0.2358279946032823
2018-08-13,-0.005149084519842469,-0.2397627808467675
2018-08-14,-0.0043426261044758425,-0.24306420684025654
2018-08-15,0.00323314305770473,-0.24061692513547384
2018-08-16,0.0028726511505117814,-0.23843548247178514
2018-08-17,0.0005431191008644973,-0.23802186223577493
2018-08-20,-0.005465463481334379,-0.24218642592130046
2018-08-21,0.0006304670234488516,-0.24170864945292192
2018-08-22,-0.0022464506828430227,-0.24341211357515236
2018-08-23,-0.008087583435166424,-0.24953108123264955
2018-08-24,-0.0046814819038329125,-0.25304438789524797
2018-08-27,-0.0029882685138534187,-0.2552764918321466
2018-08-28,-0.0008426473497223567,-0.2559040311225802
2018-08-29,-0.00384190218039179,-0.2587627750478311
2018-08-30,5.099103719574411e-05,-0.25872497859292265
2018-08-31,-0.0019307328036875682,-0.26015618259330753
2018-09-04,0.0024904822971814266,-0.2583136146633771
2018-09-05,0.005138738537128109,-0.2545022822525844
2018-09-06,-0.003450688339966018,-0.25707476253468664
2018-09-07,-0.0007270672665836669,-0.2576149191563666
2018-09-10,-0.0070685928302341335,-0.26286253701609064
2018-09-11,-0.00627877280162973,-0.2674908556697363
2018-09-12,-0.007730050667719916,-0.2731531884699774
2018-09-13,0.002344945887889998,-0.2714487720281542
2018-09-14,0.0008762562862823053,-0.2708103744347652
2018-09-17,0.0037049440672420196,-0.2681087676576328
2018-09-18,-0.0065805892132228165,-0.2729250432064373
2018-09-19,-0.00012560653849135145,-0.2730163685749839
2018-09-20,-0.0010074056384706967,-0.27374873598435734
2018-09-21,-0.003684822410993139,-0.2764248429180143
2018-09-24,-0.004633571172974041,-0.2797775799073495
2018-09-25,-0.0005258119030365502,-0.2801562814286681
2018-09-26,-0.0006876009161804972,-0.2806512466290645
2018-09-27,-0.002274664053848104,-0.28228752338053786
2018-09-28,-0.001295791335977397,-0.2832175289894642
2018-10-01,-0.00276894826516654,-0.28520226256907055
2018-10-02,0.002236774245363757,-0.2836034213993408
2018-10-03,0.004714123006872019,-0.28022623980611494
2018-10-04,-0.0012238565392160667,-0.28110713962928435
2018-10-05,0.005168965877927629,-0.2773912069641423
2018-10-08,7.420378760763298e-05,-0.2773375866547405
2018-10-09,-0.005123554344003935,-0.2810401868018839
2018-10-10,0.017508076696413005,-0.2684525832507725
2018-10-11,0.0014070399653126789,-0.26742326679888495
2018-10-12,-0.009265555573454843,-0.2742109972321799
2018-10-15,0.0016736189361764595,-0.272996303013479
2018-10-16,-0.006673036322601439,-0.2778476250901356
2018-10-17,0.0032335839905793624,-0.2755124847318683
2018-10-18,-0.0035592671190879622,-0.27809112932315183
2018-10-19,0.004699713373529583,-0.2746983645491622
2018-10-22,-0.012658137134578161,-0.2838793321146328
2018-10-23,0.0004637171378769791,-0.28354725468814646
2018-10-24,0.005635824396499,-0.2795094528271793
2018-10-25,-0.007921056918606607,-0.2852164994606532
2018-10-26,-0.007548265523271684,-0.2906118751143778
2018-10-29,-0.006044027337748157,-0.2948994363342604
2018-10-30,-0.005111077901992989,-0.2985032602438952
2018-10-31,-0.002202263414617648,-0.3000481408493336
2018-11-01,-0.014807654078840207,-0.3104127858514778
2018-11-02,-0.002190236720773137,-0.31192314509008157
2018-11-05,0.002078720103275352,-0.3104928258991819
2018-11-06,-0.0005943141185865241,-0.31090260974761674
2018-11-07,-0.004929307624115237,-0.31429938276714575
2018-11-08,-0.002333651813511134,-0.3158995692560769
2018-11-09,-0.00427797661252394,-0.3188261348994169
2018-11-12,-0.0054969240221053135,-0.3225704958817186
2018-11-13,6.193193207723634e-05,-0.3225285413636825
2018-11-14,0.006463218938503511,-0.3181498950019287
2018-11-15,0.0002211390861107098,-0.31799911129284497
2018-11-16,0.011636793944420016,-0.31006280748104853
2018-11-19,-0.019470412697652827,-0.3234961693548525
2018-11-20,0.0010429118628982165,-0.32279063548457654
2018-11-21,-0.002570409080128132,-0.3245313405842748
2018-11-23,-0.002281040115793445,-0.32607211169336325
2018-11-26,-0.0049474260186911714,-0.3294063200626931
2018-11-27,-0.0012865215956670403,-0.33026905331385026
2018-11-28,-0.009651116544939605,-0.336732704734071
2018-11-29,0.0014621092541521512,-0.3357629354836862
2018-11-30,0.0018531830716712748,-0.33453198260014794
2018-12-03,-0.012250470951570515,-0.342684279216504
2018-12-04,-0.007433333731484474,-0.347570326336039
2018-12-06,0.00466160645902751,-0.3445289559552259
2018-12-07,-0.0023960992014187745,-0.3460995296004148
2018-12-10,-0.004295934524349528,-0.3489086432066928
2018-12-11,-0.0033216533985301177,-0.35107134302473886
2018-12-12,-0.00403933564701513,-0.3536925836812287
2018-12-13,-0.0020434271013272673,-0.35501326577152326
2018-12-14,-0.007753313434244381,-0.3600140500829263
2018-12-17,0.0007684677323642087,-0.35952224153124857
2018-12-18,-0.0008581464578477907,-0.36007186525100876
2018-12-19,0.004052819747147339,-0.35747835186974286
2018-12-20,0.0059932779314065925,-0.3536275410555527
2018-12-21,-0.0025359891072633685,-0.35526673457067093
2018-12-24,0.005706530487656583,-0.351587544535092
2018-12-26,-0.018640173105890563,-0.3636740649489735
2018-12-27,-0.0024232711809402466,-0.3652160552490674
2018-12-28,-0.0021005717707945704,-0.36654946448396486
2018-12-31,-0.003144629181578039,-0.36854143152303476
2019-01-02,-0.0011738425748063165,-0.3692826644749393
2019-01-03,-0.005004476458732645,-0.3724390745326891
2019-01-04,-0.0022060604384948643,-0.3738235118631078
2019-01-07,-0.007185321446422188,-0.37832279121256307
2019-01-08,-0.002251711162776905,-0.3797226287232337
2019-01-09,0.003011483793169058,-0.37785467347236423
2019-01-10,3.093772924953216e-05,-0.3778354257086982
2019-01-11,-0.002446490245683426,-0.3793575452709117
2019-01-14,0.0035393050965508224,-0.37716090226775323
2019-01-15,-0.004827184322723542,-0.3801674613959056
2019-01-16,-0.004660344468679484,-0.3830560945386968
2019-01-17,-0.004471555039949804,-0.3858147931685286
2019-01-18,-0.002771322079182898,-0.3875168981929281
2019-01-22,-0.003641952865778382,-0.3897475327807952
2019-01-23,-0.0024015793998699107,-0.3912131025347887
2019-01-24,0.005536866130614864,-0.3878423309814515
2019-01-25,0.0033504430170980806,-0.3857913315939252
2019-01-28,-0.005500989736198971,-0.38917008717471147
2019-01-29,-0.0033471458488484023,-0.3912146239817771
2019-01-30,0.0009642781454833852,-0.39062758554839294
2019-01-31,-0.005402621926561334,-0.3939197943161509
2019-02-01,-0.004527210988722901,-0.3966636472833702
2019-02-04,0.001829192132880109,-0.3955600291735004
2019-02-05,0.002153345106927632,-0.39425846131988973
2019-02-06,0.0009829563336329944,-0.3936630438378995
2019-02-07,-0.007360164985377174,-0.39812578387198394
2019-02-08,-0.0003566285407421903,-0.39834042939539205
2019-02-11,-0.006362275529322917,-0.4021683533584327
2019-02-12,0.0010504094274104109,-0.40154038536079606
2019-02-13,-7.717589392757115e-06,-0.40154500402637006
2019-02-14,-0.0015364667914461194,-0.40246451025385854
2019-02-15,0.0010746868048106479,-0.4018223467476223
2019-02-19,-0.0018242437104388815,-0.40291356856929306
2019-02-20,0.0022667456161216907,-0.4015601255184018
2019-02-21,-0.003348614908837715,-0.4035640702041339
2019-02-22,0.0030296317216735973,-0.4017570889912785
2019-02-25,0.0007340686916989278,-0.4013179376002761
2019-02-26,-0.0016456049334987312,-0.40230313175575827
2019-02-27,-0.0013241528978195501,-0.40309457379586155
2019-02-28,-0.00518425285377366,-0.40618908245509333
2019-03-01,0.0006235093450136756,-0.40581883579883293
2019-03-04,-0.0030232138100475376,-0.40761517250011603
2019-03-05,-0.0018789053226691348,-0.4087282075055739
2019-03-06,-0.0024235413899456894,-0.4101611791673916
2019-03-07,-0.0022587075548357823,-0.4114934525681416
2019-03-08,-0.003156758806926006,-0.41335122579468075
2019-03-11,0.008611238788784259,-0.40829945311485116
2019-03-12,0.0020324730843643093,-0.4070968376793034
2019-03-13,0.0018397806175747943,-0.40600602593316704
2019-03-14,-0.0022959162999700534,-0.40736978638031107
2019-03-15,0.00017213066836965676,-0.4072677765455446
2019-03-18,-0.0062112558693604,-0.4109493880474351
2019-03-19,0.005439539277341009,-0.40774522410737735
2019-03-20,0.005137808588535694,-0.404702332433195
2019-03-21,-0.0005091780154215212,-0.4050054449181517
2019-03-22,-0.0015176083812226241,-0.4059084136417257
2019-03-25,-0.006832757478151008,-0.4099676973711218
2019-03-26,0.0033271091410279033,-0.4080045955035436
2019-03-27,0.002576590348017701,-0.40647926585824723
2019-03-28,-0.00010692156884292768,-0.4065427260262825
2019-03-29,-0.0013263419166605031,-0.4073298532845009
2019-04-01,-0.004139545177838863,-0.40978323813238604
2019-04-02,0.0020429948074268144,-0.4085774283526342
2019-04-03,-0.0010947075230757467,-0.4092248630911334
2019-04-04,0.0005279714701856886,-0.4089129506735504
2019-04-05,0.0014298112205946665,-0.4080678077780753
2019-04-08,-0.0003067000200505615,-0.40824935339329826
2019-04-09,-0.005033542325988464,-0.41122795531942413
2019-04-10,0.0037091764033670986,-0.40904409594433266
2019-04-11,-0.0019786548043161448,-0.41021339368303145
2019-04-12,-0.002198962298669894,-0.4115103121945829
2019-04-15,-0.007534169850973689,-0.4159440934580554
2019-04-16,0.007084401860061207,-0.41180640670737
2019-04-17,0.001317695775760466,-0.41103134649415884
2019-04-18,-0.0015029894405624703,-0.4119165601612005
2019-04-22,5.80029439909448e-05,-0.41188244959037756
2019-04-23,0.0026605743163536574,-0.4103177191407609
2019-04-24,0.0013332911207623263,-0.4095315009916203
2019-04-25,-0.009939976300757937,-0.41540074387810766
2019-04-26,-0.01246172585355906,-0.42268585954209326
2019-04-29,-0.0037353743769218397,-0.42484234398979437
2019-04-30,-0.0049500123609204525,-0.4276893814965229
2019-05-01,0.0012787897850328794,-0.42695751652371483
2019-05-02,-0.0009012082132804929,-0.4274739471163823
2019-05-03,-0.00283452566746105,-0.4290967869085711
2019-05-06,0.0029709799970801145,-0.42740064488220775
2019-05-07,-0.005827277040981124,-0.43073733995796626
2019-05-08,0.001286619235279997,-0.4300049156696295
2019-05-09,-0.002846267332451599,-0.4316272740578171
2019-05-10,-0.0051139441362505625,-0.4345339004268538
2019-05-13,-0.004342887681908756,-0.436989656185227
2019-05-14,-0.0001279114496191881,-0.437061671654455
2019-05-15,-0.0009439593659684394,-0.4375930625619594
2019-05-16,0.0015672190160746524,-0.4367116477148342
2019-05-17,-0.004548524208451088,-0.4392737784215418
2019-05-20,-0.001225774801196366,-0.43996110249432274
2019-05-21,0.002457199606356552,-0.4385849751358275
2019-05-22,-5.2073036772695485e-05,-0.438614209721062
2019-05-23,-0.0027120301538761746,-0.4401367049122561
2019-05-24,-0.0007094283667789936,-0.44053388781530967
2019-05-28,-0.007286414599592067,-0.4446103898631092
2019-05-29,-0.002093441688017007,-0.44577306562606134
2019-05-30,-0.001499729522223619,-0.4466042561215534
2019-05-31,-0.003993883145376827,-0.4488144540557528
2019-06-03,-0.006052610894818198,-0.45215056569620127
2019-06-04,-0.005664283133731604,-0.45525374000675267
2019-06-05,-0.004494239183757647,-0.45770195999361973
2019-06-06,-0.007700198572313871,-0.4618777625870455
2019-06-07,0.002007955665652334,-0.4607972369916187
2019-06-10,-0.009500853916057483,-0.46592012367409585
2019-06-11,-0.0004504098313791716,-0.46616067850113474
2019-06-12,-0.005444351564723525,-0.4690670874464481
2019-06-13,0.0020862358245348185,-0.46795943618385427
2019-06-14,-0.006296047910926583,-0.47130918906419716
2019-06-17,-0.007386236691686597,-0.4752142245304888
2019-06-18,0.004709522615809925,-0.4727427340524598
2019-06-19,-0.000464400692487705,-0.47298759269188495
2019-06-20,-0.01064031593356834,-0.4785951712065537
2019-06-21,-0.00037415383215756736,-0.47879025682135223
2019-06-24,-0.0026301247111854935,-0.480161103446597
2019-06-25,-0.0043761773338041,-0.48243601064292374
2019-06-26,-2.61205530442134e-05,-0.48244952970056154
2019-06-27,-0.0016233802062938655,-0.48328971088980366
2019-06-28,0.0012495613301392045,-0.4826440496936465
2019-07-01,-0.0013287995465563974,-0.4833315120458218
2019-07-02,0.0009611660475833984,-0.48283490783734395
2019-07-03,0.0028583401852308845,-0.48135667407201677
2019-07-05,-0.0016066421915117038,-0.4821899483217986
2019-07-08,-0.009763915687163685,-0.48724580200835044
2019-07-09,-0.0012781460517492908,-0.48790117676203126
2019-07-10,0.0014793498163628268,-0.48714360346191454
2019-07-11,-0.0035351887092259643,-0.48895664760441027
2019-07-12,-0.0009323897434769951,-0.48943313918465603
2019-07-15,-0.0017079425360670049,-0.49030515804374875
2019-07-16,-0.003667513733628538,-0.49217447087658295
2019-07-17,-0.0028839081947788997,-0.4936389930815399
2019-07-18,-0.0023430687514084296,-0.49482543173378224
2019-07-19,0.0003563715614238028,-0.49464540188409756
2019-07-22,-0.002050437357381829,-0.49568159983079907
2019-07-23,0.0006233679434116442,-0.49536722390686094
2019-07-24,-0.001480403091756855,-0.4961142838287911
2019-07-25,-0.004998735660313015,-0.49863307532693846
2019-07-26,0.009454848236172937,-0.49389272714351795
2019-07-29,0.0016708336480357926,-0.4930471060825137
2019-07-30,-0.003532697912641386,-0.49483801751266354
2019-07-31,-0.005782548427105487,-0.49775914113992914
2019-08-01,-0.002951258283625112,-0.4992413836350149
2019-08-02,0.0006738304072308981,-0.49890395725262526
2019-08-05,0.005013090268029104,-0.49639191755738044
2019-08-06,-0.00650819435336234,-0.49966949683584116
2019-08-07,-0.002581250844150218,-0.5009609753694877
2019-08-08,-0.00047663481600297133,-0.5011988347431708
2019-08-09,-0.000879782718677909,-0.5016376713884203
2019-08-12,-0.004991308703851373,-0.5041251516168909
2019-08-13,0.0025298279628591224,-0.5028706735593726
2019-08-14,-0.004536383322129439,-0.5051258427447793
2019-08-15,-0.006448693503227709,-0.5083171345075864
2019-08-16,0.0019836206538891865,-0.5073418222204322
2019-08-19,0.00363997857642937,-0.5055485570078119
2019-08-20,-0.003737005392080237,-0.5073963247163955
2019-08-21,0.0035486763783679374,-0.5056482336900194
2019-08-22,-0.004829900814226362,-0.5080359036886342
2019-08-23,-0.0036154046471869898,-0.5098145529686875
2019-08-26,0.00128872128589089,-0.5091828405490643
2019-08-27,-0.0074581204270156715,-0.5128434140318952
2019-08-28,0.00039958675971764205,-0.512648752710233
2019-08-29,0.002939870950756049,-0.5112160029355111
2019-08-30,-0.0004553568320026543,-0.5114385740679479
2019-09-03,-0.0025434406037288535,-0.5126812010360793
2019-09-04,0.0034926894068982943,-0.5109791478291555
2019-09-05,0.003556676929719472,-0.5092398586460878
2019-09-06,0.0018308660852777855,-0.5083413425472767
2019-09-09,-0.002966974524940577,-0.5098000812589054
2019-09-10,-0.002232412525423682,-0.5108944096974648
2019-09-11,0.0005910196670818352,-0.5106053386743163
2019-09-12,-0.0011375240297540083,-0.5111620368616077
2019-09-13,-0.001756425923074898,-0.512020644532247
2019-09-16,-0.0039884067761779135,-0.5139669047002295
2019-09-17,-0.0028685539461157012,-0.5153611168536947
2019-09-18,-0.0022245454147127304,-0.5164392180589892
2019-09-19,-0.0007543803672648555,-0.5168040068192647
2019-09-20,-0.0008652798230798816,-0.5172221065627571
2019-09-23,-0.004704571349455658,-0.5194933696083726
2019-09-24,-0.004588471593432282,-0.5216981606323804
2019-09-25,0.0005676352374707222,-0.5214266596542082
2019-09-26,-0.004964345902644926,-0.523802463255469
2019-09-27,-0.0037344221390417254,-0.5255807858792448
2019-09-30,-0.0020728847557145314,-0.5265642022360137
2019-10-01,-0.002577768270977578,-0.5277846100138348
2019-10-02,-0.00299704139257294,-0.5291998590838333
2019-10-03,0.0046831939335571044,-0.5269950107199768
2019-10-04,0.0009481929920009657,-0.52654651070396
2019-10-07,-0.002660543955706466,-0.5278061545232147
2019-10-08,-0.0023806007378835295,-0.5289302595401808
2019-10-09,-0.0026042524866471714,-0.5301570440831576
2019-10-10,-0.0018161048840450436,-0.5310103281701322
2019-10-11,-0.0005898144950475307,-0.5312869450766051
2019-10-14,-0.0014359030965101177,-0.5319599716035444
2019-10-15,0.010226617317461531,-0.52717350534388
2019-10-16,-0.008264580494173253,-0.5310812179687432
2019-10-17,-0.005211802645872818,-0.5335251301176331
2019-10-18,0.005037308455431868,-0.5311753523113283
2019-10-21,-0.0016565505613374612,-0.5319519840446258
2019-10-22,-0.0031344891964159073,-0.5334190754940418
2019-10-23,0.0016858420803382102,-0.5326324937376266
2019-10-24,-0.0030364061887985776,-0.5340516113260849
2019-10-25,0.006377886419760151,-0.5310798454256525
2019-10-28,0.0005583824392965782,-0.530818008645906
2019-10-29,0.0018834610760110912,-0.5299343226276252
2019-10-30,-0.002918489178632738,-0.5313062042202832
2019-10-31,-0.0035692618454027988,-0.5329790951027368
2019-11-01,0.00014546713381974623,-0.5329111589102675
2019-11-04,-0.010792085797243898,-0.5379520217582431
2019-11-05,-0.0005922942726761706,-0.5382256901294573
2019-11-06,-6.4733974645437035e-06,-0.5382286793781039
2019-11-07,-0.005222541341260465,-0.5406402991902601
2019-11-08,0.0035216056326422603,-0.5390226154804797
2019-11-11,-0.002744354262978337,-0.5402877007308224
2019-11-12,0.0011625145303867251,-0.5397532785031246
2019-11-13,-0.001963183105729998,-0.5406568270912349
2019-11-14,-0.004451554112058142,-0.5427016180814427
2019-11-15,0.00020063662886416682,-0.5426098672757095
2019-11-18,-0.006712678720069858,-0.5456801802864177
2019-11-19,0.0031382308980649467,-0.5442544197905892
2019-11-20,-0.0004939567720679729,-0.5444795384062737
2019-11-21,0.0004464881555505711,-0.5442761539155612
2019-11-22,0.001651071419719402,-0.5435237212980066
2019-11-25,-0.004633232873964649,-0.5456386821986737
2019-11-26,-0.0012252214143728254,-0.5461953754151065
2019-11-27,0.001088194506312681,-0.5457015477156941
2019-11-29,-0.0007748686796857564,-0.546053569357599
2019-12-02,-0.0010049130557156097,-0.5465097460523469
2019-12-03,0.0033295092072096965,-0.5449998460764485
2019-12-04,-0.0035357177541079413,-0.5466085981987978
2019-12-05,-0.0034954411602173005,-0.5481934011663423
2019-12-06,-0.002247188332734194,-0.5492086956838936
2019-12-09,-0.0004439621752413068,-0.5494088299719377
2019-12-10,-0.0015008068811959375,-0.550085080300522
2019-12-11,-0.0013029912507601955,-0.5506713155044769
2019-12-12,-0.0029780955964588485,-0.5520094592811357
2019-12-13,-0.004817558333144739,-0.5541676798437458
2019-12-16,-0.001138943706886527,-0.5546754577591144
2019-12-17,-0.0015421592607371404,-0.5553622191259647
2019-12-18,0.0032786528384595704,-0.5539044062036157
2019-12-19,-0.00404381538557802,-0.555708334429248
2019-12-20,-0.00041659082979937005,-0.5558934222628811
2019-12-23,-0.002539179395410824,-0.5570210885344377
2019-12-24,-0.0015973753658640347,-0.55772869213521
2019-12-26,-0.0009607429441495439,-0.5581536011736408
2019-12-27,0.0002458045158106976,-0.5580449933335145
2019-12-30,-0.003575379129511192,-0.5596251500405329
2019-12-31,0.0007697117829388936,-0.5592861883296092
2020-01-02,0.004101630194635567,-0.557478543252469
2020-01-03,0.0013340440229520217,-0.556888200148067
2020-01-06,-0.0013963294754776169,-0.5575069302151321
2020-01-07,-6.041895428028155e-05,-0.5575336651836849
2020-01-08,-0.005115835853752927,-0.5597972503234168
2020-01-09,-0.0014577895004108607,-0.5604389732699473
2020-01-10,-0.0018041230730552723,-0.5612319954602869
2020-01-13,9.035385345161412e-05,-0.5611923510803054
2020-01-14,0.002494106940760498,-0.5600979178774761
2020-01-15,-8.7794036551707e-05,-0.5601365386569531
2020-01-16,-0.0006590255777133512,-0.5604264199286797
2020-01-17,-0.0037346439058463807,-0.5620680707206642
2020-01-21,0.00013038050974646046,-0.5620109729324905
2020-01-22,-0.004582092682444042,-0.5640178792484072
2020-01-23,0.0020686663245980874,-0.5631159777170816
2020-01-24,-0.00856942442229189,-0.566859822327342
2020-01-27,-0.008521376371747972,-0.5705507728030165
2020-01-28,-0.0019842971674120546,-0.5714029276880908
2020-01-29,-0.004184430983787017,-0.5731963625570331
2020-01-30,-0.001665767072605429,-0.5739073180027539
2020-01-31,-0.003505282497004174,-0.5754008932230604
2020-02-03,-0.0061472455188157325,-0.5780110081794881
2020-02-04,0.001656735562969627,-0.5773118840095575
2020-02-05,0.006225935321313718,-0.574680255138313
2020-02-06,-0.002091359148233324,-0.5755697514776539
2020-02-07,-0.0036687167285928655,-0.5771268658305286
2020-02-10,-0.00381753003070757,-0.5787411967194
2020-02-11,0.0024946765895018466,-0.5776902922447343
2020-02-12,0.0013712826291564341,-0.5771111862783653
2020-02-13,-0.002409212340583746,-0.5781300152270783
2020-02-14,-0.006709302304213321,-0.5809604684879938
2020-02-18,-0.0031016268271456516,-0.582260172740566
2020-02-19,0.0024437568016852686,-0.5812393181963659
2020-02-20,-0.005643400161536898,-0.5836025522957018
2020-02-21,-0.0017899117431509188,-0.5843478669771658
2020-02-24,-0.015126238992397551,-0.590635120478969
2020-02-25,-0.005841322717251656,-0.5930263528493602
2020-02-26,-0.0014443389319079027,-0.5936141607322003
2020-02-27,-0.0029418054947174532,-0.5948096688271337
2020-02-28,0.0034584582859285475,-0.5934083349689108
2020-03-02,0.008251649469023183,-0.5900532830720477
2020-03-03,-0.011066139214404623,-0.5945898105120606
2020-03-04,0.002861297541913729,-0.593429811333412
2020-03-05,-0.013360219458440922,-0.5988616782792573
2020-03-06,-0.012235704505330038,-0.6037698882495963
2020-03-09,-0.01621557717740225,-0.6101949882066957
2020-03-10,0.009451908493926438,-0.6065105869047516
2020-03-11,-0.01531514993822667,-0.6125369362654101
2020-03-12,-0.03398222303266661,-0.6257037925141592
2020-03-13,0.01598421500923188,-0.6197209614565654
2020-03-16,-0.02967623012750811,-0.6310062097170479
2020-03-17,0.025089719479822945,-0.621748259029052
2020-03-18,-0.01721129409695572,-0.6282584609855886
2020-03-19,0.0009211964856937918,-0.6279160139862621
2020-03-20,-0.005678002405937978,-0.630028707754059
2020-03-23,-0.017434266766911583,-0.6364788859591737
2020-03-24,-0.0008903814704667689,-0.6368025584232391
2020-03-25,-0.010232925407119828,-0.6405191307509509
2020-03-26,-0.005759111757623679,-0.6425894212516838
2020-03-27,0.003666770837259697,-0.6412788785646014
2020-03-30,-0.004968874968529428,-0.6430613189655845
2020-03-31,-0.0009211790675559278,-0.6433901234069546
2020-04-01,0.0030741423255128773,-0.6422938538916239
2020-04-02,0.004596474575111953,-0.6406496666856754
2020-04-03,-0.004350193192080944,-0.6422129100592314
2020-04-06,0.00675760286386939,-0.6397951269955922
2020-04-07,-0.0016744494338565004,-0.6403982718412669
2020-04-08,0.006505460037730941,-0.6380588971692311
2020-04-09,-0.0016798293330749386,-0.6386668964506117
2020-04-13,0.0025457661378462796,-0.6377470268711127
2020-04-14,-0.0002845791842387866,-0.6378501165266939
2020-04-15,-0.0034704043495135213,-0.6391069230574755
2020-04-16,-0.010461022367507088,-0.6428822336076496
2020-04-17,0.014655624456134097,-0.63764844973679
2020-04-20,-0.003852829404127034,-0.6390445284442752
2020-04-21,-0.004137650964290096,-0.6405380361992234
2020-04-22,-0.0024770226002260145,-0.6414284316074796
2020-04-23,-0.0008862363682217064,-0.6417462107719993
2020-04-24,-0.0015836438834591073,-0.6423135571940364
2020-04-27,-0.004172593069048923,-0.6438060371661812
2020-04-28,-0.0034264783774687947,-0.6450265280780163
2020-04-29,0.0009237982963258458,-0.6446986041894138
2020-04-30,-0.0013791724393701832,-0.6451886260821855
2020-05-01,-0.00417559944909512,-0.6466701762596494
2020-05-04,-0.0012871078579515826,-0.6471249498522342
2020-05-05,-0.0014973002789048595,-0.6476533097632391
2020-05-06,-0.004449765266975987,-0.6492211698273885
2020-05-07,0.005401719694402489,-0.6473263609120656
2020-05-08,0.0007475502787714949,-0.6470627196348502
2020-05-11,-0.012242194224781549,-0.6513834463702465
2020-05-12,0.0003500904533020433,-0.6512613990429577
2020-05-13,0.00042408488280116564,-0.6511135042742425
2020-05-14,-0.0026381258022164056,-0.6520339107406615
2020-05-15,-0.007542034904381277,-0.6546582831313965
2020-05-18,-0.0025674342376393955,-0.6555449252789701
2020-05-19,0.002132069957547376,-0.6548105229624327
2020-05-20,-0.004853541165709043,-0.6564859142992041
2020-05-21,-0.0022727925123519144,-0.6572666505410723
2020-05-22,-0.0002569386879539063,-0.6573547119982004
2020-05-26,0.010613235678590642,-0.6537181368024787
2020-05-27,0.007704421923545432,-0.6510502352239336
2020-05-28,-0.008826149474723849,-0.6541301180070169
2020-05-29,-0.001946804228809776,-0.6548034589558988
2020-06-01,0.0027957114596461026,-0.6538383890302715
2020-06-02,0.0013688437361101412,-0.6533645478774138
2020-06-03,0.009961654385362857,-0.6499114853056547
2020-06-04,-0.002650081027688091,-0.6508392482364576
2020-06-05,0.0042286456059546194,-0.6493627711577409
2020-06-08,-0.00021793759430791763,-0.6494391881918695
2020-06-09,-0.008476759666096567,-0.6524108079419187
2020-06-10,-0.007474503152513127,-0.6550088644537364
2020-06-11,-0.016726983588606824,-0.6607795255162335
2020-06-12,0.0055588562964361725,-0.6588938476457694
2020-06-15,-0.00011120215993636078,-0.6589317793866788
2020-06-16,0.0037005691630848108,-0.6576696328469689
2020-06-17,-0.005082890793813458,-0.6594096607186137
2020-06-18,-0.003277166160015436,-0.6605258318529349
2020-06-19,0.0012216712775617745,-0.6601111060122355
2020-06-22,-0.0047785489272189965,-0.6617352817219744
2020-06-23,-0.005332517715266256,-0.6635390843246415
2020-06-24,-0.0013214415192420676,-0.6639836977482171
2020-06-25,-0.00030383775833462616,-0.6640857921882571
2020-06-26,-0.010248157833010862,-0.6675282940082627
2020-06-29,-0.00042550133670375006,-0.6676697611635783
2020-06-30,0.004966021078355594,-0.6660194021925417
2020-07-01,-0.0017782796032457223,-0.6666133130775025
2020-07-02,0.0012592904084347922,-0.6661934824203612
2020-07-06,-0.001422701454347947,-0.6666683894383926
2020-07-07,-0.009141478979090656,-0.6697155333494079
2020-07-08,0.00024422300572715156,-0.6696348702842175
2020-07-09,-0.014389403241940676,-0.6743886273527739
2020-07-10,0.0006310135965476787,-0.674183162149443
2020-07-13,0.0044811688572276645,-0.6727231218825067
2020-07-14,0.0026580015851532515,-0.6718532194216864
2020-07-15,0.005329790003425445,-0.6701042659909038
2020-07-16,0.0009823916661720186,-0.6697801791711075
2020-07-17,0.0021946275555357335,-0.6690554696529325
2020-07-20,-0.004503664487370315,-0.670545932781546
2020-07-21,0.011300044893850916,-0.6668230870315156
2020-07-22,0.009229859951667939,-0.6637479107856874
2020-07-23,0.003410636686858201,-0.6626010770741804
2020-07-24,-0.01690031183548376,-0.668303224084583
2020-07-27,-0.0028365534513053485,-0.6692440997190927
2020-07-28,-0.0011353013353591372,-0.6696196073343597
2020-07-29,0.006290857497461272,-0.6675412313641448
2020-07-30,-0.005880135872443698,-0.669496134095709
2020-07-31,-0.005915914166558944,-0.6714513665981147
2020-08-03,-0.000531171845349301,-0.6716258823820058
2020-08-04,0.008256456330201091,-0.6689146758199245
2020-08-05,0.00026093294108177676,-0.6688282847525372
2020-08-06,4.538806750679512e-05,-0.6688132535083692
2020-08-07,0.0023006321506845225,-0.6680513146315099
2020-08-10,-0.004172672326199305,-0.6694364277246654
2020-08-11,-0.0037397913049088153,-0.6706726664979803
2020-08-12,-0.0030889887651897874,-0.6716899549312378
2020-08-13,-0.00187524052673304,-0.6723056152330844
2020-08-14,-0.0014369219638858642,-0.6727764864919981
2020-08-17,-0.006964717311123074,-0.6750555057611338
2020-08-18,-0.0032784847666589684,-0.6761208313355056
2020-08-19,-1.7056957083418886e-05,-0.6761263557285857
2020-08-20,-0.002535033835812324,-0.6769473863753416
2020-08-21,-0.0018364285775807226,-0.677540649427064
2020-08-24,0.002086007125443411,-0.676867996924103
2020-08-25,0.0012395387055813888,-0.6764674622992783
2020-08-26,0.022660673224125332,-0.6691359971850703
2020-08-27,0.0018327159532383883,-0.6685296174487592
2020-08-28,-0.0012748671736117557,-0.6689521981584983
2020-08-31,-0.010848203208063179,-0.6725434719844575
2020-09-01,-0.008075376186901928,-0.6751878066330398
2020-09-02,0.004518070753387438,-0.6737202821618449
2020-09-03,0.005668756464665839,-0.6718706819020606
2020-09-04,0.00035780613792726874,-0.6717532752180113
2020-09-08,-0.0018039839397294643,-0.6723454270377868
2020-09-09,-0.009758822900575453,-0.6755429499878887
2020-09-10,0.0030421080975598343,-0.6745559165687365
2020-09-11,0.00013996520861523656,-0.6745103657197065
2020-09-14,-0.0035608173172382933,-0.6756693748460334
2020-09-15,-0.0036517595761032828,-0.6768537523122629
2020-09-16,0.00782541779936004,-0.6743249979138108
2020-09-17,0.0011371631449284042,-0.673954652304214
2020-09-18,0.0010845962067867366,-0.6736010247568627
2020-09-21,-0.002524502568140943,-0.6744250198081025
2020-09-22,-0.00558636003177646,-0.676243798864793
2020-09-23,-0.004217867393244908,-0.6776093595889221
2020-09-24,-0.002002482570725374,-0.6782549412273102
2020-09-25,0.0013130347595148382,-0.6778324787814395
2020-09-28,-0.00042076408277268564,-0.6779680353030042
2020-09-29,-0.007569754633768005,-0.6804057382599906
2020-09-30,0.002987466760984864,-0.6794509610260409
2020-10-01,-0.0033602554173433716,-0.6805280876707773
2020-10-02,-0.0025114524683637293,-0.6813304261935694
2020-10-05,0.0002330441166707249,-0.6812561621242319
2020-10-06,-0.004559700428645445,-0.6827095385384221
2020-10-07,0.0030088663201280376,-0.6817548539552325
2020-10-08,-0.0013102301521176083,-0.6821718283413455
2020-10-09,-0.0031504962370558194,-0.6831731448001863
2020-10-12,-0.002487893768862902,-0.6839613763590464
2020-10-13,-0.0035786948998678186,-0.6850923821696315
2020-10-14,-0.005185480823165626,-0.6867253295829596
2020-10-15,0.0007286353889479905,-0.6864970665716328
2020-10-16,-0.00521911474313893,-0.688133274353506
2020-10-19,-0.00873411852261678,-0.690857155298563
2020-10-20,0.002330181601520675,-0.6901367963295979
2020-10-21,0.0011853365669935918,-0.6897695041435216
2020-10-22,0.008232794441310495,-0.6872154402417093
2020-10-23,-0.010804257896628812,-0.6905948452914215
2020-10-26,-0.006399984825037493,-0.6925750335863446
2020-10-27,-0.012112389546403722,-0.696298684535837
2020-10-28,-0.010091215711655105,-0.6993634000220992
2020-10-29,0.005226982068430946,-0.6977919779049007
2020-10-30,-0.0012165910129326237,-0.6981596414686178
2020-11-02,-0.0016192686352717797,-0.6986484020940467
2020-11-03,-0.0035955745882060323,-0.6997319342415926
2020-11-04,0.004565116835962497,-0.6983611754392971
2020-11-05,0.006010091273509222,-0.6965482985720532
2020-11-06,0.0003110262380781303,-0.6964539171309196
2020-11-09,0.01919845289409556,-0.6906263019577703
2020-11-10,0.007815419096078075,-0.6882084168502669
2020-11-11,-0.005348034749753347,-0.6898758890716322
2020-11-12,-0.0022352514565625644,-0.6905690944423
2020-11-13,-0.0033115811252894933,-0.6915937999887262
2020-11-16,0.002367230160894141,-0.6908637315302527
2020-11-17,0.0005628837036224554,-0.6906897237625325
2020-11-18,-0.0026608103782772216,-0.6915127397556529
2020-11-19,0.00036362144626488454,-0.6914005671719285
2020-11-20,0.00046605932854827496,-0.6912567415274744
2020-11-23,-0.0009522785040974813,-0.6915507510958028
2020-11-24,0.002967244309901894,-0.6906355068170983
2020-11-25,-0.0014520818249129802,-0.6910847293749226
2020-11-27,-0.002229387287804127,-0.6917734211522627
2020-11-30,-0.0090147317969018,-0.6945520010932517
2020-12-01,-0.0001961679663854769,-0.6946119202060337
2020-12-02,-0.0015415325144793252,-0.6950826858605705
2020-12-03,0.0009263906826395267,-0.6948002133017762
2020-12-04,0.0046275966590165665,-0.6933878717885189
2020-12-07,-0.0061551847921858934,-0.695275126097186
2020-12-08,-0.003803440733304829,-0.6964341290950391
2020-12-09,0.0017630557600275894,-0.6958989255377923
2020-12-10,-0.0006510780126350439,-0.6960969190609934
2020-12-11,-0.001592618279579185,-0.6965809206629173
2020-12-14,-0.003643754304786501,-0.6976865052394061
2020-12-15,0.004239693053962853,-0.6964047888155505
2020-12-16,-0.00216635811947553,-0.6970624847663338
2020-12-17,-7.818295196089281e-05,-0.6970861693155344
2020-12-18,-0.0040469564756304656,-0.6983120484041809
2020-12-21,-0.010980136655055353,-0.7016246233398867
2020-12-22,0.0006169101104477588,-0.7014405525533165
2020-12-23,-0.0016638625503218962,-0.7019373144369678
2020-12-24,-0.002619708731508366,-0.7027181518568741
2020-12-28,-0.008225585259361772,-0.7051634690448361
2020-12-29,0.0015927116627147437,-0.7046938794633893
2020-12-30,0.0019848476033820276,-0.7041077418177781
2020-12-31,-0.00284785435690805,-0.7049503998744178
2021-01-04,-0.0065460812291889305,-0.7068818185234795
2021-01-05,-0.001236988494972436,-0.7072444023416332
2021-01-06,-0.006277056334394511,-0.7090820457203442
2021-01-07,-0.012680731493507518,-0.7127710981852049
2021-01-08,-0.00044065535734004154,-0.7128976671395726
2021-01-11,-0.009864296633106033,-0.7157297297149645
2021-01-12,-0.0010275095170777806,-0.7160218201231048
2021-01-13,0.006643103600086231,-0.7141353236540187
2021-01-14,0.005311354214358168,-0.7126169951005723
2021-01-15,-0.0055257174041764955,-0.7142049923724096
2021-01-19,0.002457077356221235,-0.7135027719306468
2021-01-20,0.006516655067019755,-0.7116357683176615
2021-01-21,0.008255028393392906,-0.7092553133974848
2021-01-22,-0.009769973190686319,-0.7120958811909259
2021-01-25,-0.004739784052889792,-0.7134604845420185
2021-01-26,-0.0025990351568392425,-0.7142052108165173
2021-01-27,-0.0014102289882935268,-0.7146082469129271
2021-01-28,-0.0029484141086719897,-0.7154496999842277
2021-01-29,0.0033355632496260184,-0.7145005644608251
2021-02-01,-0.0067320272133604905,-0.7164225544302739
2021-02-02,-0.012256595563301866,-0.7198982484914963
2021-02-03,-0.002940574161434802,-0.7207219084645549
2021-02-04,-0.003062355789433269,-0.7215771573450303
2021-02-05,0.00034415602105510165,-0.7214813364473314
2021-02-08,-0.01456734866772744,-0.7255386149297725
2021-02-09,0.004859022931399642,-0.7242050007659326
2021-02-10,-0.003873896260369104,-0.7252734019820939
2021-02-11,0.0013560254663703161,-0.7249008657188925
2021-02-12,0.0015911662547435255,-0.7244631372597152
2021-02-16,-0.003081038425477243,-0.7253120769214534
2021-02-17,-0.0014067281552684315,-0.7256984881567603
2021-02-18,0.0007581302651583764,-0.7254905318788532
2021-02-19,-0.0014064944957658029,-0.7258766279348011
2021-02-22,-0.010761305200348176,-0.7288265532041434
2021-02-23,-0.003613455239542849,-0.7298064263162927
2021-02-24,-0.009420206255766264,-0.7323517055093758
2021-02-25,0.0032934129078594377,-0.7314702291615338
2021-02-26,-0.00179562341111049,-0.7319524075046315
2021-03-01,-0.004339856364405022,-0.7331156955548859
2021-03-02,-0.0014317223827889863,-0.733497799787175
2021-03-03,-0.0015441328595913817,-0.7339093145916771
2021-03-04,-0.0020327541606672012,-0.7344502115395557
2021-03-05,-0.0033757301195396867,-0.735346635958699
2021-03-08,-0.011131597243188891,-0.7382926506162618
2021-03-09,0.011569985850328104,-0.735264700286965
2021-03-10,-0.0019035181131440778,-0.7357686287251575
2021-03-11,-0.0012935583200453242,-0.736110427413887
2021-03-12,-0.0019427350747866293,-0.7366230949424204
2021-03-15,-0.0066725185901507465,-0.7383804822376335
2021-03-16,-0.0011197342202635776,-0.7386734265643609
2021-03-17,0.004617267730775583,-0.7374668118096424
2021-03-18,0.0003497411131444322,-0.7373749931601673
2021-03-19,0.00010929020498387499,-0.7373462908193358
2021-03-22,0.003929280992360074,-0.7363142505922794
2021-03-23,-0.00216085111308209,-0.736884036237391
2021-03-24,-0.005325745064458197,-0.7382853247827799
2021-03-25,-0.003307200328182993,-0.7391508676425484
2021-03-26,-0.005521857337068369,-0.7405912393379244
2021-03-29,-0.0009078724150128037,-0.7408267493959422
2021-03-30,-0.0008244734376129762,-0.741040430856805
2021-03-31,0.0047982488662962255,-0.7397978783977471
2021-04-01,-0.00251327612371359,-0.7404518381773098
2021-04-05,-0.0050291361891753724,-0.7417571412307662
2021-04-06,0.0013924614148491177,-0.7413975480142696
2021-04-07,-0.0031829430485967106,-0.7422206648911677
2021-04-08,0.0020318476467302304,-0.7416968965557511
2021-04-09,-0.004628300079373611,-0.7428924008299246
2021-04-12,0.004529377687893554,-0.7417278634068558
2021-04-13,0.002720354639703568,-0.7410252716017685
2021-04-14,-0.0029562598152643345,-0.7417908681845011
2021-04-15,0.0007628708605169671,-0.7415938879619197
2021-04-16,-0.0030090233784803837,-0.7423714379941845
2021-04-19,-0.0006155712223512091,-0.742530026723011
2021-04-20,0.0023913897667055465,-0.7419143156636825
2021-04-21,-0.0009276522451383076,-0.742153729428195
2021-04-22,0.001703450818129501,-0.7417145009876379
2021-04-23,0.002510708210903419,-0.7410660214645103
2021-04-26,-0.004036461533149613,-0.7421111985084942
2021-04-27,-0.0016891183593632478,-0.7425468032177677
2021-04-28,-0.003853416076711385,-0.743538877505249
2021-04-29,-0.005849418147901755,-0.7450390258494011
2021-04-30,-0.0007846709323350798,-0.7452390863146969
2021-05-03,-0.010989754630066505,-0.7480388462454299
2021-05-04,-0.0070574487879362414,-0.7498170491846021
2021-05-05,-0.007745108760061858,-0.7517547433485806
2021-05-06,-0.0011207821352070921,-0.7520329721973854
2021-05-07,-0.0036486653061373496,-0.7529377208887948
2021-05-10,-0.004547840892572792,-0.754061320824749
2021-05-11,0.0020276766119400147,-0.7535626367170138
2021-05-12,-0.0049817004488782405,-0.7547903138403012
2021-05-13,-0.00542233938646672,-0.756119923979508
2021-05-14,-0.007030350841856954,-0.7578344864772708
2021-05-17,-0.004698814692338847,-0.7589723773501892
2021-05-18,0.006055299093195051,-0.7575128830053228
2021-05-19,0.0011609081370464601,-0.7572313777380748
2021-05-20,-0.0012608233849884447,-0.7575374660941641
2021-05-21,-0.0055459712091940104,-0.758882156326514
2021-05-24,-0.004710361337068966,-0.760017908495031
2021-05-25,0.002353843493460393,-0.7594530282103951
2021-05-26,-0.0014364735397737164,-0.7597985675704435
2021-05-27,-0.003544357385134593,-0.7606499272913951
2021-05-28,0.003678869235749788,-0.7597693896723329
2021-06-01,-0.004028361405053307,-0.7607371253912893
2021-06-02,-0.001991957275141237,-0.7612137268150373
2021-06-03,-0.0046719941289743785,-0.7623293348814372
2021-06-04,-0.001969804090119631,-0.7627974995296891
2021-06-07,-0.0031870622266476057,-0.7635534786590044
2021-06-08,-0.0013206034379630019,-0.7638657307479817
2021-06-09,-0.001484750855770613,-0.7642163313063304
2021-06-10,-6.582846407833238e-06,-0.764217883434007
2021-06-11,0.004056180672347114,-0.7632615085699068
2021-06-14,-0.0013595921266009337,-0.7635833763589186
2021-06-15,-0.00037369900829352967,-0.7636717250167173
2021-06-16,0.00010139554115669503,-0.7636477623833848
2021-06-17,0.002171825371430008,-0.7631344465971348
2021-06-18,0.0015005921601578152,-0.762779008004687
2021-06-21,-0.008242468811979636,-0.7647342946327552
2021-06-22,-0.002791197754726339,-0.7653909677413404
2021-06-23,-0.0018189667666625342,-0.7658177137741777
2021-06-24,-0.002167154622913628,-0.7663252229983766
2021-06-25,0.006184739187456838,-0.7648800054479343
2021-06-28,-0.0008233708760242017,-0.7650735964038196
2021-06-29,0.004854176290653184,-0.7639332222254345
2021-06-30,0.0037427063214815815,-0.7630496936039659
2021-07-01,-0.005297608419764188,-0.7643049635421952
2021-07-02,0.002864351275518621,-0.7636298501638838
2021-07-06,-0.007578374337714639,-0.7654211516416036
2021-07-07,-0.005991919607478284,-0.766826729242582
2021-07-08,-0.0008476672254267822,-0.7670243825820486
2021-07-09,0.0041550001283451885,-0.7660563688617757
2021-07-12,-0.0036812482137708403,-0.7669175734360264
2021-07-13,0.0005608554118724921,-0.7667868478956756
2021-07-14,0.0015421528140874183,-0.7664271975768757
2021-07-15,-0.005646618893246881,-0.7677460941759868
2021-07-16,-9.017566816504864e-06,-0.7677481885411009
2021-07-19,-0.003877144833700358,-0.7686486624520164
2021-07-20,0.001695288697042022,-0.7682564551444258
2021-07-21,-0.00034207684400097346,-0.7683357292448676
2021-07-22,-0.006522384105097315,-0.7698467326021599
2021-07-23,-0.006085211437920977,-0.7712472638974041
2021-07-26,-0.0019878011551190803,-0.7717019788504654
2021-07-27,-0.0011391153390450603,-0.7719620366282305
2021-07-28,0.0009182149808267769,-0.7717526487540654
2021-07-29,0.004046570905347098,-0.770829029663291
2021-07-30,-0.0025193658535612555,-0.7714063951805848
2021-08-02,-0.003960988725845079,-0.7723118518720749
2021-08-03,0.0006749570498699731,-0.772158172151324
2021-08-04,-0.005341348579599733,-0.773375154774877
2021-08-05,-0.006109913135527838,-0.7747598128935549
2021-08-06,-0.00034851861334654274,-0.7748383132912352
2021-08-09,-0.004871613926154915,-0.7759352140998421
2021-08-10,0.002489486794013822,-0.7753774077743402
2021-08-11,0.0035248626770429553,-0.7745856439825833
2021-08-12,-0.005711746410777265,-0.7758731536215034
2021-08-13,0.002120433213188318,-0.7753979076124753
2021-08-16,-0.004973186301475959,-0.7765148956616198
2021-08-17,-0.007989417554050967,-0.7783004114772898
2021-08-18,-0.005710217914733513,-0.7795663644393611
2021-08-19,-0.005503403881484358,-0.7807794997649153
2021-08-20,-0.003195395095262606,-0.7814799958761475
2021-08-23,0.009870850528659745,-0.7793230175779189
2021-08-24,0.0030461585995909843,-0.778650800490182
2021-08-25,-2.9160687530147477e-05,-0.7786572551850239
2021-08-26,-0.003216565612465766,-0.7793692186465646
2021-08-27,-0.0023566465437528327,-0.7798891674148867
2021-08-30,-0.007223485474444485,-0.7814791348168331
2021-08-31,-0.000780645134322404,-0.7816497220669862
2021-09-01,-0.002856512777549782,-0.7822734424258835
2021-09-02,0.00026183498875248,-0.78221643399513
2021-09-03,0.001195622585229386,-0.7819560470449227
2021-09-07,-0.002494881382454136,-0.7825000408437071
2021-09-08,-0.0022857621235812635,-0.782997194012227
2021-09-09,-0.0032599159847083335,-0.783704604928193
2021-09-10,-0.0002234335622361301,-0.7837529325788093
2021-09-13,0.004354132689089771,-0.7828113641536308
2021-09-14,-0.0027856474049944915,-0.7834163751134706
2021-09-15,0.0038039505502282306,-0.7825925017144131
2021-09-16,0.0005571358468419614,-0.782471376203746
2021-09-17,-0.00038679079176799473,-0.7825555142723762
2021-09-20,-0.011650512077001128,-0.7850888538794232
2021-09-21,-0.001036972091286675,-0.7853117107400567
2021-09-22,0.0017426601666602468,-0.784937582010115
2021-09-23,9.430100485587328e-05,-0.7849173014079918
2021-09-24,-0.004245063938394768,-0.7858303412155574
2021-09-27,-0.0075296807512986825,-0.7874429703728187
2021-09-28,0.00014959975369440521,-0.7874111718935405
2021-09-29,-0.0007424802650998082,-0.7875690149029902
2021-09-30,-0.008720193849732629,-0.7894214542727258
2021-10-01,0.004356939639392918,-0.788503976259641
2021-10-04,0.008339029606881529,-0.7867403046559324
2021-10-05,-0.004911792118371447,-0.7877877919466897
2021-10-06,-0.0012058178391560952,-0.7880436812128471
2021-10-07,-0.005450916259450156,-0.7891990373572171
2021-10-08,0.002726255532138639,-0.7886243400666322
2021-10-11,-0.0036720562879799076,-0.7894005233878163
2021-10-12,-0.002289850651643451,-0.7898827647365725
2021-10-13,0.0010359123723653212,-0.7896651016929159
2021-10-14,-0.006895741457945482,-0.7911155167712248
2021-10-15,-0.0013699514370145971,-0.7914016783691942
2021-10-18,-0.00420850625213016,-0.7922795657099613
2021-10-19,-0.0011184805958254604,-0.7925118969850711
2021-10-20,-0.0010719181727992123,-0.7927343072533324
2021-10-21,-0.00023032710580634188,-0.7927820461604758
2021-10-22,-0.009078025319510092,-0.794663175992088
2021-10-25,-0.00840283033575367,-0.796388586485909
2021-10-26,-0.010087897623885136,-0.7984425975804936
2021-10-27,0.002356236440966059,-0.7979676806839664
2021-10-28,-0.0008797386522853866,-0.7981454163242796
2021-10-29,0.0017555949388962846,-0.7977910414387854
2021-11-01,0.00363736375805715,-0.7970555339013604
2021-11-02,-0.004435031544068946,-0.7979555990102021
2021-11-03,-0.0018214260589726845,-0.7983236079472344
2021-11-04,0.006900675173216727,-0.796931904675572
2021-11-05,0.0052400992226192405,-0.7958678077071237
2021-11-08,0.0003370287141470392,-0.7957990092968392
2021-11-09,-0.0038632588226066595,-0.7965878905757582
2021-11-10,0.003512618033376565,-0.7958733815319874
2021-11-11,-0.005603172450670192,-0.7970171381770359
2021-11-12,9.440202775086725e-05,-0.796997976183281
2021-11-15,-0.0008590085432457855,-0.7971723566560358
2021-11-16,0.0009963443842940746,-0.7969702704726105
2021-11-17,-4.494851712183044e-05,-0.7969793963578844
2021-11-18,-0.0008333375763851326,-0.7971485810556798
2021-11-19,-0.008337958028082262,-0.7988399476727744
2021-11-22,-0.003847578846952071,-0.7996139268349605
2021-11-23,-0.004664193265269808,-0.8005485662078706
2021-11-24,-6.858486948892588e-05,-0.8005622455584267
2021-11-26,0.00865777021184961,-0.7988355593089043
2021-11-29,-0.0027890353956256638,-0.799396614054333
2021-11-30,0.006335542805540804,-0.7981256827157378
2021-12-01,0.000824735395208801,-0.7979591898208899
2021-12-02,0.0006568931046614233,-0.797826470605823
2021-12-03,0.002090362926551701,-0.7974038545552473
2021-12-06,-0.0021764190919285288,-0.7978447886741444
2021-12-07,-0.001051242146889452,-0.7980573027525035
2021-12-08,0.0015275956861204813,-0.7977488159593447
2021-12-09,0.0025678649065169284,-0.7972294622415452
2021-12-10,-0.005858010391929804,-0.7984172941589114
2021-12-13,-0.006857452303159338,-0.7997996379493585
2021-12-14,0.0013119976503195693,-0.799536975544755
2021-12-15,-0.006578789225624067,-0.8008557795301772
2021-12-16,0.0068971278580202584,-0.799482256379411
2021-12-17,0.00857976916931376,-0.7977618604247947
2021-12-20,0.001559763038915123,-0.7974464168496262
2021-12-21,-0.008128745639400204,-0.7990929234054048
2021-12-22,0.0025171506499256963,-0.7985872100269801
2021-12-23,0.0004117627366734105,-0.7985042757453797
2021-12-27,-0.004483805524909599,-0.7994077433870382
2021-12-28,-0.0007280931656621808,-0.7995537932381629
2021-12-29,-0.0015115803540930817,-0.7998567837863566
2021-12-30,-0.0003630390423358823,-0.7999294435879007
2021-12-31,-0.003705886661438452,-0.800670882394255
2022-01-03,-0.004613692181748501,-0.8015905255857474
2022-01-04,-0.004539525572574657,-0.802491210468692
2022-01-05,0.002949407853240335,-0.8019086764937644
2022-01-06,-0.0025714359896215075,-0.80241805565226
2022-01-07,0.0018316090718098585,-0.8020561627705669
2022-01-10,0.001342251434057713,-0.8017904723711828
2022-01-11,-0.0017355547082838541,-0.8021344758500857
2022-01-12,-0.0030029583517125398,-0.8027286577783477
2022-01-13,0.0005872835009346187,-0.8026128035738537
2022-01-14,-0.004341518166489971,-0.8034697636729704
2022-01-18,-0.0032066319123852027,-0.8040999638005252
2022-01-19,-0.0005052097793819763,-0.8041989344145944
2022-01-20,-0.0009203120644276413,-0.8043791324974805
2022-01-21,8.410338694248384e-05,-0.8043626801199669
2022-01-24,-0.000488658013622011,-0.8044582798640898
2022-01-25,-0.009015285547758878,-0.806221144307615
2022-01-26,-0.007335642097539547,-0.8076426366390451
2022-01-27,0.006680313700879297,-0.8063576291091199
2022-01-28,-0.0005290539240000601,-0.8064600763652924
2022-01-31,-0.0016815643007082595,-0.8067855261916383
2022-02-01,-0.0063431274394607365,-0.8080111102221531
2022-02-02,-0.006008992485641056,-0.8091647700181548
2022-02-03,-0.013617277348916622,-0.8117634262727618
2022-02-04,-0.012882121831711956,-0.8141883127487002
2022-02-07,-0.0063201645714176125,-0.8153626731914212
2022-02-08,-0.004743571566812627,-0.8162385135650426
2022-02-09,-0.003566243239652971,-0.8168938517237498
2022-02-10,-0.0007488244320988875,-0.8170309660812466
2022-02-11,-0.0014542874281040737,-0.8172970556470069
2022-02-14,0.00037817884828081415,-0.8172279612579341
2022-02-15,0.0034325161209976776,-0.8166005932884843
2022-02-16,-0.0001498845035022806,-0.8166280820175019
2022-02-17,-0.007874286022567976,-0.818072004948203
2022-02-18,0.00033802958044391987,-0.8180105079043647
2022-02-22,-0.0013836787736594132,-0.8182623229016064
2022-02-23,0.0022107276147260374,-0.8178605504002088
2022-02-24,-0.0007042443462094772,-0.8179888210778112
2022-02-25,-0.001955181620692462,-0.8183446859896004
2022-02-28,-0.004058757338940236,-0.8190819808284976
2022-03-01,-0.006091780690529327,-0.8201840937242554
2022-03-02,-0.002015281653721906,-0.8205464734212202
2022-03-03,-0.0014303502729349762,-0.8208031548219413
2022-03-04,-0.013497929801844388,-0.8232219412588668
2022-03-07,-0.004647435315602334,-0.824043505852084
2022-03-08,-6.928407823816461e-05,-0.824055696835591
2022-03-09,0.00273562299574475,-0.8235743795538841
2022-03-10,-0.0036914173439682586,-0.8242256401491193
2022-03-11,0.0008963544697144085,-0.8240680840160057
2022-03-14,-0.003764214267762578,-0.8247303294443076
2022-03-15,-0.00762695581650513,-0.8260671034776093
2022-03-16,-0.002950137779592354,-0.8265802294867538
2022-03-17,-3.05828897825221e-05,-0.8265855331644816
2022-03-18,-0.006928719728785753,-0.8277870734021017
2022-03-21,-0.006866993392521347,-0.8289696584311562
2022-03-22,0.0010058327170811626,-0.8287976305179927
2022-03-23,-0.0004084956451063688,-0.828867565940358
2022-03-24,-0.010038693602854651,-0.8305855120113935
2022-03-25,-0.0009049431547814037,-0.8307388224926195
2022-03-28,-0.0006724965526084618,-0.8308526500509837
2022-03-29,0.0022196601648945356,-0.8304772004163045
2022-03-30,-0.003918930635495054,-0.8311415485090079
2022-03-31,-0.0028399285393573876,-0.8316210944445088
2022-04-01,-0.003493377850221505,-0.8322093055836209
2022-04-04,0.0031596696577451985,-0.8316791424176215
2022-04-05,-0.001489629775932709,-0.8319298781789868
2022-04-06,-0.01121828282985079,-0.8338153363408224
2022-04-07,-0.007177488617013917,-0.8350081248725584
2022-04-08,-0.0025122616547821656,-0.8354226276337917
2022-04-11,0.005165069127668626,-0.8345725741286701
2022-04-12,-1.8047233089596627e-05,-0.8345755596359843
2022-04-13,-0.006354910939506662,-0.8356268172217154
2022-04-14,0.0021177962885437856,-0.8352787083052914
2022-04-18,-0.006124962256649183,-0.836287619999788
2022-04-19,-0.0031455572598677144,-0.8368025866652279
2022-04-20,-0.0020051351974034685,-0.8371298195428306
2022-04-21,0.00010199823365741848,-0.8371132070721086
2022-04-22,0.0003478022872179209,-0.8370565546729706
2022-04-25,-0.0013233167857840044,-0.8372721804693053
2022-04-26,0.0009773032818812407,-0.8371131460372246
2022-04-27,-0.006900107181548367,-0.838237082788033
2022-04-28,-0.017827058929197108,-0.8411208398457295
2022-04-29,0.00883496287572904,-0.8397171483640395
2022-05-02,-0.005751054549168987,-0.8406389437870944
2022-05-03,-0.0014374139573316497,-0.8408680115935498
2022-05-04,-0.00920000865233554,-0.8423320272637526
2022-05-05,0.008521558789661906,-0.8409884503648338
2022-05-06,-0.004570244531196058,-0.8417151720299509
2022-05-09,0.003959476473830785,-0.8410884469774391
2022-05-10,-0.0030596817507474944,-0.8415746657562052
2022-05-11,-0.003435263146401681,-0.8421188984683893
2022-05-12,-0.004154680905853089,-0.8427748440663178
2022-05-13,0.00022320471366898232,-0.842739750670406
2022-05-16,-0.0018687598192143615,-0.8430336323055128
2022-05-17,-0.015764432917686963,-0.8455081180793655
2022-05-18,-0.0010881811582490726,-0.845676233234374
2022-05-19,-0.0005468369686698962,-0.8457606231751859
2022-05-20,-0.0011432827510292373,-0.8459369623942392
2022-05-23,-0.0064129074966649165,-0.8469249544030601
2022-05-24,-0.008320096144316749,-0.8481985534997223
2022-05-25,-0.0003177799623333224,-0.8482467929576734
2022-05-26,-0.0006039896063507861,-0.8483384503174572
2022-05-27,-0.005933060395031881,-0.8492382674513279
2022-05-31,0.001205472530132429,-0.8490565283241454
2022-06-01,-0.0013398186372827205,-0.8492587652006728
2022-06-02,0.003020719991742119,-0.8488034181391345
2022-06-03,-0.007065708876001282,-0.84987172916961
2022-06-06,-0.003610368362300511,-0.8504137475289029
2022-06-07,-0.0077640539002131375,-0.8515751432558194
2022-06-08,-0.002863113572853148,-0.8520001004777125
2022-06-09,0.005659329262599838,-0.8511625203154841
2022-06-10,-0.00016330742517877233,-0.8511868265810615
2022-06-13,0.007641197599326336,-0.8500497157175846
2022-06-14,0.0005964159338784948,-0.8499602829787489
2022-06-15,0.0044177050287742435,-0.8492974517663483
2022-06-16,0.005766177053267682,-0.8484284741908544
2022-06-17,0.002634415513313418,-0.8480291718118862
2022-06-21,-0.002464223070584495,-0.8484036618327632
2022-06-22,-0.0029854789845933857,-0.8488562495145028
2022-06-23,0.0035004937770127358,-0.848327171756494
2022-06-24,-0.006916385887057221,-0.8493761995652074
2022-06-27,-0.0025975746740722026,-0.8497674561345293
2022-06-28,0.0038488385145987896,-0.8491892353335537
2022-06-29,4.652785414782537e-05,-0.8491822184322915
2022-06-30,-0.0017557488698595176,-0.8494470165818336
2022-07-01,0.002421003581939354,-0.8490825272697067
2022-07-05,-0.006216073576043162,-0.8500206413841086
2022-07-06,0.002857747969857757,-0.8495920381765034
2022-07-07,-0.0001710081423549688,-0.8496177591626504
2022-07-08,-0.0023574333316361625,-0.8499722752696864
2022-07-11,0.0005201394294752073,-0.8498942399345397
2022-07-12,-0.0006234869789091147,-0.8499878289213998
2022-07-13,1.3703305613441889e-05,-0.8499857732587738
2022-07-14,-0.0032914168421133505,-0.8504795326112264
2022-07-15,-0.011173002583878256,-0.8521501251797039
2022-07-18,0.0012280047471585078,-0.8519685648315578
2022-07-19,-0.005684920430681978,-0.8528101117617302
2022-07-20,-0.010835590351938786,-0.8544050010946277
2022-07-21,0.0004199290821010976,-0.8543438615203788
2022-07-22,0.009283239861440428,-0.8529917006495813
2022-07-25,-0.005466672314055789,-0.8537953468495767
2022-07-26,-0.0061475234043027755,-0.8546941433766369
2022-07-27,-0.0013806331159772712,-0.8548947574542365
2022-07-28,-0.0014789314401272623,-0.8551093581595648
2022-07-29,-0.006428593388282729,-0.8560408011817242
2022-08-01,0.0015141325851003168,-0.8558228278678686
2022-08-02,-0.007181990055106251,-0.8568583068842949
2022-08-03,0.006232548016488642,-0.8559661694087898
2022-08-04,-0.006608288088377507,-0.856917986455809
2022-08-05,0.003831066734170236,-0.8563698297134618
2022-08-08,-0.0015915303271244441,-0.8565984214853628
2022-08-09,0.004243664980297854,-0.8559898732285008
2022-08-10,-0.009101902351306507,-0.8573006393399742
2022-08-11,-0.0005954030543704511,-0.857385602975168
2022-08-12,-0.005609474707461085,-0.8581855948281986
2022-08-15,-0.001737683844220076,-0.8584320234289433
2022-08-16,-0.0019879831077977425,-0.8587134581749717
2022-08-17,-0.0022035407169070627,-0.8590247888226341
2022-08-18,-0.00470497760995147,-0.8596880740347819
2022-08-19,0.0025101617376179844,-0.8593358684068925
2022-08-22,0.0010860230105627744,-0.8591831039232215
2022-08-23,-0.0007094826653387467,-0.8592830110699747
2022-08-24,-0.0028857335478550527,-0.8596890828056833
2022-08-25,-0.0035100827293330847,-0.860181585732864
2022-08-26,0.00477281688840391,-0.8595142580439399
2022-08-29,-0.0047033125287951364,-0.860175006394199
2022-08-30,-0.003077329640156488,-0.8606052939914568
2022-08-31,-0.004184890296090831,-0.8611886455439584
2022-09-01,-0.008125867437971083,-0.8623166082091533
2022-09-02,0.0051386364551824016,-0.8616091033128238
2022-09-06,-0.005393653407583199,-0.8623555358443191
2022-09-07,-0.005298593945331959,-0.8630848579687028
2022-09-08,0.0030059657392746426,-0.8626732957425688
2022-09-09,-0.0019794232283095203,-0.8629451234108432
2022-09-12,-0.0026055375047285834,-0.8633022250320022
2022-09-13,-0.0021082416436720352,-0.863590416973787
2022-09-14,0.000750563456227264,-0.8634880329256883
2022-09-15,-0.005358921894975119,-0.8642195898949689
2022-09-16,-0.006040776452304298,-0.8650398089990157
2022-09-19,7.066051248834988e-05,-0.865030272642754
2022-09-20,-0.0003999506415021285,-0.865084253871794
2022-09-21,0.0013108367181515616,-0.8649074013579123
2022-09-22,0.0020439964470791044,-0.8646312725662612
2022-09-23,-0.0007230682733220347,-0.8647291533982685
2022-09-26,-0.004658055987113774,-0.8653592525751637
2022-09-27,-0.0011501940280432919,-0.8655141155587829
2022-09-28,-0.006112641921254888,-0.8663361796138354
2022-09-29,0.0060967517207331425,-0.8655212644868963
2022-09-30,-0.005331905173800239,-0.8662382923525447
2022-10-03,-0.013586141947205707,-0.8680555978997436
2022-10-04,-0.007847092968247541,-0.8690909778896643
2022-10-05,-0.0001997474669602393,-0.869117126635233
2022-10-06,-0.005142761358009956,-0.8697902260187986
2022-10-07,0.01169928392450416,-0.868266864903247
2022-10-10,0.0021513035763249715,-0.8679834669385929
2022-10-11,-0.0016659409422553875,-0.8682033986860744
2022-10-12,-0.00015486464509700435,-0.8682238093199619
2022-10-13,-0.012802428523662437,-0.8699108645822636
2022-10-14,-0.00686139850772294,-0.8708034579818899
2022-10-17,-0.013782547591398981,-0.8725841154708986
2022-10-18,-0.002012839866711472,-0.8728405832429311
2022-10-19,0.0014294736382812487,-0.8726588122088177
2022-10-20,-0.005893568568437404,-0.8734093062306513
2022-10-21,-0.001374393678078386,-0.8735832916798714
2022-10-24,-0.003830524290982528,-0.8740675339518778
2022-10-25,-0.009653760978050678,-0.8752832558784828
2022-10-26,0.01190593442725805,-0.8737983865009908
2022-10-27,0.0031694311269844753,-0.8733983991788914
2022-10-28,-0.018491431663557958,-0.875739444028972
2022-10-31,-0.0019674753081424788,-0.8759839236046211
2022-11-01,-0.005811061009296115,-0.8767045885906881
2022-11-02,-0.008641351452333697,-0.877770027573136
2022-11-03,-0.0038944712966611384,-0.8782460486923441
2022-11-04,-0.005476409497462471,-0.878912823187639
2022-11-07,-0.01319586470974773,-0.8805106731909402
2022-11-08,-0.001478839686887648,-0.8806873787495849
2022-11-09,0.002641469746370802,-0.8803722180701917
2022-11-10,-0.005648344490421326,-0.8810479169931563
2022-11-11,0.011879629348697884,-0.8796348103367795
2022-11-14,0.0031244541577378614,-0.8792587348194894
2022-11-15,-0.0029331558818872358,-0.87961288777164
2022-11-16,-0.0035107991824991354,-0.8800355427468348
2022-11-17,-0.002397772390019609,-0.8803231902102201
2022-11-18,-0.005006531810520318,-0.8809223559654142
2022-11-21,-0.0014705529800810063,-0.8810974659497104
2022-11-22,-0.005051979782200917,-0.8816981591477848
2022-11-23,0.0002078661981067937,-0.8816735681938979
2022-11-25,-0.002539029576909371,-0.8819740025039837
2022-11-28,0.0033394766469378428,-0.8815798574416143
2022-11-29,0.0003255117565038524,-0.8815413102930046
2022-11-30,-0.009873474575951802,-0.8827109091541272
2022-12-01,0.0007817899795148637,-0.8826192137181975
2022-12-02,0.0005806566712561408,-0.8825510557815657
2022-12-05,0.0012227224113029534,-0.882407448325286
2022-12-06,0.004791423770629847,-0.8818440125779426
2022-12-07,0.0012102945068342265,-0.8817010090354162
2022-12-08,-0.0027970352617972217,-0.8820318954845792
2022-12-09,0.004043039001651459,-0.8815549458370724
2022-12-12,-0.004824714389531206,-0.882126409394261
2022-12-13,-0.0011980666945005007,-0.882267629817327
2022-12-14,-0.003278850077732622,-0.8826536566084521
2022-12-15,-0.007124129126813029,-0.8834896471113328
2022-12-16,-0.0009620914196709527,-0.8836017407221498
2022-12-19,-0.004530992806121299,-0.8841291403975828
2022-12-20,-0.005019524807220181,-0.8847107570517911
2022-12-21,-0.00449360826975647,-0.8852288217473171
2022-12-22,0.0043787857355942076,-0.884726263349127
2022-12-23,-0.002840403527592915,-0.8850536872773489
2022-12-27,-0.0065041471444729085,-0.8858013150090116
2022-12-28,0.001181320019802038,-0.8856664098161967
2022-12-29,0.0029442854297413675,-0.8853297790924886
2022-12-30,-0.0018478970558929307,-0.885541677856102
2023-01-03,0.0015081839460601926,-0.8853690536521517
2023-01-04,-0.0051046264294453345,-0.8859542018105112
2023-01-05,-0.0008929402242345826,-0.8860560378911195
2023-01-06,-0.0008432285982147038,-0.8861521186985637
2023-01-09,-0.0027086225716829383,-0.886460489639595
2023-01-10,-0.0019126156438834276,-0.8866776470833092
2023-01-11,-0.002410226766148598,-0.8869507796515119
2023-01-12,-0.005696637860855005,-0.8875947801202893
2023-01-13,-0.0024700857279641953,-0.8878724306496628
2023-01-17,0.0001735123939916464,-0.8878529751266724
2023-01-18,0.010252265363168634,-0.8867032140679811
2023-01-19,0.002129889465468626,-0.8864619044371531
2023-01-20,0.0020384565225240042,-0.886230461965698
2023-01-23,-0.0003614541964583731,-0.8862715844426496
2023-01-24,-0.0020679438003336484,-0.8865067684145232
2023-01-25,0.0012754197867446172,-0.8863620169012976
2023-01-26,-0.0006351867258566673,-0.8864341982397149
2023-01-27,0.004908045602802696,-0.8858768121057566
2023-01-30,0.0036605174573905164,-0.8854590621841767
2023-01-31,-0.002692379438177486,-0.8857674498499816
2023-02-01,-0.0017830907367685385,-0.8859711368519916
2023-02-02,-0.025364003296709445,-0.8888633653127976
2023-02-03,0.00622105170150822,-0.8881719785624769
2023-02-06,-0.0009315171322778014,-0.8882761482803146
2023-02-07,0.000493579403380248,-0.8882210036882395
2023-02-08,0.0020429498956561183,-0.8879926447993879
2023-02-09,-0.005638336032758156,-0.8886241799061495
2023-02-10,-0.00449043409571382,-0.889124305686137
2023-02-13,-0.0033169858653258762,-0.8894920787969842
2023-02-14,0.0017898153720781553,-0.8892942900208787
2023-02-15,0.005000450913268566,-0.8887407115523095
2023-02-16,-0.005712464193756971,-0.8893762762537898
2023-02-17,-0.0030596533247164667,-0.8897147464979425
2023-02-21,-0.001453260949245696,-0.8898750197501346
2023-02-22,0.0020301741712884735,-0.8896514468596177
2023-02-23,-0.0008299496010660822,-0.8897430305972748
2023-02-24,-0.011095867280365983,-0.8909664272965028
2023-02-27,-0.0011959716875295577,-0.8910968283624464
2023-02-28,-0.0011723608828689243,-0.8912245021808947
2023-03-01,-0.0037137335159858494,-0.8916284653928634
2023-03-02,-0.0004893836836537779,-0.8916815006536727
2023-03-03,0.007480039701685023,-0.8908712739781353
2023-03-06,-0.001200603689524734,-0.8910022943292303
2023-03-07,0.003347697061287222,-0.8906374030302692
2023-03-08,0.005316817769074127,-0.8900559420314285
2023-03-09,0.003733995676340908,-0.8896454113943344
2023-03-10,0.0009372943958741986,-0.8895419766568753
2023-03-13,-0.008174227971376275,-0.8904448857209496
2023-03-14,-0.005025777749402922,-0.8909954853766265
2023-03-15,-0.0002414010459027693,-0.8910217991804648
2023-03-16,-0.012151051561245433,-0.8923459989176747
2023-03-17,0.0037677148561372103,-0.8919403893384742
2023-03-20,-0.003056728893121668,-0.8922706982725628
2023-03-21,-0.0034451314731104394,-0.8926418398805201
2023-03-22,0.0017405516599801165,-0.8924549774567118
2023-03-23,0.002387413255358537,-0.8921982230443442
2023-03-24,-5.141616159769452e-05,-0.8922037657979286
2023-03-27,-0.009880071201030585,-0.893268800267048
2023-03-28,-0.0041453261529419425,-0.8937112359006358
2023-03-29,0.0010976420386832886,-0.8935945688849207
2023-03-30,0.00129050702000721,-0.8934572519290999
2023-03-31,0.00252335971023057,-0.8931884062512006
2023-04-03,-0.0006447363846017388,-0.8932572715719876
2023-04-04,-0.0017810839835145432,-0.8934473893359474
2023-04-05,0.001783700445662985,-0.8932573313968194
2023-04-06,-0.0012620257627254936,-0.8933920433945787
2023-04-10,-0.0008111500736481935,-0.8934785184464307
2023-04-11,0.0004531825723393826,-0.8934302447674108
2023-04-12,-0.003364142815444432,-0.8937887606438202
2023-04-13,0.0010827112875200903,-0.8936737645361078
2023-04-14,-0.00437602961168,-0.8941390512909962
2023-04-17,-0.004967610325785598,-0.8946649272329006
2023-04-18,-0.005593811847977498,-0.8952541518109527
2023-04-19,-0.0017690022454523767,-0.895439447451601
2023-04-20,0.00027953459686318194,-0.8954102191596965
2023-04-21,-0.0030127645156638543,-0.8957253235401132
2023-04-24,-2.597838226668181e-05,-0.8957280324275191
2023-04-25,-0.0076375233249973695,-0.8965244120119973
2023-04-26,-0.0032753406031267853,-0.8968633298067668
2023-04-27,0.008007475650033149,-0.8960374654315689
2023-04-28,-0.00199240360516367,-0.896244600760245
2023-05-01,-0.009849843611455696,-0.8972665752166008
2023-05-02,-0.004994672924499701,-0.8977796950718075
2023-05-03,-0.00905057500271887,-0.898704847608361
2023-05-04,-0.00445493611918285,-0.8991561110414485
2023-05-05,0.0018072249270953621,-0.8989738634515775
2023-05-08,-0.0033824532662236747,-0.8993155796371196
2023-05-09,-0.0006697208191627529,-0.899383010089602
2023-05-10,-0.0006973580415211548,-0.8994531761566297
2023-05-11,-0.004873127697107689,-0.899943153668757
2023-05-12,-0.00018227165397022093,-0.8999613911956288
2023-05-15,0.003419029602328744,-0.899619356230751
2023-05-16,5.0881703634349126e-05,-0.899614248692584
2023-05-17,0.0036585782577600117,-0.8992469795654618
2023-05-18,0.0016026889255931448,-0.8990855038153913
2023-05-19,-0.0002953639943806082,-0.8991153103240753
2023-05-22,-0.0006043772470886111,-0.8991762827350951
2023-05-23,0.005797413226914146,-0.8985917659830368
2023-05-24,-0.00448609408719456,-0.8990466928620532
2023-05-25,-0.0026195615779587146,-0.8993111462665996
2023-05-26,0.00938762772875907,-0.898365916791315
2023-05-30,-0.0025315985091196322,-0.8986232134848419
2023-05-31,-0.00478694876656922,-0.8991084989680094
2023-06-01,-0.0015182515477529523,-0.8992616776456063
2023-06-02,0.0007291697641151707,-0.8991882223068578
2023-06-05,-0.0018386797484262133,-0.899373582880905
2023-06-06,0.0016666782122784468,-0.8992058710239129
2023-06-07,-0.0034591788509485246,-0.8995545359431668
2023-06-08,0.0024239564070437478,-0.8993110605170077
2023-06-09,0.0012016861125292654,-0.8991900640167457
2023-06-12,-0.010041846862388194,-0.9002023819560967
2023-06-13,0.0012893447327307396,-0.9000737084229328
2023-06-14,-0.006104490636145241,-0.9006837075341696
2023-06-15,-0.002975318206135402,-0.9009792051073091
2023-06-16,0.0006656784258896193,-0.9009132891004346
2023-06-20,-0.00857427955039871,-0.901762886259417
2023-06-21,-0.009022113366743275,-0.9026491926364062
2023-06-22,-0.005981329524930278,-0.9032314798947658
2023-06-23,-0.0018133090084809936,-0.90340695112401
2023-06-26,0.003948866393313951,-0.903025518079476
2023-06-27,-0.0026032776205525444,-0.9032779695780243
2023-06-28,-0.0011702752002656718,-0.9033911609715465
2023-06-29,-0.0027184527641194406,-0.9036537875370417
2023-06-30,-0.0009010318811789489,-0.9037405985461017
2023-07-03,0.0016153048690220847,-0.9035851102662441
2023-07-05,-0.004659505871064385,-0.9040343560110166
2023-07-06,-0.006800433214442917,-0.9046869639638446
2023-07-07,-0.002872333721725728,-0.9049607348113713
2023-07-10,0.0049772254842144655,-0.9044877029586734
2023-07-11,0.006185673520992623,-0.9038968950719357
2023-07-12,-0.0016497958686997585,-0.9040554455774152
2023-07-13,-0.013122763215830517,-0.9053145032469512
2023-07-14,0.003365394809845066,-0.9049958491676109
2023-07-17,0.0017181838080621036,-0.904832614573952
2023-07-18,0.004989871534621574,-0.9043577415463901
2023-07-19,0.0011689439115676178,-0.9042459411106822
2023-07-20,-0.007746926674412441,-0.9049877407836752
2023-07-21,0.0034614789065495807,-0.9046588578525343
2023-07-24,0.0007620259690238242,-0.9045862054263015
2023-07-25,-0.0011420026190004035,-0.9046951682295934
2023-07-26,-0.0007783514425933424,-0.9047693488828881
2023-07-27,-0.004617421408974887,-0.9052090689301469
2023-07-28,-0.01148917228007876,-0.9062981382677975
2023-07-31,0.0004735005537302362,-0.9062537703843817
2023-08-01,-0.005189415270169296,-0.9067402584998697
2023-08-02,-0.002789171729529369,-0.9070003759343651
2023-08-03,0.0009445056123383259,-0.9069125372674898
2023-08-04,-0.004178941955454432,-0.9073015443710295
2023-08-07,-0.0009736933129533558,-0.9073918042373965
2023-08-08,-0.015539242563604167,-0.9088308654547294
2023-08-09,-0.0015298341242010365,-0.9089703391078305
2023-08-10,0.0009305925516830202,-0.9088856275834221
2023-08-11,-0.0015165381774829394,-0.9090238060077093
2023-08-14,-0.0007307635159365783,-0.9090902880910976
2023-08-15,-0.005244489353411478,-0.9095670631073256
2023-08-16,0.0017871087396213545,-0.909405449615455
2023-08-17,0.0024400544540225276,-0.9091843939792791
2023-08-18,0.0031542457797701304,-0.9088979392372509
2023-08-21,-0.004260187456291091,-0.9092860510937546
2023-08-22,-0.005881412204862031,-0.9098195772200031
2023-08-23,0.001187693446390651,-0.9097124705228745
2023-08-24,-0.00704329879691535,-0.9103483925706173
2023-08-25,0.003316434404402745,-0.9100510688953284
2023-08-28,0.0017444327769425602,-0.9098941590316585
2023-08-29,0.00644991581563376,-0.9093129839429158
2023-08-30,0.0010526247915301032,-0.9092175245415443
2023-08-31,-0.0059800231125802066,-0.909760405843003
2023-09-01,0.006195483404207971,-0.9092013279350009
2023-09-05,-0.005617515609834129,-0.9097113908926783
2023-09-06,-0.003122913674514654,-0.9099933544247124
2023-09-07,-0.008915547099033272,-0.9107958129125648
2023-09-08,-0.002135684399514143,-0.9109863249032989
2023-09-11,-0.01092294684513771,-0.9119586165448705
2023-09-12,0.004371195207396028,-0.9115737704714589
2023-09-13,-0.001297393708613796,-0.9116884941053257
2023-09-14,-0.0013114169849638077,-0.9118043073141238
2023-09-15,0.00022284364967168496,-0.9117846534640803
2023-09-18,-0.003375346944827637,-0.9120824108644973
2023-09-19,-0.0031456581165300633,-0.9123589695423471
2023-09-20,0.0012808774501593479,-0.9122467121227251
2023-09-21,-0.006555608378469,-0.9128219883119716
2023-09-22,-0.00046173927807032427,-0.9128622418241521
2023-09-25,-0.00012341133567795237,-0.9128729956112765
2023-09-26,-0.0016889679941873782,-0.9130201503331185
2023-09-27,0.0003323619714658305,-0.9129912415388054
2023-09-28,-0.0022775253600253492,-0.913189406192745
2023-09-29,0.004528973170135595,-0.9127962433425085
2023-10-02,-0.00543796916195795,-0.9132704546820188
2023-10-03,0.0025124361571092772,-0.9130525522364723
2023-10-04,-0.004609006384028315,-0.9134532935782893
2023-10-05,-0.003616737859891482,-0.9137663103280537
2023-10-06,-0.003293147946315056,-0.9140502906261
2023-10-09,-0.0018639020136863188,-0.9142104924624778
2023-10-10,-0.00023944908661561695,-0.9142310346816989
2023-10-11,-0.0005963131696740311,-0.9142821798452674
2023-10-12,-0.0039823067661225375,-0.9146235345004469
2023-10-13,0.0033847603033616853,-0.9143345556291826
2023-10-16,-0.003961058611489245,-0.9146738814753148
2023-10-17,0.006933520325353432,-0.9140822710982404
2023-10-18,0.0023834001190267094,-0.9138774947729494
2023-10-19,-0.002339665533126376,-0.9140789926300557
2023-10-20,-0.006294402755238328,-0.9146198140555779
2023-10-23,-0.0006450540101565984,-0.9146748888869093
2023-10-24,0.0035912894040564716,-0.9143684617194688
2023-10-25,-0.00794276992835232,-0.915048613326642
2023-10-26,-0.001130207981953885,-0.9151446260619382
2023-10-27,-0.015118464131229407,-0.9164275089891629
2023-10-30,0.00024795303305654554,-0.9164067869365367
2023-10-31,0.002248600229140591,-0.9162188192184876
2023-11-01,0.0014444040350480648,-0.9160978053429056
2023-11-02,-0.004612122331177209,-0.9164847725285185
2023-11-03,0.004349767619728807,-0.9161215006963087
2023-11-06,-0.006947146673198989,-0.9167042169336993
2023-11-07,0.004108304363618839,-0.916362012504657
2023-11-08,-0.005156393162723245,-0.9167932828515218
2023-11-09,-0.0023090876215009232,-0.9169854144521151
2023-11-10,7.264391323562325e-05,-0.9169793839477652
2023-11-13,-0.00476716921473181,-0.9173751572727975
2023-11-14,0.0051933313030395134,-0.9169460590906536
2023-11-15,0.007383502551405498,-0.9163328301060453
2023-11-16,-0.0028199971204657813,-0.9165687712842236
2023-11-17,-0.0017785992216982547,-0.9167171620026829
2023-11-20,-0.0020794357691520035,-0.916890343314971
2023-11-21,-0.0007951300008717042,-0.9169564262963634
2023-11-22,0.0017058998741005642,-0.9168147622744376
2023-11-24,-0.0010611832884903944,-0.916903037058561
2023-11-27,-0.004013166238025877,-0.91723651898472
2023-11-28,-0.0021235679834310786,-0.9174122728632015
2023-11-29,0.005503785340031751,-0.9169577277413193
2023-11-30,5.3809537097255925e-05,-0.9169532592750896
2023-12-01,0.002741974487967438,-0.9167255472307131
2023-12-04,-0.004961853505570622,-0.9171387428661109
2023-12-05,-0.0013538953422068754,-0.9172509283361938
2023-12-06,-0.005033068181565824,-0.9176674100558391
2023-12-07,-0.0055533049638125595,-0.9181246280362595
2023-12-08,0.0018484946952212174,-0.9179732818455152
2023-12-11,-0.00033027707662837847,-0.9180003733901927
2023-12-12,-0.0005596305064224278,-0.9180462628827588
2023-12-13,-0.001625799873278189,-0.9181795032581787
2023-12-14,-0.0005154119477103471,-0.918221674519767
2023-12-15,-0.003736763142981917,-0.9185272607523163
2023-12-18,-0.004158581680881749,-0.918866071793243
2023-12-19,0.003694231542543982,-0.9185663442764911
2023-12-20,-0.0002758278472836884,-0.9185888059464458
2023-12-21,-0.0008170570052452147,-0.9186553235328526
2023-12-22,0.006031433627456047,-0.9181646985157941
2023-12-26,-0.0003759088784332503,-0.9181954611321913
2023-12-27,-0.00145419862293946,-0.9183144211799631
2023-12-28,-0.000721863842244614,-0.918373387045746
2023-12-29,-0.0019211930077078947,-0.9185302075237967
