exit_date,ticker,signal_score,position_direction,realized_pnl,transaction_cost
2018-01-10,INTC,0.9448,long,-195.56,0.01
2018-01-10,MOS,0.7648,long,-300.97,0.09
2018-01-10,FCX,0.7051,long,-233.76,0.03
2018-01-10,KR,0.6462,long,-287.66,0.06
2018-01-10,APA,0.5856,long,-159.25,0.03
2018-01-12,D,0.6522,long,-360.08,0.08
2018-01-17,INVH,1.4427,long,-306.67,0.17
2018-01-17,EXC,0.8545,long,168.0,0.09
2018-01-17,NVDA,0.6628,long,49.54,0.01
2018-01-17,TGT,0.6276,long,1260.0,0.06
2018-01-24,O,0.6993,long,184.93,0.14
2018-01-24,META,0.637,long,355.52,0.02
2018-01-24,PFE,0.6321,long,35.97,0.06
2018-01-24,CAG,-0.5469,long,254.21,0.12
2018-01-24,D,0.9895,long,9.58,0.08
2018-01-24,KHC,-0.5774,long,181.5,0.08
2018-01-24,WBD,0.5782,long,2455.8,0.11
2018-01-24,MDLZ,-0.5852,long,505.05,0.07
2018-01-24,PEP,0.5614,long,300.67,0.06
2018-01-25,F,0.9132,long,-374.16,0.06
2018-01-25,COHR,0.823,long,-178.47,0.08
2018-01-25,BKR,0.7748,long,-302.71,0.08
2018-01-29,EQT,0.6131,long,-186.8,0.04
2018-01-30,CMG,0.5556,long,-306.06,0.06
2018-01-31,NKE,0.5672,long,101.65,0.04
2018-01-31,SATS,-0.5946,long,-80.96,0.2
2018-01-31,KR,0.6119,long,240.39,0.05
2018-01-31,MOS,0.7282,long,-24.19,0.05
2018-01-31,WY,-0.597,long,117.76,0.08
2018-01-31,KKR,-0.5953,long,56.83,0.06
2018-02-01,NFLX,0.8342,long,-121.69,0.01
2018-02-02,BKR,0.8109,long,-127.47,0.03
2018-02-02,WBD,0.7138,long,-202.16,0.06
2018-02-02,PPL,-0.5498,long,-138.43,0.04
2018-02-02,DELL,1.0844,long,-61.35,0.01
2018-02-02,FCX,0.5225,long,-69.7,0.01
2018-02-05,KDP,-0.5641,long,601.15,0.03
2018-02-05,ORCL,-0.5784,long,-35.83,0.01
2018-02-05,HBAN,0.5245,long,-18.47,0.0
2018-02-05,SW,0.7667,long,-4.75,3.55
2018-05-11,CMG,1.1118,long,28.36,0.01
2018-05-15,MO,0.7844,long,-236.19,0.03
2018-05-18,SMCI,0.7291,long,-10.83,0.05
2018-05-18,VZ,0.7285,long,-49.76,0.03
2018-05-18,ORLY,0.6629,long,89.99,0.01
2018-05-21,CPB,0.6543,long,-337.59,0.1
2018-05-24,DVN,0.6218,long,-150.21,0.02
2018-05-25,CMG,0.9115,long,-102.9,0.01
2018-05-25,PSKY,0.8534,long,-83.97,0.04
2018-05-25,FCX,0.7801,long,75.14,0.01
2018-05-25,PCG,0.6491,long,558.28,0.09
2018-05-25,MO,0.6417,long,46.11,0.04
2018-05-25,TTD,0.7568,long,69.05,0.01
2018-05-29,HPE,1.1468,long,-269.14,0.06
2018-05-29,APA,1.0417,long,-378.95,0.12
2018-05-29,FITB,1.0113,long,-272.71,0.06
2018-05-31,CPB,0.686,long,-375.39,0.1
2018-06-04,CPRT,0.9717,long,476.32,0.08
2018-06-04,VZ,0.6111,long,-191.78,0.05
2018-06-08,AMD,0.9672,long,-154.2,0.01
2018-06-11,APA,1.1521,long,1459.34,0.1
2018-06-11,TTD,0.9417,long,264.94,0.03
2018-06-11,SMCI,0.7438,long,442.62,0.12
2018-06-11,CPB,0.6103,long,566.72,0.1
2018-06-11,MRK,0.6713,long,143.58,0.05
2018-06-18,AMD,0.9656,long,382.43,0.01
2018-06-18,CMG,0.7557,long,136.85,0.01
2018-06-18,GEN,0.6634,long,-46.07,0.05
2018-06-21,SMCI,0.5563,long,-138.19,0.1
2018-06-22,EQT,0.8074,long,-143.01,0.03
2018-06-25,APA,0.9282,long,320.66,0.06
2018-06-25,BKR,0.8651,long,-20.05,0.05
2018-06-26,AMD,0.9547,long,-95.96,0.01
2018-06-26,SMCI,0.6954,long,-130.86,0.09
2018-06-26,HAL,0.5939,long,-268.4,0.04
2018-06-26,CMCSA,0.7929,long,-256.7,0.02
2018-07-02,WBD,0.8072,long,-240.96,0.1
2018-07-02,T,0.7619,long,228.09,0.04
2018-07-02,CPB,-0.5992,long,-85.92,0.09
2018-07-02,COP,0.771,long,81.6,0.03
2018-07-02,KR,0.965,long,-338.2,0.07
2018-07-02,PSKY,0.8374,long,-111.42,0.07
2018-07-10,APA,0.6414,long,295.2,0.03
2018-07-10,CPRT,1.221,long,224.56,0.03
2018-07-10,CCL,0.933,long,242.74,0.03
2018-07-10,AMD,0.8152,long,251.72,0.0
2018-07-10,BSX,0.6362,long,171.37,0.02
2018-07-10,MRK,0.6283,long,170.29,0.02
2018-07-10,F,-0.5739,long,136.05,0.03
2018-07-10,VZ,0.465,long,268.5,0.02
2018-07-10,INVH,-0.5905,long,145.67,0.16
2018-07-10,CNC,-0.5818,long,399.58,0.04
2018-07-11,KR,0.7895,long,-390.8,0.08
2018-07-11,KKR,0.6282,long,-390.82,0.1
2018-07-12,KEY,-0.5995,long,-390.82,0.11
2018-07-13,FITB,-0.5741,long,-389.62,0.11
2018-07-17,CRH,0.8449,long,-167.48,0.32
2018-07-17,GM,0.6009,long,62.04,0.07
2018-07-17,V,0.5898,long,326.38,0.04
2018-07-17,DOC,0.6131,long,-161.13,0.16
2018-07-17,CAG,0.5787,long,-142.78,0.1
2018-07-18,APA,0.6945,long,-338.06,0.09
2018-07-18,PCG,0.4881,long,-43.53,0.0
2018-07-19,CVS,0.4976,long,-258.32,0.03
2018-07-20,HPQ,-0.5597,long,-262.61,0.06
2018-07-20,T,0.5484,long,-384.07,0.04
2018-07-23,AMD,1.0244,long,-153.55,0.01
2018-07-24,NFLX,1.003,long,242.09,0.01
2018-07-24,AVGO,1.0399,long,957.3,0.04
2018-07-24,KMI,0.5573,long,-286.7,0.11
2018-07-24,KDP,1.0204,long,-303.26,0.09
2018-07-25,AMD,0.5826,long,-105.29,0.01
2018-07-25,XYZ,0.5801,long,-167.79,0.02
2018-07-26,BAX,-0.5697,long,-157.63,0.03
2018-07-27,EQT,0.6051,long,-196.18,0.05
2018-07-27,PSKY,0.4914,long,-235.28,0.06
2018-07-31,CVS,0.5859,long,-102.08,0.03
2018-07-31,MSFT,-0.5987,long,10.08,0.01
2018-07-31,KKR,0.5107,long,179.77,0.09
2018-07-31,VZ,-0.503,long,280.67,0.06
2018-07-31,HST,-0.5133,long,-58.48,0.09
2018-07-31,CTSH,-0.589,long,-128.11,0.07
2018-08-01,AMD,1.2382,long,-86.99,0.0
2018-08-07,TTD,1.0536,long,187.25,0.03
2018-08-07,EQT,0.9201,long,107.49,0.02
2018-08-07,KDP,1.1202,long,-44.16,0.08
2018-08-07,META,0.7348,long,255.02,0.0
2018-08-07,SLB,0.5039,long,25.0,0.02
2018-08-07,IP,-0.4878,long,75.05,0.02
2018-08-07,PANW,0.7435,long,364.57,0.02
2018-08-07,LYB,-0.5245,long,121.1,0.01
2018-08-07,APH,-0.5313,long,262.45,0.04
2018-08-08,SMCI,0.7179,long,-138.58,0.12
2018-08-08,CSGP,0.6255,long,-258.34,0.09
2018-08-08,OXY,-0.5909,long,-240.09,0.04
2018-08-10,CPB,0.6556,long,-384.06,0.11
2018-08-10,AMD,1.1981,long,-183.36,0.01
2018-08-10,AVGO,0.5888,long,-317.31,0.03
2018-08-10,MU,-0.5966,long,-151.84,0.01
2018-08-14,FTNT,0.6442,long,213.8,0.04
2018-08-14,MOS,0.5998,long,-28.29,0.06
2018-08-14,PSKY,0.73,long,-7.39,0.01
2018-08-14,WBD,0.6706,long,161.73,0.16
2018-08-15,TSLA,0.7817,long,-63.1,0.0
2018-08-15,AMD,1.1192,long,-94.18,0.0
2018-08-15,WDC,0.5856,long,-118.63,0.02
2018-08-17,NOW,0.5864,long,-120.26,0.01
2018-08-21,PCG,0.9296,long,342.53,0.04
2018-08-21,TTD,0.8497,long,210.24,0.08
2018-08-21,ORCL,-0.5819,long,4.69,0.02
2018-08-21,PYPL,0.5689,long,-12.73,0.01
2018-08-21,VZ,-0.5866,long,474.92,0.04
2018-08-21,PPL,0.5659,long,294.86,0.1
2018-08-22,SO,0.596,long,-317.39,0.07
2018-08-27,CMG,0.634,long,-319.09,0.05
2018-08-28,PSKY,1.0029,long,-26.09,0.02
2018-08-28,FTNT,1.1566,long,151.51,0.02
2018-08-28,EQT,0.8878,long,-35.55,0.02
2018-08-28,TSLA,0.9964,long,9.61,0.0
2018-08-28,META,0.8816,long,71.29,0.0
2018-08-28,MDLZ,0.575,long,52.91,0.06
2018-08-28,C,0.5781,long,180.79,0.01
2018-08-28,KHC,0.7215,long,-109.59,0.04
2018-08-28,WMT,0.6729,long,10.79,0.03
2018-08-29,AMD,1.9767,long,-90.57,0.0
2018-08-30,ANET,1.021,long,-70.38,0.01
2018-08-31,CMG,0.9104,long,-317.72,0.05
2018-09-04,CL,-0.5972,long,-317.64,0.08
2018-09-04,VZ,-0.5985,long,-319.16,0.05
2018-09-05,NFLX,0.5835,long,-101.27,0.0
2018-09-05,MOS,0.6611,long,-25.82,0.01
2018-09-05,MDT,0.7013,long,49.3,0.04
2018-09-05,MSFT,-0.5871,long,-110.64,0.01
2018-09-05,PCG,0.7238,long,599.0,0.05
2018-09-05,SO,0.8026,long,26.08,0.07
2018-09-05,TTD,1.2637,long,81.9,0.08
2018-09-05,SMCI,0.7192,long,484.23,0.03
2018-09-06,AMD,0.8228,long,-119.33,0.0
2018-09-07,WMB,-0.5554,long,-234.04,0.03
2018-09-10,UNH,-0.5562,long,-173.13,0.02
2018-09-11,AES,0.5656,long,-317.66,0.12
2018-09-11,WBD,0.5608,long,-316.72,0.11
2018-09-12,COHR,-0.5431,long,-70.96,0.03
2018-09-12,KDP,0.5518,long,653.32,0.15
2018-09-12,INVH,-0.5518,long,159.62,0.15
2018-09-12,RF,-0.5938,long,-202.17,0.05
2018-09-12,HPQ,-0.5912,long,-53.69,0.01
2018-09-12,QCOM,-0.5674,long,125.74,0.01
2018-09-13,KR,0.6143,long,-315.87,0.07
2018-09-14,TTD,0.9171,long,-315.9,0.09
2018-09-17,GOOGL,-0.5481,long,-99.67,0.0
2018-09-18,NOW,0.5408,long,-115.22,0.01
2018-09-19,MDT,0.8306,long,44.27,0.04
2018-09-19,AMD,1.1125,long,146.73,0.0
2018-09-19,HPE,0.5444,long,42.01,0.02
2018-09-19,FTNT,0.604,long,-52.13,0.02
2018-09-19,BX,-0.5433,long,366.77,0.05
2018-09-19,EQT,0.7986,long,21.24,0.02
2018-09-24,IP,-0.5393,long,-166.68,0.04
2018-09-26,AES,0.5745,long,301.67,0.12
2018-09-26,DAL,-0.5404,long,-21.0,0.02
2018-09-26,GLW,0.5399,long,11.52,0.01
2018-09-26,USB,-0.5398,long,-67.97,0.03
2018-09-26,NEM,-0.5839,long,-197.47,0.02
2018-09-26,AAPL,0.6281,long,38.1,0.0
2018-09-26,NKE,-0.5826,long,-115.6,0.02
2018-09-26,BKR,0.687,long,191.72,0.03
2018-09-26,BMY,-0.595,long,10.67,0.05
2018-09-27,AMD,1.0611,long,-314.67,0.02
2018-09-28,MS,0.5737,long,-111.22,0.01
2018-10-01,WY,-0.5308,long,-201.17,0.05
2018-10-02,GEN,0.7502,long,-144.66,0.03
2018-10-03,SO,0.5391,long,-22.07,0.06
2018-10-03,FISV,-0.5741,long,-25.9,0.06
2018-10-03,QCOM,0.5794,long,-2.34,0.01
2018-10-03,FAST,-0.561,long,-32.51,0.1
2018-10-03,CPRT,1.4754,long,83.15,0.02
2018-10-03,FTNT,0.6395,long,63.82,0.02
2018-10-04,TSCO,0.5262,long,-313.7,0.09
2018-10-04,TTD,1.0819,long,-311.88,0.09
2018-10-04,PEP,0.6844,long,-301.07,0.05
2018-10-04,AMD,1.1237,long,-311.81,0.02
2018-10-05,CSGP,0.5719,long,-156.93,0.04
2018-10-08,COHR,0.5489,long,-88.2,0.03
2018-10-09,GM,0.61,long,-124.26,0.01
2018-10-10,CSX,-0.5964,long,-210.58,0.03
2018-10-10,HBAN,-0.5184,long,146.18,0.08
2018-10-10,EQT,0.6611,long,70.71,0.01
2018-10-10,CAG,0.8622,long,565.4,0.08
2018-10-10,CPB,0.5236,long,255.37,0.1
2018-10-10,CTRA,0.5307,long,194.24,0.02
2018-10-10,MO,0.625,long,252.08,0.05
2018-10-11,XYZ,0.6759,long,-48.98,0.0
2018-10-11,LUV,0.6833,long,-217.16,0.04
2018-10-11,TTD,0.717,long,-217.17,0.06
2018-10-11,AMD,0.919,long,-217.13,0.01
2018-10-11,KR,0.8904,long,-217.16,0.04
2018-10-11,VTRS,0.5408,long,-114.34,0.02
2018-10-11,MDLZ,-0.5482,long,-258.85,0.06
2018-10-11,BKR,0.5945,long,-112.77,0.02
2018-10-11,FTNT,1.5301,long,-55.07,0.01
2018-10-12,APA,0.6068,long,-130.43,0.03
2018-10-12,GIS,0.5521,long,-172.47,0.03
2018-10-12,CVS,-0.5302,long,-172.46,0.02
2018-10-12,IP,0.547,long,-69.98,0.01
2018-10-17,CSGP,0.6904,long,18.53,0.0
2018-10-18,TGT,-0.5344,long,-23.32,0.0
2018-10-19,PANW,0.7247,long,-29.95,0.0
2018-10-23,OXY,1.0002,long,-11.8,0.0
2018-10-23,CVS,0.7265,long,-17.83,0.0
2018-10-23,BX,0.5221,long,-4.13,0.0
2018-10-24,CMCSA,0.5196,long,-1.52,0.0
2018-10-24,WBD,0.5134,long,-8.59,0.0
2018-10-24,ORLY,-0.5549,long,-5.87,0.0
2018-10-25,CRM,0.4446,long,-27.78,0.0
2018-10-25,WDC,-0.4918,long,-75.76,0.01
2018-10-25,CTRA,0.4949,long,-54.72,0.01
2018-10-25,KMI,0.5092,long,-52.65,0.01
2018-10-25,XYZ,-0.4407,long,-18.91,0.0
2018-10-26,ANET,-0.3882,long,-21.24,0.0
2018-10-26,GLW,0.5362,long,-15.96,0.0
2018-10-26,NKE,0.4227,long,-17.23,0.0
2018-10-26,VZ,-0.3964,long,-83.46,0.01
2018-10-29,CCL,0.3687,long,-46.87,0.01
2018-10-29,BSX,0.3819,long,-20.42,0.0
2018-10-29,TTD,0.3704,long,-34.91,0.0
2018-10-29,KKR,0.634,long,-9.34,0.0
2018-10-30,CTSH,-0.381,long,-23.06,0.0
2018-10-31,EXC,-0.4192,long,-0.31,0.0
2018-10-31,KDP,-0.4158,long,22.83,0.0
2018-11-02,CPB,0.316,long,-18.51,0.0
2018-11-07,LUV,0.8253,long,9.89,0.0
2018-11-07,SW,-0.3684,long,0.11,0.01
2018-11-07,PG,0.3622,long,1.22,0.0
2018-11-07,V,0.9232,long,3.8,0.0
2018-11-07,CSX,0.3461,long,1.31,0.0
2018-11-07,MCHP,-0.3758,long,1.86,0.0
2018-11-07,RF,0.3832,long,1.17,0.0
2018-11-07,WMT,-0.3977,long,0.47,0.0
2018-11-07,SO,-0.3682,long,1.74,0.0
2018-11-09,AMD,0.8403,long,-12.52,0.0
2018-11-14,NCLH,0.766,long,0.86,0.0
2018-11-15,CTRA,0.7599,long,-81.28,0.01
2018-11-15,MOS,0.5347,long,-48.29,0.01
2018-11-15,NKE,-0.481,long,-45.79,0.0
2018-11-15,MO,0.5318,long,-106.66,0.01
2018-11-15,WFC,0.459,long,-79.84,0.01
2018-11-15,EQT,0.6567,long,-68.82,0.01
2018-11-15,AAPL,0.6923,long,-38.29,0.0
2018-11-15,PCG,1.0056,long,-40.86,0.0
2018-11-20,BKR,0.8306,long,-11.24,0.0
2018-11-21,COP,0.5146,long,1.8,0.0
2018-11-23,TSLA,0.427,long,-5.95,0.0
2018-11-29,FISV,-0.3696,long,0.65,0.0
2018-11-29,UNH,-0.379,long,3.27,0.0
2018-11-29,DAL,-0.4128,long,3.1,0.0
2018-11-29,FAST,-0.4234,long,3.3,0.0
2018-11-29,QCOM,0.4269,long,3.17,0.0
2018-11-29,HST,-0.4542,long,2.18,0.0
2018-11-29,PG,0.4281,long,-0.54,0.0
2018-11-29,KKR,0.3668,long,12.29,0.0
2018-11-29,BSX,0.9109,long,29.1,0.0
2018-11-30,AAPL,0.6953,long,-44.99,0.0
2018-11-30,CMG,-0.5873,long,-125.16,0.02
2018-12-03,KDP,0.5806,long,-94.18,0.03
2018-12-04,GIS,0.6356,long,-63.56,0.01
2018-12-04,UPS,-0.5995,long,-35.91,0.0
2018-12-06,CVS,0.582,long,-19.47,0.0
2018-12-06,MO,0.594,long,-36.75,0.0
2018-12-06,ORCL,0.6718,long,-19.95,0.0
2018-12-07,LUV,-0.5809,long,-16.93,0.0
2018-12-07,FTNT,0.7635,long,2.76,0.0
2018-12-10,WBD,0.5361,long,-52.73,0.01
2018-12-10,TSLA,0.4556,long,-51.37,0.0
2018-12-10,BX,0.6023,long,-36.52,0.0
2018-12-10,VTRS,0.5024,long,-53.6,0.01
2018-12-10,GIS,0.3809,long,-106.69,0.02
2018-12-10,V,-0.4173,long,-36.83,0.0
2018-12-10,FAST,-0.3906,long,-48.2,0.01
2018-12-10,WMB,0.3841,long,-68.88,0.01
2018-12-11,C,0.3771,long,-49.06,0.0
2018-12-12,PSKY,0.3422,long,-34.99,0.01
2018-12-12,WY,-0.3587,long,-26.05,0.01
2018-12-12,MO,0.3451,long,-42.63,0.01
2018-12-12,MOS,0.3744,long,-29.57,0.0
2018-12-14,EQT,-0.4641,long,17.44,0.0
2018-12-14,APH,0.6119,long,-1.73,0.0
2018-12-14,CMG,-0.3532,long,-16.12,0.0
2018-12-17,NVDA,-0.3563,long,-2.13,0.0
2018-12-20,GM,0.3495,long,-1.25,0.0
2018-12-21,AVGO,0.3642,long,1.46,0.0
2019-02-07,PCG,-0.4052,long,-162.32,0.03
2019-02-07,GEN,0.6537,long,-90.77,0.02
2019-02-07,GOOG,0.4802,long,-119.14,0.01
2019-02-07,SCHW,0.4737,long,-97.73,0.02
2019-02-07,ABBV,0.4322,long,-118.35,0.02
2019-02-07,AMD,0.3752,long,-39.98,0.0
2019-02-07,OXY,-0.3591,long,-104.18,0.02
2019-02-13,NEM,0.4648,long,-174.4,0.06
2019-02-13,KDP,-0.3584,long,471.19,0.13
2019-02-13,AMAT,0.5545,long,134.32,0.01
2019-02-14,TSLA,0.4376,long,-120.35,0.01
2019-02-20,GEN,0.5499,long,-128.93,0.02
2019-02-21,CMG,0.5156,long,78.81,0.02
2019-02-21,PPL,0.4651,long,157.76,0.08
2019-02-21,LRCX,0.5552,long,-23.93,0.01
2019-02-21,ORLY,-0.4369,long,27.36,0.05
2019-02-21,NKE,-0.4529,long,-48.1,0.02
2019-02-21,WY,0.4178,long,99.99,0.05
2019-02-21,PYPL,-0.3833,long,13.13,0.01
2019-02-21,MS,0.4623,long,49.93,0.01
2019-02-22,PCG,0.5684,long,-299.52,0.05
2019-02-28,NOW,0.5139,long,141.94,0.01
2019-02-28,GEN,0.5493,long,26.37,0.03
2019-02-28,KO,0.5946,long,75.39,0.04
2019-02-28,ABBV,0.6302,long,-37.68,0.02
2019-02-28,CPRT,0.4711,long,450.95,0.05
2019-02-28,CSCO,-0.4963,long,189.62,0.01
2019-02-28,WMB,0.3624,long,-164.58,0.03
2019-02-28,GLW,0.3801,long,127.16,0.02
2019-02-28,SMCI,0.6891,long,46.68,0.53
2019-03-01,PCG,0.6241,long,-300.79,0.07
2019-03-04,CVS,0.7546,long,-196.5,0.02
2019-03-04,TTD,0.4407,long,-67.52,0.01
2019-03-04,T,0.6356,long,-254.11,0.03
2019-03-07,NEM,0.6453,long,-206.92,0.06
2019-03-07,KHC,0.902,long,-163.91,0.04
2019-03-07,SATS,0.53,long,-183.63,0.1
2019-03-07,AVGO,0.6076,long,-79.82,0.01
2019-03-07,PEP,-0.4518,long,-0.82,0.04
2019-03-07,CMG,0.5777,long,102.17,0.02
2019-03-08,ABT,-0.4094,long,-135.79,0.01
2019-03-08,WDC,0.4963,long,-97.49,0.01
2019-03-08,MDT,0.4177,long,-198.3,0.02
2019-03-08,CVS,0.7005,long,-168.22,0.01
2019-03-11,TSCO,-0.4904,long,-155.74,0.03
2019-03-14,AES,-0.4183,long,257.13,0.06
2019-03-14,MDLZ,0.42,long,33.14,0.05
2019-03-14,KO,0.5511,long,45.59,0.03
2019-03-14,SMCI,0.5157,long,474.8,0.54
2019-03-14,GLW,-0.4924,long,-38.57,0.03
2019-03-18,META,0.4244,long,-103.6,0.0
2019-03-19,BSX,-0.4429,long,-118.49,0.02
2019-03-20,PCG,0.4421,long,-297.86,0.08
2019-03-20,WDC,0.4783,long,-96.41,0.01
2019-03-20,COHR,0.4155,long,-94.69,0.03
2019-03-21,WMB,-0.4576,long,233.05,0.03
2019-03-21,TTD,0.578,long,92.82,0.01
2019-03-21,LUV,0.8403,long,-4.2,0.02
2019-03-21,FAST,-0.4433,long,227.29,0.03
2019-03-21,SATS,0.6361,long,-6.24,0.11
2019-03-21,PG,-0.4504,long,287.87,0.03
2019-03-21,NCLH,0.4165,long,151.89,0.02
2019-03-22,SCHW,0.4383,long,-136.96,0.02
2019-03-27,FTNT,-0.4462,long,-157.06,0.03
2019-03-28,KHC,0.4166,long,243.18,0.04
2019-03-28,CSGP,0.4144,long,-39.65,0.03
2019-03-28,NEM,0.7398,long,501.49,0.04
2019-03-28,INVH,0.6512,long,370.55,0.11
2019-03-28,NVDA,0.5302,long,30.2,0.0
2019-03-28,MO,0.4401,long,157.09,0.02
2019-03-28,CAG,0.4377,long,740.61,0.03
2019-03-28,DOC,-0.4074,long,439.64,0.1
2019-03-29,PCG,0.8969,long,-365.08,0.12
2019-04-04,CCL,0.7277,long,276.64,0.02
2019-04-04,TFC,0.9551,long,582.16,0.05
2019-04-04,SMCI,0.5382,long,614.76,0.77
2019-04-04,ON,0.5748,long,295.46,0.01
2019-04-04,TTD,0.5884,long,234.6,0.01
2019-04-04,CSX,-0.4363,long,100.37,0.02
2019-04-05,NOW,-0.5023,long,-182.89,0.02
2019-04-09,FISV,-0.5676,long,-371.3,0.08
2019-04-11,CPB,0.7166,long,761.64,0.16
2019-04-11,CAG,0.8038,long,986.99,0.09
2019-04-11,AVGO,0.7782,long,161.49,0.03
2019-04-11,MOS,-0.4603,long,-144.03,0.03
2019-04-11,APA,0.5558,long,604.48,0.06
2019-04-11,FITB,0.4925,long,378.19,0.08
2019-04-11,MSFT,-0.4913,long,12.93,0.01
2019-04-11,GOOGL,-0.5649,long,-11.11,0.02
2019-04-11,PCG,0.6255,long,150.46,0.12
2019-04-12,WFC,0.4547,long,-376.88,0.04
2019-04-15,AMD,0.4511,long,-112.88,0.01
2019-04-18,LRCX,0.5414,long,141.99,0.04
2019-04-18,DAL,0.7791,long,47.88,0.07
2019-04-18,FAST,0.6622,long,531.66,0.09
2019-04-18,GOOG,-0.5892,long,246.95,0.02
2019-04-18,V,-0.5004,long,83.3,0.04
2019-04-18,ORLY,-0.4585,long,-202.84,0.09
2019-04-18,SMCI,-0.527,long,14.33,0.38
2019-04-18,KR,-0.5208,long,347.71,0.1
2019-04-18,META,0.5275,long,2.34,0.02
2019-04-22,FCX,0.5188,long,-69.29,0.01
2019-04-22,PCG,1.8717,long,-382.94,0.11
2019-04-22,XYZ,-0.58,long,-206.57,0.02
2019-04-22,NEM,0.6848,long,-382.89,0.06
2019-04-23,TSLA,0.4457,long,-50.31,0.0
2019-04-25,VZ,-0.5247,long,-382.88,0.05
2019-04-26,O,0.5934,long,491.82,0.13
2019-04-26,UNH,0.8043,long,1102.51,0.03
2019-04-26,TXN,0.547,long,89.92,0.05
2019-04-26,GEN,0.4464,long,78.34,0.07
2019-04-26,CAG,0.5306,long,385.95,0.1
2019-04-29,CTRA,0.9217,long,-386.76,0.12
2019-05-01,PCG,1.406,long,-386.75,0.11
2019-05-01,SLB,0.6339,long,-181.52,0.03
2019-05-02,EQT,0.9792,long,-238.48,0.08
2019-05-03,GILD,-0.4442,long,88.54,0.0
2019-05-03,BAX,-0.4432,long,375.85,0.09
2019-05-03,CPB,0.8078,long,9.94,0.17
2019-05-03,QCOM,0.9638,long,728.93,0.03
2019-05-03,MDLZ,-0.4731,long,413.06,0.08
2019-05-03,CSX,-0.4822,long,295.41,0.08
2019-05-03,PYPL,-0.4537,long,520.96,0.04
2019-05-06,SW,0.705,long,-396.64,8.84
2019-05-07,MO,0.5913,long,-354.95,0.06
2019-05-08,INTC,0.6521,long,-373.14,0.04
2019-05-09,MS,0.5913,long,-231.99,0.03
2019-05-09,FCX,0.5504,long,-79.01,0.01
2019-05-09,PCG,1.1691,long,-361.72,0.1
2019-05-10,GOOGL,0.5737,long,-332.12,0.03
2019-05-10,F,0.7741,long,6.68,0.03
2019-05-10,CPRT,-0.5959,long,-17.54,0.16
2019-05-10,DVN,0.7482,long,28.59,0.03
2019-05-10,BSX,-0.5955,long,-184.37,0.08
2019-05-10,TSLA,0.8195,long,-230.09,0.03
2019-05-13,VTRS,-0.5644,long,-326.94,0.09
2019-05-13,DAL,-0.5564,long,-334.69,0.07
2019-05-13,AMD,-0.5962,long,-63.99,0.0
2019-05-13,CTSH,0.8054,long,-319.97,0.05
2019-05-13,PCG,0.6757,long,-146.45,0.03
2019-05-17,MCHP,-0.5149,long,-88.38,0.01
2019-05-17,QCOM,0.6832,long,-92.48,0.01
2019-05-17,O,0.8758,long,207.74,0.05
2019-05-17,NKE,-0.5427,long,141.38,0.02
2019-05-17,FISV,-0.5387,long,612.45,0.05
2019-05-17,CSX,-0.5588,long,30.46,0.02
2019-05-20,AMD,-0.5546,long,-57.05,0.0
2019-05-22,EQT,0.4956,long,-119.29,0.03
2019-05-23,COP,-0.5739,long,-121.21,0.01
2019-05-24,BMY,-0.4992,long,10.41,0.01
2019-05-24,MO,0.5277,long,65.62,0.02
2019-05-24,ABBV,0.4947,long,81.42,0.02
2019-05-24,AVGO,-0.5197,long,-472.86,0.01
2019-05-24,CRM,-0.5278,long,-6.54,0.01
2019-05-24,HPQ,-0.5398,long,156.02,0.01
2019-05-24,CTRA,0.5192,long,-14.07,0.02
2019-05-28,EQT,0.815,long,-116.41,0.03
2019-05-28,ORCL,-0.5755,long,-134.39,0.01
2019-05-28,QCOM,1.1883,long,-92.3,0.0
2019-05-28,KKR,-0.4878,long,-63.91,0.01
2019-05-29,CCL,-0.4845,long,-112.96,0.02
2019-05-29,GOOGL,0.7471,long,-106.51,0.01
2019-05-29,GM,0.703,long,-107.49,0.01
2019-05-29,OXY,0.5845,long,-174.46,0.02
2019-05-29,CPB,0.4854,long,-257.43,0.11
2019-05-29,JNJ,-0.468,long,-212.68,0.02
2019-05-29,FTNT,-0.5477,long,-75.83,0.01
2019-05-30,WY,0.6669,long,-89.07,0.02
2019-05-30,CAG,0.4279,long,-111.48,0.02
2019-05-30,AES,-0.5225,long,-233.33,0.07
2019-06-03,V,-0.4793,long,-76.59,0.01
2019-06-04,DELL,0.4396,long,-63.11,0.01
2019-06-05,EQT,0.4582,long,-109.96,0.03
2019-06-10,QCOM,0.7024,long,67.11,0.0
2019-06-10,SATS,0.4257,long,8.68,0.03
2019-06-10,TSCO,-0.4306,long,108.83,0.01
2019-06-10,HAL,0.3879,long,21.17,0.0
2019-06-10,GIS,0.418,long,138.46,0.02
2019-06-10,NVDA,-0.4066,long,76.27,0.0
2019-06-10,MRK,-0.4046,long,102.21,0.01
2019-06-10,MDT,-0.444,long,124.6,0.01
2019-06-11,CPB,0.8532,long,-196.2,0.05
2019-06-11,GEN,0.6585,long,-84.2,0.01
2019-06-11,EQT,0.6087,long,-152.57,0.05
2019-06-12,DELL,0.8627,long,-51.56,0.01
2019-06-17,FCX,0.5609,long,47.89,0.01
2019-06-17,ABBV,0.6355,long,62.84,0.02
2019-06-18,CPB,0.8729,long,-310.56,0.09
2019-06-19,EQT,0.7853,long,-221.27,0.08
2019-06-19,SCHW,0.7201,long,-113.32,0.01
2019-06-24,QCOM,0.9292,long,231.17,0.01
2019-06-25,PCG,0.8806,long,-61.85,0.01
2019-06-27,CPB,0.8987,long,-309.32,0.09
2019-07-02,BKR,0.7733,long,-153.23,0.04
2019-07-02,PCG,0.6499,long,-61.63,0.01
2019-07-02,APA,-0.5069,long,-81.26,0.01
2019-07-09,GILD,0.7741,long,-20.54,0.02
2019-07-09,MO,0.6599,long,103.88,0.04
2019-07-09,KDP,0.6532,long,95.12,0.11
2019-07-09,LYB,0.6269,long,-93.7,0.01
2019-07-09,CSX,-0.5852,long,-108.35,0.02
2019-07-10,PCG,0.5781,long,-64.05,0.01
2019-07-15,GEN,0.9946,long,-113.43,0.02
2019-07-16,BX,0.6195,long,15.43,0.01
2019-07-16,T,0.5804,long,-2.48,0.03
2019-07-16,SLB,0.5952,long,34.54,0.02
2019-07-16,BKR,0.5445,long,-209.66,0.04
2019-07-16,WDC,0.5122,long,94.01,0.01
2019-07-16,COP,0.4922,long,-29.4,0.04
2019-07-16,NEM,0.5769,long,180.37,0.05
2019-07-17,MU,0.6557,long,-82.29,0.0
2019-07-18,WBD,0.8988,long,-132.06,0.03
2019-07-18,NFLX,0.6242,long,-101.06,0.0
2019-07-19,CCL,0.6989,long,-216.9,0.04
2019-07-23,SATS,0.908,long,140.5,0.17
2019-07-23,ORCL,0.7246,long,-117.57,0.01
2019-07-23,IP,0.6139,long,112.93,0.02
2019-07-23,CRH,0.5997,long,-72.56,0.09
2019-07-23,GEN,0.7902,long,24.41,0.01
2019-07-25,NOW,0.5633,long,-78.19,0.01
2019-07-30,GILD,0.656,long,173.68,0.02
2019-07-30,BMY,0.6221,long,256.26,0.02
2019-07-30,MU,0.6164,long,38.52,0.0
2019-07-30,SW,0.5609,long,278.77,6.39
2019-07-30,BSX,-0.4932,long,23.87,0.03
2019-07-30,NFLX,0.4698,long,167.89,0.0
2019-07-30,PSKY,0.5463,long,255.62,0.04
2019-07-30,SLB,0.5564,long,-0.02,0.02
2019-07-31,NEM,0.8415,long,-308.95,0.07
2019-07-31,VZ,-0.5996,long,-308.93,0.04
2019-07-31,TXN,0.5814,long,-99.14,0.01
2019-07-31,SBUX,0.581,long,-147.91,0.01
2019-08-01,NKE,-0.5944,long,-128.1,0.01
2019-08-01,SCHW,0.5422,long,-144.25,0.02
2019-08-01,CTRA,0.9453,long,-308.98,0.09
2019-08-01,UAL,-0.5698,long,-132.96,0.02
2019-08-05,FISV,0.8771,long,-120.55,0.01
2019-08-05,WMB,0.7875,long,-216.16,0.05
2019-08-07,LYB,0.5877,long,-118.1,0.02
2019-08-09,FCX,0.6409,long,-78.9,0.01
2019-08-13,NEM,0.754,long,51.99,0.03
2019-08-13,SMCI,0.7263,long,166.65,0.29
2019-08-13,SBUX,0.8488,long,59.84,0.01
2019-08-13,KO,0.6508,long,145.29,0.02
2019-08-13,TXN,0.6861,long,67.27,0.0
2019-08-13,TGT,0.6183,long,173.6,0.02
2019-08-13,TSCO,-0.5913,long,26.12,0.02
2019-08-13,EXC,0.683,long,112.27,0.03
2019-08-15,ABBV,-0.5732,long,-52.47,0.0
2019-08-20,BSX,-0.5827,long,6.41,0.0
2019-08-20,CRH,-0.5785,long,-9.84,0.01
2019-08-22,NFLX,-0.5819,long,-34.19,0.0
2019-08-27,SATS,0.8048,long,16.13,0.01
2019-08-27,PANW,1.2462,long,11.5,0.0
2019-08-28,MO,0.7346,long,-97.83,0.01
2019-09-05,NEM,0.6407,long,-151.88,0.02
2019-09-11,TGT,0.8423,long,11.55,0.0
2019-09-11,CAG,0.7072,long,36.11,0.01
2019-09-18,BSX,0.6548,long,109.09,0.02
2019-09-18,CCL,-0.5369,long,-38.92,0.02
2019-09-18,NEM,0.78,long,103.58,0.04
2019-09-18,CSGP,0.8415,long,51.68,0.02
2019-09-18,MU,0.8058,long,16.29,0.0
2019-09-18,PYPL,0.6816,long,37.62,0.01
2019-09-19,CAG,0.6368,long,-246.07,0.07
2019-09-27,VTRS,0.8799,long,-93.93,0.02
2019-10-03,KKR,0.852,long,-115.55,0.03
2019-10-09,NEM,0.9385,long,176.82,0.06
2019-10-09,MU,0.7629,long,67.43,0.0
2019-10-15,CAG,0.7956,long,-182.4,0.04
2019-10-16,NVDA,0.6964,long,187.72,0.0
2019-10-18,NFLX,0.6171,long,-134.35,0.01
2019-10-22,MRK,-0.5568,long,-218.75,0.03
2019-10-23,NEM,0.654,long,143.17,0.07
2019-10-23,CAG,0.9612,long,85.42,0.04
2019-10-30,TSLA,0.6,long,1045.39,0.01
2019-10-30,BMY,0.6263,long,323.74,0.03
2019-10-30,NOW,0.8885,long,627.26,0.01
2019-10-30,UPS,0.8035,long,68.9,0.02
2019-10-30,LYB,0.6971,long,167.82,0.02
2019-10-31,BKR,0.6822,long,-329.53,0.12
2019-11-06,KHC,0.7992,long,2247.01,0.12
2019-11-06,CRH,0.7574,long,-0.29,0.29
2019-11-06,ABBV,0.551,long,569.63,0.06
2019-11-13,VZ,-0.5978,long,-62.37,0.06
2019-11-13,LRCX,0.6036,long,-113.77,0.03
2019-11-13,CVS,0.5784,long,614.94,0.06
2019-11-13,TSLA,0.853,long,907.17,0.02
2019-11-13,CTRA,0.673,long,-57.21,0.13
2019-11-14,KHC,1.1295,long,-389.54,0.09
2019-11-19,QCOM,0.5337,long,-199.06,0.02
2019-11-20,DOC,1.0618,long,624.13,0.14
2019-11-20,KR,0.7417,long,-220.86,0.1
2019-11-20,ABBV,0.7357,long,221.0,0.06
2019-11-20,NOW,0.5916,long,1159.54,0.03
2019-11-20,CNC,0.5592,long,1103.83,0.08
2019-11-21,AMAT,0.7571,long,-207.09,0.03
2019-11-21,KHC,1.0039,long,-397.82,0.09
2019-11-21,CTRA,0.4949,long,-397.81,0.14
2019-11-22,TSLA,1.2199,long,-397.75,0.03
2019-11-27,BAX,0.7195,long,162.66,0.08
2019-11-27,SW,0.6559,long,356.39,16.52
2019-12-02,DOC,0.9648,long,-394.68,0.12
2019-12-03,TGT,0.7058,long,-394.6,0.05
2019-12-03,AMAT,0.6662,long,-167.58,0.02
2019-12-03,WBD,0.564,long,-275.41,0.07
2019-12-05,FISV,0.8481,long,-144.17,0.07
2019-12-05,SMCI,0.7557,long,305.54,1.19
2019-12-05,SCHW,0.7865,long,-117.78,0.03
2019-12-05,TSLA,0.8022,long,-29.82,0.03
2019-12-05,CNC,0.7464,long,-19.78,0.09
2019-12-05,CTRA,0.6907,long,-33.01,0.13
2019-12-06,PSKY,0.5593,long,-275.87,0.05
2019-12-12,KHC,0.5429,long,617.41,0.11
2019-12-12,CVS,0.4654,long,-21.04,0.06
2019-12-12,D,0.5039,long,-77.2,0.1
2019-12-12,AMD,0.5796,long,554.96,0.02
2019-12-12,KO,0.5311,long,-16.9,0.06
2019-12-12,COP,0.599,long,339.77,0.08
2019-12-12,UNH,0.695,long,203.99,0.05
2019-12-12,AMAT,0.6065,long,438.1,0.02
2019-12-12,TGT,0.8278,long,256.42,0.05
2019-12-13,PCG,1.2553,long,-330.39,0.07
2019-12-19,HPQ,0.6356,long,238.93,0.1
2019-12-19,HAL,0.6207,long,318.47,0.04
2019-12-19,MDLZ,-0.5936,long,324.56,0.09
2019-12-19,NVDA,0.5634,long,622.59,0.01
2019-12-19,CNC,0.5481,long,678.11,0.09
2019-12-19,TSLA,0.5419,long,1832.27,0.03
2019-12-19,AES,-0.517,long,469.69,0.14
2019-12-19,BKR,0.6008,long,1027.59,0.12
2019-12-19,ABBV,0.4818,long,53.78,0.01
2019-12-20,PCG,1.0367,long,-417.58,0.1
2019-12-27,HPE,0.6988,long,14.49,0.11
2019-12-27,EXC,-0.5037,long,396.62,0.09
2019-12-27,KHC,0.4993,long,-104.95,0.12
2019-12-27,VZ,-0.5988,long,143.89,0.07
2019-12-27,PANW,0.777,long,228.51,0.09
2019-12-30,AMD,0.5894,long,-242.54,0.02
2019-12-30,NFLX,0.4873,long,-336.49,0.03
2019-12-30,PCG,1.3215,long,-417.14,0.1
2019-12-30,TSLA,1.0259,long,-417.06,0.03
2020-01-06,HAL,0.906,long,318.14,0.05
2020-01-06,SMCI,0.684,long,-136.88,0.82
2020-01-06,BKR,0.6663,long,-52.21,0.09
2020-01-06,CVS,-0.5708,long,-103.29,0.07
2020-01-07,CAG,0.6915,long,-412.16,0.12
2020-01-08,GM,-0.5886,long,-206.24,0.03
2020-01-08,PCG,0.9577,long,-412.15,0.1
2020-01-08,DVN,0.7093,long,-208.54,0.05
2020-01-13,AMD,0.9903,long,69.58,0.01
2020-01-13,TSLA,0.8115,long,2631.42,0.02
2020-01-13,SATS,0.7169,long,-80.9,0.35
2020-01-13,OXY,0.6865,long,472.07,0.03
2020-01-13,MCHP,0.6559,long,324.16,0.02
2020-01-13,PPL,0.6116,long,50.46,0.12
2020-01-13,CNC,0.7817,long,390.55,0.07
2020-01-21,APA,0.7932,long,-131.89,0.03
2020-01-21,SMCI,0.7621,long,1255.98,0.67
2020-01-21,PCG,1.5727,long,4010.02,0.13
2020-01-21,CAG,0.7759,long,307.27,0.09
2020-01-21,SO,-0.5969,long,966.24,0.1
2020-01-21,CSX,-0.5667,long,138.51,0.04
2020-01-21,CPRT,-0.5309,long,271.94,0.09
2020-01-21,ORLY,-0.5464,long,377.96,0.12
2020-01-21,KMI,-0.5516,long,-221.07,0.11
2020-01-21,MDLZ,-0.5377,long,305.91,0.09
2020-01-22,SLB,0.767,long,-447.77,0.09
2020-01-22,OXY,0.6867,long,-294.53,0.04
2020-01-23,TGT,0.737,long,-447.75,0.07
2020-01-23,CMCSA,-0.5968,long,-447.74,0.06
2020-01-27,BX,-0.5274,long,-446.98,0.13
2020-01-27,VTRS,0.622,long,-194.28,0.04
2020-01-27,V,-0.5019,long,-449.72,0.05
2020-01-27,UNH,0.557,long,-447.74,0.06
2020-01-28,INVH,-0.5542,long,371.29,0.19
2020-01-28,CRM,0.5356,long,32.35,0.01
2020-01-28,ANET,0.7053,long,1038.92,0.15
2020-01-28,TSLA,1.1364,long,981.9,0.02
2020-01-30,ABT,-0.5185,long,-322.51,0.05
2020-01-30,MU,0.4981,long,-177.95,0.01
2020-01-30,NCLH,0.828,long,-288.74,0.1
2020-01-31,GIS,0.5012,long,-449.81,0.14
2020-01-31,SMCI,0.6732,long,-444.44,0.63
2020-01-31,TGT,0.7661,long,-443.87,0.07
2020-02-03,UPS,-0.5959,long,-209.56,0.03
2020-02-04,D,-0.4897,long,92.47,0.11
2020-02-04,MSFT,-0.4859,long,998.93,0.01
2020-02-04,PCG,2.3213,long,2167.26,0.12
2020-02-04,GOOGL,-0.4924,long,92.82,0.02
2020-02-11,UNH,0.7297,long,181.68,0.01
2020-02-11,UPS,0.9363,long,76.39,0.03
2020-02-11,WMT,0.4758,long,23.0,0.03
2020-02-11,MOS,0.6045,long,9.5,0.01
2020-02-11,CTRA,0.6243,long,128.74,0.03
2020-02-11,XYZ,0.6239,long,227.18,0.02
2020-02-11,APA,0.6604,long,44.11,0.01
2020-02-11,MDLZ,-0.5805,long,33.87,0.03
2020-02-12,PCG,1.9504,long,-377.3,0.1
2020-02-13,TSLA,0.9438,long,-209.27,0.01
2020-02-19,NCLH,0.9305,long,31.35,0.04
2020-02-19,F,0.8361,long,-72.94,0.03
2020-02-19,DOC,-0.5946,long,-9.68,0.07
2020-02-20,TSLA,0.6571,long,-305.27,0.01
2020-02-21,DVN,1.0819,long,-140.47,0.03
2020-02-24,GEN,1.0966,long,-248.42,0.07
2020-02-26,PCG,1.9143,long,39.32,0.02
2020-02-26,MOS,1.0514,long,-48.04,0.01
2020-06-01,EQT,0.7008,long,-221.89,0.07
2020-06-02,NEM,0.7482,long,-376.74,0.06
2020-06-05,FTNT,0.7645,long,219.04,0.03
2020-06-05,COHR,0.6448,long,496.47,0.04
2020-06-09,GEN,0.621,long,-380.43,0.12
2020-06-11,NEM,0.7899,long,1219.22,0.07
2020-07-07,SATS,0.4101,long,-87.14,0.06
2020-07-07,D,-0.4342,long,-161.73,0.02
2020-07-08,COHR,1.4074,long,-139.56,0.04
2020-07-13,AMAT,-0.3669,long,4.05,0.01
2020-07-13,CL,-0.3682,long,34.38,0.04
2020-07-13,PFE,0.369,long,76.83,0.01
2020-07-13,CSGP,-0.4935,long,-8.9,0.01
2020-07-13,GEN,0.3724,long,45.82,0.03
2020-07-13,TGT,-0.4433,long,-18.39,0.01
2020-07-13,META,0.4285,long,139.35,0.0
2020-07-13,XYZ,0.8094,long,171.49,0.0
2020-07-13,SMCI,0.5347,long,13.04,0.02
2020-07-13,DELL,0.5843,long,-40.82,0.01
2020-07-23,NFLX,1.199,long,-459.66,0.03
2020-07-24,XYZ,1.0231,long,-322.28,0.03
2020-07-24,BMY,-0.5276,long,-459.67,0.07
2020-07-24,TSLA,0.522,long,-127.65,0.0
2020-07-27,DELL,0.8514,long,161.79,0.11
2020-07-27,T,-0.5549,long,-323.63,0.04
2020-07-27,CSGP,0.7951,long,262.05,0.08
2020-07-27,FTNT,0.6236,long,861.92,0.12
2020-07-27,SW,0.5429,long,454.28,8.3
2020-07-27,COHR,0.6373,long,734.67,0.13
2020-07-28,SBUX,-0.5205,long,-265.38,0.03
2020-07-30,FCX,0.7682,long,-221.32,0.04
2020-07-31,HAL,0.5462,long,-152.62,0.02
2020-08-03,TSLA,0.667,long,356.91,0.01
2020-08-03,SMCI,0.6873,long,1218.67,0.35
2020-08-03,NFLX,0.8949,long,449.13,0.03
2020-08-03,TGT,-0.5855,long,445.53,0.1
2020-08-03,CRM,0.4805,long,874.93,0.03
2020-08-03,TTD,0.5099,long,1090.6,0.03
2020-08-03,ABT,0.5044,long,53.26,0.06
2020-08-03,XYZ,1.1484,long,1078.74,0.04
2020-08-06,NOW,0.4777,long,-478.05,0.08
2020-08-06,MU,-0.5891,long,-280.4,0.03
2020-08-10,WY,0.7815,long,355.74,0.05
2020-08-10,ORCL,-0.5569,long,-87.84,0.07
2020-08-10,CMG,0.5293,long,65.38,0.05
2020-08-10,AMZN,0.6141,long,-162.91,0.02
2020-08-10,CAG,-0.5513,long,236.63,0.21
2020-08-10,NKE,-0.5982,long,832.8,0.05
2020-08-10,CTRA,0.7713,long,1395.69,0.22
2020-08-10,DELL,0.8042,long,513.1,0.15
2020-08-11,XYZ,1.1252,long,-416.63,0.04
2020-08-11,FTNT,1.0713,long,-492.69,0.15
2020-08-11,ANET,1.0374,long,-492.7,0.16
2020-08-11,TTD,1.016,long,-480.51,0.08
2020-08-12,CSGP,0.6773,long,-481.34,0.12
2020-08-17,T,-0.5601,long,-43.48,0.02
2020-08-17,NOW,0.7382,long,454.96,0.08
2020-08-17,VZ,-0.4698,long,359.14,0.08
2020-08-17,META,0.464,long,469.83,0.01
2020-08-17,MOS,0.8237,long,182.23,0.08
2020-08-18,COHR,0.6972,long,-347.52,0.13
2020-08-19,GILD,0.6673,long,-488.9,0.09
2020-08-19,TTD,0.7173,long,-391.8,0.07
2020-08-19,AMAT,0.6725,long,-195.54,0.02
2020-08-24,BX,-0.4806,long,1.74,0.08
2020-08-24,ANET,0.8797,long,368.78,0.15
2020-08-24,MDLZ,-0.5011,long,666.36,0.12
2020-08-24,SW,0.5084,long,554.61,7.66
2020-08-24,CMCSA,-0.5224,long,206.99,0.08
2020-08-24,XYZ,0.9138,long,574.03,0.03
2020-08-24,NFLX,0.4881,long,307.45,0.03
2020-08-25,TSLA,0.9206,long,-275.8,0.01
2020-08-26,CTRA,0.4676,long,-476.47,0.21
2020-08-27,TGT,0.6464,long,-489.63,0.07
2020-08-31,UPS,0.6513,long,312.62,0.07
2020-08-31,MOS,0.6865,long,215.75,0.09
2020-08-31,GILD,0.6317,long,95.82,0.08
2020-08-31,NVDA,0.6293,long,596.96,0.03
2020-08-31,MDT,0.5202,long,1175.57,0.09
2020-08-31,FAST,-0.5195,long,46.71,0.18
2020-08-31,AVGO,-0.5182,long,278.45,0.02
2020-08-31,CSCO,0.6117,long,42.52,0.06
2020-09-01,ABT,0.6737,long,-495.91,0.09
2020-09-02,TSLA,0.7087,long,-277.64,0.01
2020-09-02,NEM,0.5817,long,-495.93,0.11
2020-09-03,MSFT,-0.4938,long,41.93,0.01
2020-09-03,WMT,0.4965,long,-498.46,0.05
2020-09-03,TSCO,0.5085,long,-110.05,0.16
2020-09-03,CRM,0.8033,long,29.24,0.03
2020-09-03,ANET,0.6423,long,237.15,0.15
2020-09-03,TGT,0.7247,long,-182.69,0.07
2020-09-03,NFLX,0.6151,long,755.99,0.04
2020-09-03,CPRT,-0.5496,long,327.23,0.06
2020-09-03,MO,-0.4532,long,194.15,0.12
2020-09-03,INVH,-0.4668,long,160.01,0.09
2020-09-16,PYPL,0.6015,long,-230.81,0.02
2020-09-17,GILD,0.7496,long,-494.3,0.09
2020-09-17,NFLX,0.7534,long,-380.12,0.03
2020-09-17,EQT,0.8386,long,-494.57,0.3
2020-09-17,AMZN,0.5983,long,-36.2,0.0
2020-09-18,CRM,0.5518,long,-129.35,0.01
2020-09-18,META,0.5594,long,-131.9,0.0
2020-09-21,GIS,0.7379,long,-494.38,0.17
2020-09-21,MOS,0.5979,long,-170.45,0.05
2020-09-21,GM,0.537,long,-282.14,0.04
2020-09-21,CMCSA,-0.5364,long,-377.04,0.05
2020-09-22,ABT,0.8628,long,-338.84,0.08
2020-09-22,SW,0.7863,long,-255.27,15.56
2020-09-22,IP,0.7278,long,-88.59,0.2
2020-09-22,WMT,1.0689,long,9.49,0.05
2020-09-22,TSLA,-0.5315,long,-80.51,0.0
2020-09-22,FCX,0.5154,long,-130.74,0.02
2020-09-23,KMI,-0.5845,long,-227.16,0.05
2020-09-23,PYPL,0.6616,long,-190.81,0.01
2020-09-23,HST,0.5875,long,-216.61,0.06
2020-09-24,LUV,0.6084,long,-216.92,0.03
2020-09-24,KKR,-0.5721,long,-148.69,0.03
2020-09-24,NFLX,0.5314,long,-154.4,0.01
2020-09-24,GM,0.5848,long,-275.54,0.04
2020-09-25,APA,-0.5027,long,-155.78,0.04
2020-09-29,AMZN,0.6724,long,158.49,0.0
2020-09-29,PEP,-0.5279,long,523.68,0.04
2020-09-29,WY,-0.5178,long,180.41,0.04
2020-09-29,NVDA,0.5618,long,286.03,0.0
2020-09-29,INTC,-0.5621,long,245.64,0.01
2020-10-01,MOS,0.7469,long,-193.32,0.06
2020-10-06,GM,0.5906,long,412.64,0.05
2020-10-06,TSLA,-0.5965,long,-11.38,0.0
2020-10-06,WMT,0.6084,long,288.6,0.03
2020-10-06,NKE,0.7676,long,311.96,0.04
2020-10-06,GIS,0.5235,long,406.23,0.05
2020-10-06,SMCI,-0.498,long,356.24,0.18
2020-10-06,WBD,0.5124,long,136.43,0.1
2020-10-06,JNJ,-0.5474,long,-86.54,0.04
2020-10-06,AMD,0.4871,long,377.12,0.0
2020-10-13,SCHW,1.1202,long,171.54,0.07
2020-10-13,INVH,-0.5815,long,166.32,0.05
2020-10-13,IP,0.503,long,421.39,0.05
2020-10-13,SBUX,-0.509,long,125.42,0.03
2020-10-13,GEN,-0.5307,long,-26.07,0.03
2020-10-13,XYZ,0.5403,long,207.37,0.01
2020-10-13,WY,-0.5819,long,-131.76,0.04
2020-10-13,SATS,0.5559,long,600.26,0.32
2020-10-13,MOS,1.0027,long,-85.63,0.07
2020-10-13,CPRT,-0.5532,long,507.29,0.06
2020-10-14,HST,0.6369,long,-248.21,0.07
2020-10-14,NCLH,0.736,long,-411.82,0.08
2020-10-15,MU,-0.4747,long,-180.51,0.02
2020-10-15,CRH,0.4993,long,-178.76,0.12
2020-10-15,ON,0.6537,long,-123.74,0.02
2020-10-19,AMD,0.5058,long,-126.23,0.0
2020-10-19,O,-0.4702,long,-309.7,0.09
2020-10-19,NFLX,0.4663,long,-164.75,0.01
2020-10-20,BX,-0.4994,long,-50.31,0.06
2020-10-20,VTRS,0.4579,long,-314.66,0.13
2020-10-20,EXC,0.538,long,314.66,0.05
2020-10-20,KMI,-0.4944,long,-24.63,0.05
2020-10-20,GILD,-0.4582,long,-365.3,0.06
2020-10-20,PCG,0.6312,long,686.14,0.1
2020-10-20,APH,0.495,long,27.26,0.05
2020-10-21,COP,1.0576,long,-248.16,0.05
2020-10-21,NFLX,0.6012,long,-202.71,0.01
2020-10-22,MDLZ,-0.4518,long,-299.17,0.06
2020-10-22,FTNT,-0.4712,long,-220.51,0.05
2020-10-22,TTD,0.5416,long,-165.7,0.02
2020-10-23,TSLA,-0.4457,long,-102.08,0.0
2020-10-26,ABBV,-0.4357,long,-103.7,0.09
2020-10-26,UAL,0.4691,long,510.88,0.05
2020-10-26,GLW,-0.4375,long,20.34,0.05
2020-10-26,ORLY,-0.4378,long,-129.48,0.12
2020-10-26,AES,0.437,long,152.24,0.21
2020-10-26,BKR,0.4724,long,651.76,0.15
2020-10-26,GIS,-0.5151,long,28.16,0.09
2020-10-26,NOW,0.4605,long,76.6,0.01
2020-10-26,CNC,0.4794,long,272.32,0.09
2020-10-26,ON,0.5923,long,-61.98,0.03
2020-11-11,TTD,0.5671,long,-243.48,0.03
2020-11-12,GLW,-0.4439,long,-292.89,0.08
2020-11-17,FCX,0.6769,long,545.22,0.04
2020-11-17,GM,0.6143,long,762.9,0.06
2020-11-17,PSKY,0.6783,long,1751.09,0.12
2020-11-17,CTRA,0.5978,long,388.69,0.22
2020-11-17,CPB,-0.5222,long,1152.97,0.24
2020-11-17,COHR,0.4982,long,521.11,0.07
2020-11-17,FISV,-0.3928,long,179.94,0.05
2020-11-17,VZ,-0.526,long,127.14,0.07
2020-11-18,NCLH,0.6214,long,-259.57,0.04
2020-11-18,NEM,-0.5565,long,-453.88,0.09
2020-11-18,BSX,-0.5276,long,-400.84,0.07
2020-11-19,TFC,0.5152,long,-258.89,0.05
2020-11-23,AAPL,-0.5901,long,-218.73,0.01
2020-11-24,PCG,0.737,long,1551.56,0.17
2020-11-24,FTNT,-0.5708,long,92.1,0.07
2020-11-24,TTD,0.5338,long,1033.12,0.03
2020-11-24,LUV,0.3759,long,1366.08,0.04
2020-11-24,DELL,-0.3902,long,847.52,0.12
2020-11-24,BKR,0.6934,long,1280.13,0.12
2020-11-27,WY,-0.5457,long,-437.93,0.16
2020-11-30,GM,0.7893,long,-523.34,0.08
2020-12-02,CAG,-0.5092,long,-278.41,0.24
2020-12-02,TSLA,-0.5468,long,447.96,0.01
2020-12-02,WDC,0.5609,long,1017.19,0.16
2020-12-02,GLW,-0.5705,long,283.97,0.13
2020-12-02,VTRS,0.5154,long,523.68,0.1
2020-12-02,ON,-0.511,long,271.57,0.02
2020-12-02,GILD,-0.5213,long,24.59,0.09
2020-12-02,JNJ,-0.5091,long,178.28,0.04
2020-12-03,WBD,0.6273,long,-440.78,0.13
2020-12-09,TTD,0.7616,long,290.91,0.08
2020-12-09,MOS,0.831,long,717.66,0.22
2020-12-09,COHR,0.7093,long,349.42,0.15
2020-12-09,GM,0.6183,long,173.61,0.08
2020-12-09,UAL,0.4774,long,115.87,0.0
2020-12-09,SW,0.4785,long,1091.71,11.63
2020-12-09,PSKY,0.4801,long,802.92,0.11
2020-12-09,QCOM,0.5034,long,759.51,0.03
2020-12-09,PCG,0.5093,long,-324.07,0.15
2020-12-10,PFE,0.6459,long,-543.98,0.05
2020-12-10,WDC,0.5488,long,-544.09,0.16
2020-12-11,WMB,0.5345,long,-544.09,0.17
2020-12-11,KEY,0.5433,long,-394.15,0.13
2020-12-11,AVGO,0.5486,long,-489.53,0.09
2020-12-11,SATS,0.518,long,-406.44,0.41
2020-12-14,FCX,-0.5698,long,-370.4,0.06
2020-12-16,WBD,0.5403,long,298.7,0.12
2020-12-16,EQT,0.7676,long,26.39,0.29
2020-12-16,GEN,-0.471,long,1638.35,0.19
2020-12-16,FAST,-0.5289,long,51.92,0.04
2020-12-17,MOS,0.8361,long,-539.55,0.21
2020-12-18,GILD,-0.4364,long,-299.85,0.05
2020-12-21,PFE,0.7844,long,-539.39,0.05
2020-12-21,WDC,0.816,long,-539.5,0.16
2020-12-22,CVS,0.7371,long,-536.94,0.11
2020-12-23,CL,-0.4998,long,-98.04,0.15
2020-12-23,CRM,0.4991,long,365.93,0.03
2020-12-23,NKE,0.4602,long,572.7,0.09
2020-12-23,ORCL,0.4939,long,1288.32,0.1
2020-12-23,CSGP,-0.4696,long,1249.99,0.2
2020-12-24,MO,0.6417,long,-106.39,0.01
2020-12-29,WDC,0.6684,long,-476.84,0.14
2020-12-31,PFE,0.8141,long,-97.48,0.05
2020-12-31,SMCI,-0.5896,long,546.11,0.32
2020-12-31,MOS,0.7598,long,793.22,0.22
2020-12-31,MSFT,-0.5926,long,277.56,0.02
2020-12-31,BX,-0.548,long,98.08,0.19
2020-12-31,T,0.6146,long,-136.96,0.07
2020-12-31,KEY,0.7037,long,291.52,0.04
2020-12-31,SLB,0.7019,long,163.68,0.07
2021-01-04,TTD,1.1214,long,-550.5,0.1
2021-01-04,PANW,0.6499,long,-550.51,0.12
2021-01-05,CSGP,0.5783,long,-555.14,0.19
2021-01-05,DELL,0.5284,long,-540.73,0.18
2021-01-08,GIS,-0.5835,long,-667.84,0.18
2021-01-08,OXY,0.7699,long,935.32,0.03
2021-01-08,AES,0.7581,long,2009.8,0.23
2021-01-08,AMAT,-0.5792,long,298.02,0.01
2021-01-08,WDC,0.6835,long,555.79,0.12
2021-01-08,BMY,-0.4818,long,230.81,0.1
2021-01-08,TSLA,0.5327,long,6188.71,0.01
2021-01-08,TXN,-0.5824,long,874.79,0.09
2021-01-11,MOS,0.681,long,-574.49,0.22
2021-01-11,FCX,0.972,long,-434.89,0.07
2021-01-11,MCHP,-0.5897,long,-235.88,0.04
2021-01-11,DVN,0.5922,long,-231.32,0.04
2021-01-11,CRH,0.7815,long,-502.26,0.55
2021-01-13,AMD,-0.5417,long,-537.24,0.04
2021-01-14,ORCL,0.5215,long,-548.44,0.09
2021-01-15,UAL,-0.453,long,-201.14,0.02
2021-01-15,INTC,0.4621,long,-483.04,0.04
2021-01-15,KO,0.5133,long,-45.91,0.0
2021-01-15,SW,0.4987,long,26.12,4.59
2021-01-15,NOW,0.6908,long,-289.27,0.11
2021-01-15,TTD,0.6904,long,331.42,0.1
2021-01-15,WBD,0.866,long,1042.9,0.12
2021-01-19,PSKY,0.5896,long,-565.65,0.11
2021-01-19,EQT,0.6756,long,-565.78,0.24
2021-01-21,WMB,0.6455,long,-514.04,0.16
2021-01-21,FITB,0.6212,long,-388.87,0.12
2021-01-22,MOS,0.8737,long,-565.74,0.21
2021-01-25,BX,-0.5548,long,609.16,0.15
2021-01-25,PFE,0.5159,long,30.73,0.07
2021-01-25,HPQ,-0.5472,long,-273.41,0.12
2021-01-25,PANW,0.447,long,-69.76,0.01
2021-01-25,CRH,0.4499,long,-458.23,0.52
2021-01-26,F,0.5671,long,-327.82,0.04
2021-01-26,EQT,0.6708,long,-556.51,0.25
2021-01-26,DVN,0.5977,long,-205.17,0.03
2021-01-26,LRCX,-0.417,long,-293.03,0.04
2021-01-27,SBUX,0.415,long,-302.67,0.06
2021-01-27,HBAN,1.2403,long,-347.14,0.1
2021-01-27,AMAT,0.657,long,-536.97,0.04
2021-01-27,T,0.4166,long,84.13,0.07
2021-01-27,DELL,0.442,long,6.48,0.09
2021-01-27,TSLA,0.421,long,538.21,0.01
2021-01-27,PPL,-0.534,long,-22.6,0.08
2021-01-27,MO,-0.5218,long,-16.89,0.07
2021-01-27,FTNT,-0.496,long,-215.77,0.06
2021-01-28,PSKY,0.5627,long,1579.81,0.05
2021-02-16,UPS,-0.5971,long,-172.68,0.04
2021-02-16,KR,0.9434,long,203.41,0.09
2021-02-16,QCOM,0.766,long,2.45,0.01
2021-02-16,F,0.6222,long,8.75,0.01
2021-02-16,WBD,0.8424,long,1721.03,0.09
2021-02-16,RF,-0.5608,long,298.91,0.03
2021-02-16,APH,-0.5516,long,276.7,0.04
2021-02-16,WDC,0.5488,long,740.01,0.03
2021-02-16,OXY,0.5904,long,610.0,0.01
2021-02-16,CL,-0.5908,long,-347.7,0.09
2021-02-17,CMG,-0.5102,long,-316.96,0.05
2021-02-17,COHR,0.6906,long,-258.78,0.06
2021-02-17,EQT,0.6229,long,-471.14,0.2
2021-02-17,ANET,-0.5933,long,-317.39,0.09
2021-02-18,NVDA,-0.4662,long,-267.09,0.01
2021-02-18,TTD,-0.5028,long,-245.26,0.03
2021-02-18,MOS,0.5194,long,-140.08,0.03
2021-02-23,PSKY,0.7501,long,1658.17,0.06
2021-02-23,WFC,0.6094,long,373.65,0.01
2021-02-23,FAST,-0.5415,long,-191.35,0.12
2021-02-23,DVN,0.5095,long,-161.96,0.03
2021-02-23,FTNT,-0.51,long,166.21,0.06
2021-02-23,GOOG,0.4485,long,-170.76,0.01
2021-02-23,T,-0.5404,long,207.06,0.06
2021-02-24,WBD,0.6527,long,-471.39,0.08
2021-02-24,PPL,-0.4424,long,-313.42,0.11
2021-02-24,PANW,0.6625,long,-185.5,0.02
2021-02-26,EQT,0.6799,long,-471.5,0.19
2021-02-26,OXY,0.5953,long,-137.46,0.01
2021-03-02,SATS,0.7085,long,886.53,0.11
2021-03-02,BSX,0.459,long,247.13,0.02
2021-03-02,TSCO,-0.4998,long,-381.08,0.13
2021-03-02,KR,0.637,long,-33.8,0.1
2021-03-02,KKR,0.5995,long,157.66,0.04
2021-03-02,CCL,0.8664,long,470.37,0.01
2021-03-03,WMT,0.6408,long,-565.07,0.07
2021-03-03,CRM,0.8428,long,-393.87,0.04
2021-03-03,CL,-0.5808,long,-470.8,0.11
2021-03-04,CMG,-0.5505,long,-250.94,0.04
2021-03-04,EQT,0.6526,long,-565.25,0.25
2021-03-04,BMY,-0.544,long,-562.67,0.09
2021-03-04,HST,0.5366,long,-249.1,0.06
2021-03-05,APH,-0.5189,long,-283.17,0.07
2021-03-05,GLW,-0.5107,long,-299.53,0.08
2021-03-05,CSX,-0.504,long,-340.3,0.07
2021-03-05,HPE,0.5223,long,-561.18,0.19
2021-03-05,NCLH,0.5826,long,-227.4,0.03
2021-03-05,UAL,0.5933,long,-157.7,0.01
2021-03-08,PYPL,0.4828,long,-146.03,0.01
2021-03-09,PSKY,0.8151,long,3455.4,0.08
2021-03-09,CNC,-0.5675,long,481.45,0.08
2021-03-09,APA,0.8031,long,955.09,0.05
2021-03-10,DVN,0.8127,long,-205.71,0.03
2021-03-10,WBD,1.0574,long,-476.64,0.08
2021-03-11,ORCL,0.5633,long,-474.91,0.06
2021-03-12,COHR,0.5429,long,-152.09,0.03
2021-03-16,PCG,0.4507,long,1146.86,0.09
2021-03-16,GM,-0.4587,long,470.39,0.01
2021-03-16,IP,-0.4672,long,113.82,0.15
2021-03-16,DELL,-0.4902,long,436.66,0.04
2021-03-16,CRH,-0.5373,long,303.12,0.14
2021-03-16,MRK,0.5005,long,912.5,0.07
2021-03-16,F,-0.4436,long,42.72,0.01
2021-03-16,NCLH,0.871,long,222.47,0.05
2021-03-17,CCL,0.6374,long,-474.24,0.05
2021-03-17,PSKY,1.3033,long,-570.19,0.06
2021-03-18,COHR,0.7641,long,-180.25,0.04
2021-03-18,COP,0.6699,long,-311.38,0.04
2021-03-19,KEY,0.7315,long,-249.82,0.06
2021-03-19,ORCL,0.9267,long,-570.21,0.08
2021-03-23,VTRS,0.6714,long,-332.1,0.07
2021-03-23,CL,-0.5422,long,392.44,0.11
2021-03-23,AAPL,-0.5832,long,38.17,0.0
2021-03-23,ORLY,-0.5681,long,27.52,0.08
2021-03-24,WBD,1.0594,long,-474.12,0.07
2021-03-25,GM,0.6362,long,-197.44,0.02
2021-03-25,AMD,-0.4962,long,-156.17,0.01
2021-03-30,ABT,0.5228,long,300.67,0.08
2021-03-30,WY,-0.4778,long,167.59,0.03
2021-03-30,COP,0.7477,long,351.85,0.03
2021-03-30,ORCL,0.7978,long,1005.26,0.06
2021-03-30,BAX,-0.5324,long,1532.65,0.18
2021-03-30,SW,-0.5353,long,-4.11,4.11
2021-03-30,BMY,-0.5204,long,327.45,0.07
2021-03-31,EQT,0.5887,long,-475.15,0.2
2021-04-01,MDLZ,-0.5672,long,-430.08,0.07
2021-04-05,WBD,2.6013,long,-480.43,0.07
2021-04-07,MS,0.618,long,42.1,0.03
2021-04-07,MOS,0.8288,long,-37.37,0.03
2021-04-07,F,0.5563,long,440.33,0.02
2021-04-07,VZ,-0.5435,long,35.3,0.06
2021-04-07,MSFT,-0.5475,long,444.5,0.01
2021-04-07,KR,-0.5807,long,266.85,0.1
2021-04-07,T,-0.5699,long,167.33,0.06
2021-04-08,PSKY,1.2131,long,-575.74,0.05
2021-04-08,OXY,0.5886,long,-482.86,0.09
2021-04-08,GM,0.8575,long,-430.25,0.05
2021-04-09,FAST,-0.5913,long,-574.34,0.2
2021-04-09,NCLH,0.5803,long,-568.43,0.1
2021-04-12,UAL,0.5378,long,-235.67,0.02
2021-04-12,INTC,0.5234,long,-313.12,0.02
2021-04-12,AMAT,1.2884,long,-207.66,0.02
2021-04-13,WDC,0.5203,long,-190.65,0.03
2021-04-14,GEN,-0.5679,long,-568.62,0.29
2021-04-14,SATS,0.5378,long,249.67,0.29
2021-04-14,ORCL,0.6261,long,839.46,0.08
2021-04-14,EXC,-0.5811,long,330.53,0.18
2021-04-14,NKE,0.5332,long,-48.83,0.02
2021-04-15,WBD,0.7571,long,-473.34,0.07
2021-04-15,DAL,0.6921,long,-245.22,0.03
2021-04-19,AMAT,0.7853,long,-94.66,0.0
2021-04-20,SMCI,0.4997,long,-178.28,0.13
2021-04-21,MDLZ,-0.5232,long,151.8,0.08
2021-04-21,CAG,-0.5186,long,943.86,0.17
2021-04-21,CTSH,-0.5071,long,-93.3,0.04
2021-04-21,ABBV,0.5497,long,785.07,0.09
2021-04-21,WDC,0.5728,long,7.06,0.03
2021-04-21,JNJ,0.5606,long,875.54,0.06
2021-04-21,AAPL,-0.5736,long,425.84,0.01
2021-04-22,FTNT,0.4958,long,-144.58,0.02
2021-04-28,CCL,0.7822,long,1061.47,0.05
2021-04-28,WBD,1.2179,long,1053.58,0.07
2021-04-28,ON,0.6825,long,151.07,0.01
2021-04-28,MO,1.1495,long,-0.04,0.04
2021-04-28,DOC,-0.5583,long,271.97,0.09
2021-04-28,SATS,0.6147,long,150.48,0.27
2021-04-28,DVN,0.6063,long,1590.93,0.06
2021-04-28,V,0.5504,long,296.82,0.01
2021-04-28,WFC,0.6329,long,672.33,0.03
2021-04-29,CNC,0.7545,long,-589.1,0.18
2021-04-29,BAX,-0.5643,long,-487.61,0.14
2021-04-30,GILD,-0.5562,long,-589.06,0.14
2021-05-03,DELL,0.5561,long,-515.39,0.13
2021-05-04,GOOGL,0.8137,long,-488.69,0.04
2021-05-04,AAPL,-0.5614,long,-370.83,0.01
2021-05-05,BX,0.5433,long,-32.71,0.09
2021-05-05,ORCL,0.5606,long,1052.49,0.09
2021-05-05,INTC,0.61,long,-120.41,0.03
2021-05-05,CL,-0.556,long,561.01,0.15
2021-05-05,D,-0.4814,long,-584.45,0.18
2021-05-11,MCHP,0.68,long,-98.17,0.01
2021-05-12,JPM,-0.5811,long,152.01,0.05
2021-05-12,MOS,0.6316,long,87.48,0.03
2021-05-12,APA,0.8143,long,355.77,0.09
2021-05-12,F,0.5663,long,-136.15,0.03
2021-05-12,UPS,-0.4749,long,-58.85,0.06
2021-05-12,BMY,-0.4815,long,797.89,0.11
2021-05-12,CMCSA,-0.4842,long,185.41,0.07
2021-05-12,VZ,-0.5403,long,639.46,0.09
2021-05-12,UNH,0.4716,long,-5.19,0.08
2021-05-13,CCL,0.5589,long,-441.39,0.07
2021-05-13,SCHW,0.5213,long,-590.06,0.12
2021-05-13,WY,-0.5403,long,-373.14,0.09
2021-05-13,KR,-0.5412,long,-590.1,0.16
2021-05-18,SATS,0.5548,long,-590.62,0.68
2021-05-19,SLB,0.8909,long,379.72,0.12
2021-05-19,UAL,0.5538,long,1082.89,0.07
2021-05-19,APH,-0.5507,long,60.08,0.09
2021-05-19,GIS,-0.525,long,-183.78,0.17
2021-05-19,SO,-0.518,long,-500.4,0.17
2021-05-20,DVN,0.6914,long,-472.93,0.12
2021-05-24,SATS,0.4965,long,-425.98,0.4
2021-05-26,CMCSA,0.994,long,799.83,0.09
2021-05-26,MDLZ,-0.5717,long,515.8,0.13
2021-05-26,CL,-0.5872,long,383.76,0.15
2021-05-26,T,0.7593,long,335.59,0.07
2021-05-26,NFLX,-0.5035,long,463.47,0.04
2021-05-26,FTNT,0.4599,long,356.4,0.02
2021-05-26,PPL,-0.4669,long,439.07,0.22
2021-05-26,FAST,-0.4813,long,141.17,0.12
2021-05-26,NEM,-0.4539,long,-184.37,0.13
2021-05-28,DELL,-0.4947,long,-224.44,0.05
2021-06-01,MRK,0.5658,long,-591.11,0.09
2021-06-03,GIS,-0.5518,long,82.3,0.03
2021-06-03,UAL,0.5666,long,-5.79,0.08
2021-06-03,CSX,-0.5826,long,112.71,0.14
2021-06-03,SO,-0.5937,long,144.52,0.17
2021-06-03,SATS,0.6439,long,1922.86,0.67
2021-06-03,F,0.6708,long,4236.48,0.08
2021-06-03,SLB,0.7445,long,3410.95,0.13
2021-06-03,GEN,0.7856,long,570.53,0.19
2021-06-08,ON,-0.565,long,-252.21,0.05
2021-06-10,ABT,0.7226,long,618.5,0.12
2021-06-10,HPQ,0.9229,long,152.05,0.07
2021-06-10,CCL,0.9293,long,-496.11,0.05
2021-06-10,CNC,0.6142,long,-397.85,0.16
2021-06-10,APA,0.5341,long,550.31,0.05
2021-06-10,DVN,0.5563,long,-718.33,0.16
2021-06-10,CVS,0.5814,long,-119.86,0.12
2021-06-10,CTRA,0.5289,long,781.8,0.2
2021-06-10,T,0.5986,long,-199.79,0.07
2021-06-11,SLB,0.7272,long,-626.9,0.14
2021-06-11,SW,0.5442,long,-640.03,13.27
2021-06-14,MO,-0.5422,long,-616.31,0.17
2021-06-14,SCHW,0.5977,long,-613.37,0.13
2021-06-14,F,0.6665,long,-626.84,0.07
2021-06-17,DOC,0.5444,long,80.12,0.27
2021-06-17,AES,-0.5958,long,669.67,0.26
2021-06-17,AAPL,-0.5568,long,510.47,0.02
2021-06-17,CMG,-0.5326,long,164.55,0.01
2021-06-17,SMCI,0.54,long,-293.8,0.42
2021-06-18,F,0.7376,long,-552.49,0.06
2021-06-18,INVH,-0.4975,long,-619.78,0.26
2021-06-18,APH,-0.4915,long,-379.69,0.12
2021-06-18,FCX,0.943,long,-316.44,0.04
2021-06-18,OXY,1.2658,long,-618.06,0.13
2021-06-21,VTRS,0.6466,long,-613.26,0.29
2021-06-24,GILD,0.7454,long,-42.97,0.14
2021-06-24,ORCL,0.8929,long,200.55,0.1
2021-06-24,NOW,-0.4999,long,2003.51,0.08
2021-06-24,V,0.5253,long,147.25,0.07
2021-06-24,CSX,-0.4844,long,-463.54,0.16
2021-06-28,DVN,0.5718,long,-526.18,0.13
2021-06-28,F,0.7122,long,-619.78,0.08
2021-07-01,FTNT,0.5117,long,-7.87,0.16
2021-07-01,FAST,-0.5253,long,71.43,0.24
2021-07-01,PSKY,0.4827,long,581.07,0.03
2021-07-01,MOS,0.6814,long,1116.11,0.18
2021-07-01,MRK,0.4903,long,288.73,0.09
2021-07-01,APH,-0.4829,long,191.77,0.12
2021-07-01,CTRA,0.6722,long,2724.09,0.2
2021-07-01,IP,-0.4925,long,747.33,0.22
2021-07-02,MU,0.6017,long,-304.97,0.03
2021-07-06,EQT,0.5231,long,-634.29,0.32
2021-07-06,OXY,0.6818,long,-630.5,0.13
2021-07-07,DAL,-0.4971,long,-415.78,0.08
2021-07-08,COHR,-0.487,long,-290.25,0.1
2021-07-08,TTD,0.9542,long,-252.18,0.03
2021-07-09,BSX,0.5638,long,397.66,0.19
2021-07-09,GILD,-0.5445,long,-162.13,0.14
2021-07-09,TGT,-0.5607,long,574.78,0.12
2021-07-09,VZ,-0.5475,long,-41.25,0.11
2021-07-09,ORCL,0.5874,long,2635.21,0.1
2021-07-09,SBUX,-0.4788,long,788.88,0.12
2021-07-09,NVDA,0.4699,long,261.65,0.01
2021-07-13,CAG,-0.4246,long,-528.81,0.21
2021-07-14,SLB,0.7581,long,-301.57,0.06
2021-07-14,TTD,0.5035,long,-106.28,0.01
2021-07-14,EQT,1.0111,long,-507.59,0.23
2021-07-15,AMD,0.7662,long,-215.73,0.01
2021-07-15,PSKY,0.4219,long,-358.98,0.05
2021-07-16,VTRS,0.5704,long,-241.48,0.24
2021-07-16,CSX,-0.507,long,-29.39,0.04
2021-07-16,WBD,0.3973,long,-397.27,0.12
2021-07-16,NKE,0.3928,long,80.83,0.02
2021-07-16,KR,0.4496,long,350.06,0.06
2021-07-19,SLB,0.7859,long,-243.14,0.04
2021-07-19,CNC,0.6344,long,-525.19,0.16
2021-07-19,NVDA,0.6054,long,-154.6,0.0
2021-07-19,AMD,0.5829,long,-253.14,0.01
2021-07-19,EQT,0.6981,long,-412.33,0.19
2021-07-19,DELL,-0.4293,long,-191.7,0.03
2021-07-23,CRM,-0.5522,long,396.44,0.03
2021-07-23,MDLZ,-0.3664,long,415.96,0.12
2021-07-23,FISV,-0.4446,long,243.28,0.06
2021-07-23,ORCL,0.6526,long,94.33,0.03
2021-07-26,INTC,0.8336,long,-203.73,0.02
2021-07-26,PCG,0.8604,long,-224.52,0.06
2021-07-27,UPS,-0.5671,long,-361.98,0.06
2021-07-29,KDP,-0.5067,long,-429.56,0.13
2021-07-30,SLB,0.7812,long,130.98,0.03
2021-07-30,KR,0.67,long,415.28,0.14
2021-07-30,FAST,-0.5827,long,133.05,0.09
2021-07-30,FTNT,0.4383,long,536.07,0.05
2021-07-30,O,-0.485,long,201.77,0.06
2021-07-30,WY,-0.5192,long,158.03,0.05
2021-07-30,SATS,0.6294,long,-33.93,0.13
2021-08-02,EQT,0.8163,long,-255.29,0.09
2021-08-02,MOS,-0.539,long,-194.34,0.05
2021-08-03,F,0.966,long,-234.24,0.02
2021-08-03,GLW,-0.5356,long,-177.11,0.04
2021-08-04,PCG,0.9687,long,-226.03,0.05
2021-08-04,KHC,-0.5549,long,-440.36,0.14
2021-08-05,GEN,0.5099,long,-527.88,0.23
2021-08-06,ORLY,0.6265,long,147.63,0.11
2021-08-06,APH,-0.5557,long,271.47,0.04
2021-08-06,LRCX,0.5822,long,248.35,0.01
2021-08-06,CTRA,0.964,long,424.96,0.15
2021-08-06,PFE,0.6195,long,890.32,0.07
2021-08-09,TTD,1.0408,long,-156.16,0.02
2021-08-10,AMD,0.5239,long,-374.0,0.02
2021-08-10,CNC,0.7744,long,-525.03,0.15
2021-08-11,NOW,0.5116,long,-389.09,0.06
2021-08-11,WDC,0.5811,long,-121.07,0.02
2021-08-13,ON,0.5752,long,-148.97,0.02
2021-08-13,PCG,0.6912,long,615.94,0.04
2021-08-13,F,0.8957,long,-112.82,0.02
2021-08-13,BAX,0.7122,long,-4.84,0.15
2021-08-13,SW,0.4796,long,1321.91,23.75
2021-08-13,CMG,0.5076,long,5.03,0.02
2021-08-13,CL,-0.533,long,-11.06,0.13
2021-08-16,EQT,0.6107,long,-226.21,0.07
2021-08-16,TTD,1.1567,long,-133.25,0.01
2021-08-16,SATS,0.9613,long,-243.85,0.2
2021-08-16,SMCI,0.7515,long,-300.1,0.36
2021-08-17,KKR,0.5805,long,-215.85,0.05
2021-08-17,PANW,-0.5642,long,-520.43,0.13
2021-08-18,AMD,1.0204,long,-522.81,0.02
2021-08-19,BX,0.5607,long,-288.92,0.05
2021-08-19,FTNT,0.5346,long,-245.29,0.04
2021-08-19,WMB,-0.591,long,-209.41,0.05
2021-08-20,AMAT,0.735,long,-78.84,0.01
2021-08-20,PFE,0.7809,long,357.39,0.04
2021-08-20,V,0.7057,long,-25.0,0.02
2021-08-27,FAST,-0.5748,long,70.57,0.11
2021-08-27,SATS,0.771,long,1069.97,0.2
2021-08-27,KR,0.9464,long,-175.75,0.13
2021-08-27,AMD,1.046,long,1165.49,0.02
2021-08-27,KHC,0.4938,long,-132.74,0.1
2021-08-27,WDC,0.5003,long,216.2,0.02
2021-08-27,CMCSA,-0.5537,long,46.57,0.04
2021-08-27,SO,-0.5446,long,-72.86,0.09
2021-08-27,CRM,-0.563,long,656.74,0.03
2021-08-27,CTSH,0.5338,long,106.11,0.04
2021-08-31,PFE,0.7606,long,-375.86,0.03
2021-09-01,DVN,0.6328,long,-120.24,0.02
2021-09-03,UPS,-0.5786,long,285.78,0.06
2021-09-03,BAX,0.6278,long,2030.25,0.15
2021-09-03,AAPL,-0.5876,long,329.61,0.01
2021-09-03,FISV,0.5735,long,-173.0,0.05
2021-09-03,INVH,-0.5377,long,467.24,0.11
2021-09-03,GIS,0.5352,long,170.87,0.18
2021-09-03,EXC,-0.5358,long,212.21,0.08
2021-09-03,FTNT,0.5625,long,232.97,0.04
2021-09-08,MU,0.7636,long,-411.53,0.04
2021-09-08,WDC,0.6226,long,-293.8,0.05
2021-09-13,PANW,0.5744,long,795.62,0.11
2021-09-13,CMG,-0.5331,long,-216.18,0.04
2021-09-13,ON,0.5209,long,363.73,0.03
2021-09-13,NOW,0.5877,long,-676.35,0.13
2021-09-13,SW,0.7726,long,-404.68,29.74
2021-09-13,WFC,0.7661,long,239.47,0.02
2021-09-13,PFE,0.6435,long,-1055.4,0.07
2021-09-13,MS,-0.5987,long,-32.6,0.04
2021-09-14,NFLX,-0.5133,long,-633.72,0.07
2021-09-14,SATS,0.6938,long,-232.94,0.22
2021-09-15,KR,0.7674,long,-633.81,0.16
2021-09-17,EQT,0.6043,long,-166.07,0.03
2021-09-17,CRH,0.4977,long,-195.15,0.12
2021-09-20,CTRA,0.5641,long,276.74,0.04
2021-09-20,TSLA,0.4848,long,-523.78,0.02
2021-09-20,TXN,-0.4925,long,-249.15,0.03
2021-09-20,V,0.4981,long,-281.42,0.02
2021-09-20,ABBV,0.5485,long,-204.86,0.05
2021-09-20,MCHP,-0.5209,long,34.25,0.03
2021-09-20,WBD,0.6781,long,-121.07,0.09
2021-09-20,CL,-0.5145,long,-278.19,0.16
2021-09-20,JNJ,-0.5026,long,-405.07,0.07
2021-09-24,KKR,-0.5435,long,-214.71,0.04
2021-09-27,D,0.6085,long,-69.96,0.14
2021-09-27,BKR,0.6651,long,346.13,0.02
2021-09-27,INVH,0.6334,long,-367.32,0.13
2021-09-27,KR,1.0186,long,-132.13,0.12
2021-09-27,DELL,-0.5857,long,533.04,0.05
2021-09-27,XYZ,-0.5504,long,278.3,0.01
2021-09-27,NEM,0.5303,long,-159.11,0.05
2021-09-27,BSX,0.4856,long,-14.84,0.06
2021-09-27,BMY,0.5867,long,-157.44,0.06
2021-09-28,WFC,0.6746,long,-171.04,0.01
2021-09-28,TGT,-0.5118,long,-288.28,0.04
2021-09-28,BX,1.1642,long,-177.25,0.02
2021-09-28,CRM,0.6795,long,-375.32,0.03
2021-09-28,SATS,0.5556,long,-201.49,0.17
2021-09-29,TTD,0.4607,long,-143.1,0.02
2021-09-29,APH,-0.5386,long,-220.71,0.05
2021-09-29,LRCX,-0.5235,long,-213.5,0.02
2021-09-30,IP,-0.498,long,-242.09,0.07
2021-10-01,QCOM,-0.452,long,-213.89,0.02
2021-10-04,ABBV,0.736,long,163.69,0.04
2021-10-04,F,-0.487,long,237.24,0.01
2021-10-04,CTRA,0.685,long,441.06,0.03
2021-10-05,VTRS,0.585,long,-212.29,0.06
2021-10-06,PSKY,-0.4777,long,-177.25,0.03
2021-10-06,V,-0.4721,long,-188.54,0.01
2021-10-11,BX,1.3612,long,36.17,0.01
2021-10-11,KR,0.8988,long,94.81,0.05
2021-10-11,CAG,-0.4157,long,-66.67,0.1
2021-10-11,LYB,-0.5506,long,22.27,0.01
2021-10-11,QCOM,-0.5074,long,-116.1,0.01
2021-10-11,MO,0.6637,long,62.95,0.02
2021-10-11,COP,0.4932,long,197.21,0.01
2021-10-12,V,-0.4181,long,-167.97,0.01
2021-10-12,CTRA,0.9402,long,-148.09,0.02
2021-10-12,META,0.7584,long,-161.01,0.01
2021-10-13,MRK,0.8445,long,-308.54,0.03
2021-10-18,NOW,0.6544,long,200.42,0.01
2021-10-18,TTD,-0.4438,long,199.79,0.0
2021-10-19,HAL,0.6432,long,-146.84,0.02
2021-10-19,CTRA,1.218,long,-199.06,0.03
2021-10-20,PYPL,-0.5879,long,-113.85,0.01
2021-10-25,NFLX,0.7135,long,452.68,0.02
2021-10-25,MRK,0.787,long,324.96,0.03
2021-10-25,SMCI,0.5974,long,10.26,0.19
2021-10-25,PCG,0.8906,long,377.45,0.05
2021-10-26,PANW,0.5073,long,-381.99,0.07
2021-11-01,CTRA,0.819,long,10.02,0.03
2021-11-01,CMG,0.8134,long,39.52,0.04
2021-11-01,SW,0.7413,long,469.54,11.83
2021-11-01,TSLA,0.6843,long,2998.23,0.01
2021-11-03,CSGP,1.2571,long,-499.11,0.2
2021-11-03,V,1.0265,long,-413.68,0.04
2021-11-08,BAX,1.1287,long,-122.27,0.21
2021-11-08,ORLY,0.771,long,433.06,0.19
2021-11-08,MDT,0.6013,long,418.39,0.1
2021-11-08,KHC,-0.525,long,772.89,0.24
2021-11-08,NEM,0.6494,long,941.57,0.17
2021-11-09,TSLA,1.0253,long,-483.27,0.01
2021-11-10,MOS,0.9388,long,-358.08,0.09
2021-11-10,NVDA,0.8391,long,-223.71,0.01
2021-11-11,V,0.6116,long,-361.9,0.03
2021-11-11,BSX,0.6858,long,-457.9,0.11
2021-11-15,VTRS,0.8961,long,-659.2,0.23
2021-11-15,CSGP,0.7302,long,71.57,0.22
2021-11-15,QCOM,0.6944,long,388.08,0.03
2021-11-15,GEN,0.6918,long,166.6,0.35
2021-11-15,NFLX,0.6608,long,946.61,0.06
2021-11-15,MRK,0.9417,long,864.63,0.09
2021-11-16,SATS,0.94,long,-636.38,0.79
2021-11-17,NVDA,0.6005,long,-297.16,0.01
2021-11-17,SMCI,0.6533,long,-560.35,0.72
2021-11-17,V,0.7004,long,-571.75,0.06
2021-11-19,CTRA,0.9183,long,-623.2,0.24
2021-11-22,TSLA,0.6487,long,2730.99,0.02
2021-11-22,INTC,0.628,long,-231.73,0.07
2021-11-22,F,0.5438,long,904.9,0.05
2021-11-22,AMD,0.5339,long,285.09,0.01
2021-11-22,ANET,0.8941,long,-337.89,0.09
2021-11-26,UAL,0.8553,long,-638.11,0.14
2021-11-26,APA,0.7404,long,-238.36,0.05
2021-11-26,MRK,1.0173,long,-638.07,0.1
2021-11-26,EQT,0.9229,long,-521.96,0.2
2021-11-26,V,0.8912,long,-506.49,0.04
2021-11-26,VTRS,0.7856,long,-638.24,0.27
2021-12-01,VTRS,0.9326,long,-63.02,0.17
2021-12-03,BKR,0.6661,long,382.89,0.06
2021-12-03,MRK,1.4673,long,-122.96,0.06
2021-12-14,PFE,1.0987,long,230.43,0.01
2021-12-21,SATS,1.1913,long,67.54,0.04
2021-12-28,PFE,1.065,long,-66.01,0.01
2022-01-03,ANET,1.0721,long,-82.34,0.01
2022-01-03,ORCL,1.042,long,-102.3,0.01
2022-01-04,PFE,1.3862,long,-175.37,0.02
2022-01-06,ANET,1.0068,long,-125.66,0.02
2022-01-12,PFE,1.7103,long,66.78,0.01
2022-01-24,PFE,0.9847,long,-359.3,0.04
2022-02-18,FISV,0.8157,long,-114.91,0.02
2022-02-18,GEN,0.5553,long,-113.95,0.02
2022-02-18,PSKY,0.7076,long,-99.33,0.01
2022-02-22,TFC,-0.5368,long,-50.36,0.01
2022-02-22,OXY,0.4502,long,-99.37,0.01
2022-02-22,EQT,0.4538,long,-87.93,0.01
2022-02-22,ORLY,-0.5885,long,-71.56,0.01
2022-02-22,AMAT,-0.4905,long,-46.32,0.0
2022-02-23,T,0.7089,long,-2.51,0.01
2022-02-23,KR,0.5479,long,40.35,0.01
2022-02-23,MO,-0.4989,long,47.04,0.01
2022-02-23,KO,-0.4972,long,55.5,0.01
2022-02-23,GILD,0.4381,long,7.96,0.02
2022-02-23,V,0.446,long,22.35,0.0
2022-02-23,ORCL,-0.4418,long,9.72,0.01
2022-02-23,PCG,0.4401,long,6.19,0.02
2022-02-23,KMI,-0.4445,long,-100.38,0.03
2022-02-23,WBD,0.8004,long,-18.98,0.0
2022-02-28,DAL,0.431,long,-21.41,0.01
2022-02-28,SW,-0.2859,long,-98.39,4.81
2022-02-28,WBD,0.2744,long,-14.48,0.01
2022-03-01,AMAT,-0.2405,long,-22.19,0.0
2022-03-01,PPL,0.4472,long,-86.38,0.02
2022-03-02,SATS,0.4053,long,207.75,0.06
2022-03-02,CL,-0.2837,long,-1.35,0.01
2022-03-02,GEN,0.3514,long,57.47,0.01
2022-03-02,BMY,-0.2455,long,26.9,0.01
2022-03-02,INVH,0.2984,long,5.0,0.01
2022-03-25,BKR,0.6639,long,51.15,0.0
2022-03-25,GEN,0.8774,long,29.5,0.0
2022-03-25,SLB,0.8517,long,47.08,0.0
2022-03-25,CTRA,0.7602,long,71.94,0.0
2022-03-25,OXY,0.6849,long,6.22,0.0
2022-03-25,VTRS,0.5002,long,13.95,0.0
2022-03-25,QCOM,0.4715,long,4.06,0.0
2022-03-25,CAG,0.3901,long,13.2,0.0
2022-03-25,BMY,-0.3855,long,18.03,0.0
2022-03-25,MOS,0.5232,long,53.49,0.0
2022-03-29,HAL,0.4375,long,-103.21,0.01
2022-03-31,AMD,0.4967,long,-7.84,0.0
2022-04-01,SW,0.7132,long,16.58,0.17
2022-04-01,MU,0.7042,long,-5.21,0.0
2022-04-01,BAX,1.1138,long,9.43,0.0
2022-04-01,VZ,0.4931,long,15.5,0.0
2022-04-01,GIS,0.4517,long,24.76,0.0
2022-04-01,TSCO,-0.4503,long,-21.41,0.0
2022-04-01,WMB,-0.4425,long,19.94,0.0
2022-04-01,MDLZ,0.621,long,30.97,0.0
2022-04-04,SCHW,0.4204,long,-78.41,0.01
2022-04-04,CNC,0.4295,long,-28.24,0.01
2022-04-05,KDP,-0.4057,long,-265.72,0.07
2022-04-06,WBD,0.3905,long,-115.38,0.02
2022-04-06,APH,-0.4169,long,-40.36,0.01
2022-04-06,CTRA,0.5319,long,-94.1,0.02
2022-04-07,OXY,0.5216,long,-69.45,0.0
2022-04-07,SMCI,0.3819,long,-117.3,0.1
2022-04-08,MOS,0.6035,long,194.76,0.01
2022-04-08,EQT,0.8083,long,123.11,0.0
2022-04-08,SO,-0.4234,long,99.25,0.01
2022-04-08,PPL,-0.4218,long,28.31,0.01
2022-04-08,CMCSA,-0.4004,long,-6.81,0.0
2022-04-08,BSX,-0.3715,long,63.25,0.04
2022-04-11,HPQ,0.6597,long,-88.14,0.01
2022-04-11,NFLX,-0.3753,long,-61.59,0.0
2022-04-18,CTRA,0.7787,long,611.7,0.03
2022-04-18,WBD,0.6065,long,89.68,0.01
2022-04-18,BKR,0.7283,long,142.83,0.03
2022-04-18,MO,-0.4945,long,73.22,0.03
2022-04-18,ORLY,-0.3883,long,83.3,0.01
2022-04-18,CAG,0.3891,long,91.63,0.02
2022-04-18,GEN,0.3947,long,-6.2,0.01
2022-04-18,APA,0.6072,long,292.16,0.03
2022-07-28,MRK,0.3908,long,145.48,0.08
2022-07-28,BMY,0.3985,long,449.48,0.09
2022-08-04,CAG,0.3836,long,367.68,0.22
2022-08-23,VZ,0.379,long,-435.2,0.11
2022-09-19,CNC,0.8006,long,-351.63,0.14
2022-09-21,CMCSA,0.3684,long,-232.07,0.06
2022-09-22,CMG,-0.3563,long,-192.15,0.04
2022-09-26,CVS,-0.3256,long,-348.29,0.13
2022-11-11,WBD,0.3599,long,204.24,0.03
2023-01-12,SMCI,0.722,long,-338.05,0.1
2023-01-13,BAX,0.4116,long,-369.23,0.09
2023-01-13,CVS,0.3639,long,-541.11,0.1
2023-01-18,PPL,-0.2645,long,-289.72,0.14
2023-01-18,USB,0.2748,long,-254.14,0.07
2023-01-18,KMI,-0.3894,long,-239.2,0.09
2023-01-19,CTRA,-0.252,long,77.11,0.08
2023-01-19,V,0.2975,long,-38.02,0.03
2023-01-19,BX,-0.3477,long,-127.74,0.02
2023-01-19,UAL,0.4846,long,757.69,0.07
2023-01-19,NKE,0.4199,long,-93.07,0.02
2023-01-19,COP,-0.3833,long,51.64,0.06
2023-01-19,NFLX,0.5689,long,-215.05,0.01
2023-01-25,WMB,-0.3688,long,-366.43,0.1
2023-01-26,CCL,0.5678,long,225.77,0.02
2023-01-26,DAL,0.4538,long,351.42,0.05
2023-01-26,CMCSA,0.396,long,614.56,0.04
2023-01-26,BAX,0.3812,long,616.02,0.09
2023-01-26,INTC,0.3244,long,300.24,0.02
2023-01-27,UAL,0.6054,long,-464.04,0.08
2023-01-30,NOW,0.375,long,-249.88,0.03
2023-02-02,BX,-0.4676,long,732.92,0.03
2023-02-02,CAG,0.7079,long,-461.99,0.25
2023-02-02,GIS,0.4294,long,-466.41,0.2
2023-02-02,T,-0.3991,long,10.56,0.12
2023-02-02,FAST,-0.3896,long,1522.77,0.12
2023-02-02,CSX,0.3797,long,987.05,0.09
2023-02-02,LUV,0.5206,long,361.43,0.12
2023-02-03,SW,0.4486,long,-681.67,24.91
2023-02-06,KKR,-0.4016,long,-354.37,0.1
2023-02-06,EQT,-0.3785,long,-479.19,0.15
2023-02-06,WDC,0.6019,long,-389.37,0.09
2023-02-07,PYPL,0.3527,long,-438.99,0.06
2023-02-07,BAX,0.7463,long,-656.94,0.18
2023-02-07,VZ,-0.3987,long,-656.77,0.11
2023-02-08,IP,0.3312,long,-422.62,0.14
2023-02-09,LYB,-0.3906,long,153.72,0.07
2023-02-09,ABT,-0.5467,long,-631.63,0.14
2023-02-09,UAL,0.5396,long,-282.08,0.14
2023-02-09,META,1.1597,long,-454.3,0.03
2023-02-09,MRK,0.5892,long,568.13,0.11
2023-02-10,PYPL,0.7071,long,-221.95,0.02
2023-02-10,AVGO,-0.5258,long,-205.7,0.02
2023-02-10,PANW,-0.5153,long,-309.67,0.04
2023-02-10,TGT,0.3781,long,-510.27,0.1
2023-02-14,MOS,0.5298,long,-329.57,0.09
2023-02-14,DOC,0.5402,long,-307.47,0.11
2023-02-15,BKR,-0.5042,long,-285.02,0.06
2023-02-16,EQT,-0.4446,long,401.92,0.04
2023-02-16,KHC,0.4567,long,211.99,0.14
2023-02-16,ORLY,0.6859,long,1227.89,0.12
2023-02-17,PYPL,0.7024,long,-242.99,0.02
2023-02-17,CCL,0.3239,long,-133.31,0.01
2023-02-21,QCOM,-0.5885,long,-144.65,0.01
2023-02-21,IP,0.4401,long,-254.47,0.07
2023-02-21,WMB,-0.5409,long,-327.38,0.08
2023-02-21,TGT,0.7163,long,-320.16,0.05
2023-02-22,CRH,0.5262,long,-290.95,0.17
2023-02-23,DOC,0.4396,long,-327.3,0.11
2023-02-23,RF,0.4295,long,-274.49,0.07
2023-02-24,MDT,0.5956,long,-34.33,0.05
2023-02-24,CPB,0.3357,long,486.14,0.21
2023-02-24,WBD,0.4427,long,427.82,0.02
2023-02-24,PFE,-0.4783,long,-501.01,0.07
2023-02-24,O,-0.3618,long,-245.52,0.13
2023-02-24,SW,0.478,long,-554.28,23.64
2023-02-24,META,1.1232,long,-62.61,0.0
2023-02-24,HAL,-0.4338,long,-234.98,0.04
2023-02-27,SCHW,0.4104,long,-526.79,0.09
2023-03-01,GILD,0.4813,long,-522.68,0.1
2023-03-02,AES,0.493,long,-281.64,0.09
2023-03-03,ORLY,0.501,long,117.29,0.11
2023-03-03,MOS,0.5275,long,1406.22,0.09
2023-03-03,WY,-0.5328,long,238.15,0.05
2023-03-03,MDLZ,-0.4971,long,-5.05,0.11
2023-03-03,PANW,0.6324,long,383.36,0.04
2023-03-03,FISV,0.5261,long,282.73,0.04
2023-03-03,KMI,-0.5966,long,229.94,0.09
2023-03-07,RF,-0.4643,long,-270.13,0.07
2023-03-08,WMT,0.4755,long,-514.38,0.08
2023-03-08,SATS,0.6094,long,-262.64,0.36
2023-03-09,VZ,0.6338,long,-526.51,0.09
2023-03-09,DELL,0.5008,long,-270.39,0.07
2023-03-10,TFC,0.4522,long,-285.35,0.06
2023-03-10,KKR,-0.4547,long,-152.98,0.03
2023-03-10,WMB,-0.4566,long,-319.05,0.08
2023-03-10,APH,-0.5972,long,-258.02,0.06
2023-03-10,META,0.6882,long,15.84,0.01
2023-03-10,GILD,0.5496,long,-68.26,0.11
2023-03-10,SW,0.6101,long,-508.58,12.34
2023-03-10,GM,0.4627,long,-319.09,0.02
2023-03-10,MU,0.7256,long,-170.51,0.02
2023-03-13,UAL,0.6022,long,-224.74,0.04
2023-03-13,SATS,0.6666,long,-297.96,0.43
2023-03-13,CRM,0.7681,long,-206.95,0.01
2023-03-13,MOS,0.6837,long,-314.27,0.07
2023-03-13,SLB,0.5322,long,-386.35,0.08
2023-03-13,CRH,-0.4605,long,-235.87,0.1
2023-03-13,VTRS,-0.5269,long,-335.86,0.12
2023-03-13,NFLX,-0.5782,long,-169.36,0.01
2023-03-15,MS,-0.4409,long,-286.54,0.04
2023-03-15,WBD,0.493,long,-124.29,0.02
2023-03-15,FCX,0.4957,long,-306.54,0.05
2023-03-16,EQT,-0.4177,long,-257.13,0.05
2023-03-17,BAX,0.5233,long,-461.98,0.12
2023-03-17,AES,-0.4486,long,-261.44,0.08
2023-03-17,PANW,0.617,long,208.36,0.03
2023-03-20,USB,1.3817,long,-224.56,0.03
2023-03-20,META,0.9295,long,-127.62,0.0
2023-03-22,HST,-0.5051,long,-250.75,0.07
2023-03-22,O,-0.4976,long,-399.76,0.11
2023-03-23,GM,0.6745,long,-166.48,0.02
2023-03-23,UAL,0.7815,long,-238.2,0.04
2023-03-24,GIS,-0.3937,long,765.45,0.14
2023-03-24,SLB,0.8724,long,-361.06,0.06
2023-03-24,LYB,0.6035,long,-282.24,0.07
2023-03-24,TGT,0.4023,long,-5.77,0.03
2023-03-24,TXN,-0.5221,long,390.03,0.02
2023-03-24,KDP,-0.4377,long,230.0,0.13
2023-03-24,KMI,-0.4132,long,112.85,0.09
2023-03-31,UAL,0.7136,long,600.06,0.04
2023-03-31,TTD,-0.5385,long,77.04,0.02
2023-03-31,QCOM,-0.5424,long,177.29,0.01
2023-03-31,USB,0.8492,long,252.1,0.01
2023-03-31,VZ,0.6422,long,492.68,0.08
2023-03-31,FCX,0.7587,long,932.14,0.04
2023-03-31,KHC,-0.5663,long,549.27,0.14
2023-04-03,MU,0.4601,long,-180.18,0.01
2023-04-04,LRCX,0.415,long,-151.91,0.01
2023-04-10,NEM,0.653,long,760.36,0.11
2023-04-10,SW,0.5025,long,347.18,13.72
2023-04-17,HST,-0.5397,long,190.53,0.04
2023-04-17,INVH,-0.5903,long,405.83,0.07
2023-04-17,SMCI,0.9999,long,683.94,0.04
2023-04-17,MU,0.645,long,148.65,0.02
2023-04-20,INTC,0.7195,long,-195.02,0.01
2023-04-20,WDC,0.5926,long,-182.29,0.04
2023-04-24,NOW,0.8058,long,94.09,0.02
2023-04-24,DELL,0.6926,long,-12.82,0.05
2023-04-25,SMCI,0.5342,long,-229.04,0.05
2023-04-25,T,1.1883,long,-517.67,0.09
2023-04-25,FCX,0.7063,long,-283.95,0.04
2023-04-25,AMZN,0.6076,long,-155.49,0.01
2023-04-26,GLW,0.6171,long,-257.85,0.07
2023-05-01,GIS,-0.4977,long,374.61,0.15
2023-05-01,MDT,0.7243,long,320.78,0.06
2023-05-01,GOOG,0.6033,long,82.58,0.01
2023-05-01,CPRT,0.6298,long,29.59,0.09
2023-05-02,AMZN,0.6697,long,-159.22,0.01
2023-05-02,SMCI,0.5949,long,-205.04,0.04
2023-05-02,T,0.5999,long,-408.71,0.06
2023-05-08,TSCO,0.5521,long,85.15,0.1
2023-05-08,CAG,-0.5533,long,-162.59,0.17
2023-05-08,ABBV,0.6461,long,-386.39,0.08
2023-05-08,CMG,0.7022,long,-128.43,0.05
2023-05-08,KDP,0.7991,long,99.86,0.14
2023-05-10,SMCI,0.8256,long,-248.76,0.05
2023-05-10,PSKY,1.0926,long,-116.76,0.02
2023-05-11,WBD,0.8159,long,-137.79,0.02
2023-05-15,T,0.6512,long,-42.8,0.05
2023-05-16,TSCO,-0.5311,long,-427.59,0.11
2023-05-22,BAX,0.5322,long,2.44,0.07
2023-05-22,SMCI,0.553,long,1787.28,0.05
2023-05-22,CMG,0.6361,long,477.9,0.09
2023-05-22,HPE,0.6242,long,342.03,0.07
2023-05-23,CPB,-0.468,long,-620.42,0.29
2023-05-24,AMAT,0.6774,long,-561.31,0.1
2023-05-31,LRCX,0.6196,long,-328.66,0.04
2023-05-31,SMCI,0.8137,long,-296.8,0.04
2023-05-31,WDC,0.6024,long,-361.83,0.11
2023-05-31,ANET,0.5713,long,-282.21,0.04
2023-06-01,TSCO,0.5576,long,-616.07,0.19
2023-06-05,TXN,-0.5924,long,-457.58,0.06
2023-06-06,CMCSA,0.6333,long,127.28,0.07
2023-06-06,OXY,-0.5848,long,409.06,0.09
2023-06-06,KHC,-0.5345,long,-113.63,0.17
2023-06-06,PSKY,0.863,long,308.88,0.04
2023-06-07,PANW,0.6532,long,-400.16,0.04
2023-06-08,MU,0.6956,long,-198.24,0.02
2023-06-09,SW,0.7796,long,-559.78,48.73
2023-06-13,NEM,0.6448,long,190.59,0.12
2023-06-13,BAX,0.5094,long,504.01,0.08
2023-06-13,LRCX,0.5473,long,267.09,0.01
2023-06-13,CPB,-0.525,long,-1444.06,0.21
2023-06-13,HPE,-0.5105,long,1286.71,0.04
2023-06-13,SMCI,1.2588,long,559.92,0.02
2023-06-13,VZ,0.5894,long,483.67,0.08
2023-06-14,CVS,-0.5565,long,-301.1,0.04
2023-06-14,MO,-0.5125,long,-450.77,0.1
2023-06-14,AMD,0.6403,long,-230.95,0.01
2023-06-16,MU,0.5321,long,-200.23,0.02
2023-06-20,OXY,-0.5525,long,-362.93,0.05
2023-06-21,CTSH,0.5809,long,-82.83,0.07
2023-06-21,CMG,-0.5925,long,93.84,0.1
2023-06-21,PANW,0.7468,long,331.44,0.03
2023-06-21,DELL,0.446,long,404.97,0.03
2023-06-21,CSCO,-0.5712,long,33.18,0.03
2023-06-22,KEY,-0.5299,long,-101.7,0.01
2023-06-22,COHR,0.8111,long,-108.38,0.01
2023-06-22,INTC,0.5702,long,-203.33,0.01
2023-06-23,ORCL,0.7956,long,-225.27,0.02
2023-06-23,WBD,0.4749,long,-136.78,0.02
2023-06-23,SMCI,0.9903,long,-216.01,0.02
2023-06-26,CCL,0.6508,long,-106.01,0.01
2023-06-26,PCG,-0.475,long,-508.13,0.13
2023-06-26,D,0.4411,long,-506.46,0.14
2023-06-28,CPRT,-0.5416,long,247.12,0.08
2023-06-28,AAPL,-0.4825,long,242.76,0.01
2023-06-28,GIS,0.4458,long,-839.59,0.13
2023-06-28,APH,-0.4561,long,159.91,0.04
2023-06-28,SW,0.3752,long,-537.18,34.52
2023-07-06,CTSH,0.5684,long,257.78,0.06
2023-07-06,LRCX,-0.5722,long,-163.38,0.01
2023-07-06,TSLA,0.6324,long,398.51,0.0
2023-07-06,COHR,0.8398,long,147.61,0.01
2023-07-06,SMCI,1.1596,long,708.35,0.02
2023-07-06,DAL,0.371,long,648.33,0.02
2023-07-06,UPS,-0.4458,long,302.78,0.02
2023-07-06,BAX,0.4433,long,196.14,0.12
2023-07-06,CPB,0.4589,long,33.0,0.18
2023-07-06,CNC,0.4371,long,146.83,0.08
2023-07-07,MRK,-0.5365,long,-609.32,0.1
2023-07-07,XYZ,0.6007,long,-425.0,0.07
2023-07-07,WBD,0.5274,long,-224.87,0.04
2023-07-10,GOOGL,0.5465,long,-395.17,0.03
2023-07-12,CCL,0.7321,long,-176.16,0.01
2023-07-13,INTC,0.6457,long,817.72,0.04
2023-07-13,CRH,0.6693,long,1073.53,0.22
2023-07-13,ORCL,0.5196,long,297.5,0.03
2023-07-13,MU,0.5499,long,679.89,0.04
2023-07-13,NVDA,-0.5901,long,648.82,0.0
2023-07-14,CCL,0.699,long,-248.22,0.02
2023-07-17,VZ,0.8981,long,-620.6,0.11
2023-07-20,GEN,-0.5853,long,91.94,0.17
2023-07-20,CPRT,-0.5848,long,120.67,0.21
2023-07-20,UNH,0.5838,long,2390.34,0.07
2023-07-20,TFC,-0.4367,long,197.34,0.02
2023-07-20,NEM,0.4908,long,167.52,0.16
2023-07-20,CSCO,-0.5074,long,358.87,0.05
2023-07-20,BSX,0.4454,long,310.15,0.16
2023-07-20,PFE,0.4307,long,267.64,0.07
2023-07-21,TSLA,0.5681,long,-344.75,0.01
2023-07-21,SLB,0.5583,long,-495.32,0.09
2023-07-21,NVDA,-0.5832,long,-270.9,0.01
2023-07-24,DAL,0.5124,long,-359.35,0.05
2023-07-24,XYZ,0.5353,long,-469.63,0.08
2023-07-24,CRM,0.537,long,-627.4,0.09
2023-07-24,ANET,-0.5609,long,-275.83,0.04
2023-07-25,AES,-0.5079,long,-338.03,0.12
2023-07-27,SMCI,1.2673,long,1238.83,0.05
2023-07-27,VZ,0.6347,long,-215.99,0.1
2023-07-27,BKR,0.7228,long,-459.78,0.18
2023-07-27,QCOM,0.5487,long,255.33,0.03
2023-07-27,APH,-0.5781,long,787.63,0.17
2023-07-28,ORLY,-0.5486,long,-149.94,0.02
2023-07-28,BAX,0.6309,long,-620.54,0.2
2023-07-28,LUV,0.8956,long,-620.52,0.17
2023-08-01,KEY,-0.5193,long,-167.57,0.03
2023-08-02,NEM,0.5228,long,-610.94,0.17
2023-08-02,CVS,-0.5078,long,-448.12,0.07
2023-08-02,NVDA,-0.531,long,-244.31,0.01
2023-08-02,XYZ,0.5517,long,-498.42,0.09
2023-08-03,ANET,-0.4618,long,-182.87,0.02
2023-08-03,LRCX,-0.4893,long,-266.5,0.03
2023-08-03,WMB,-0.4955,long,209.74,0.13
2023-08-03,KO,-0.495,long,-218.09,0.11
2023-08-03,CMG,0.6276,long,-22.68,0.13
2023-08-03,CPB,-0.4952,long,-380.04,0.29
2023-08-03,SATS,0.5246,long,-252.51,1.26
2023-08-04,PYPL,0.7586,long,-172.28,0.01
2023-08-08,IP,0.9493,long,-505.16,0.19
2023-08-08,BAX,0.7313,long,-283.13,0.06
2023-08-08,GLW,0.4747,long,-534.71,0.19
2023-08-09,ORCL,-0.4598,long,-389.32,0.05
2023-08-10,LUV,0.6355,long,283.02,0.04
2023-08-10,QCOM,0.6635,long,-52.82,0.01
2023-08-10,VZ,0.6749,long,-15.35,0.07
2023-08-10,CL,-0.5039,long,43.15,0.15
2023-08-10,MOS,0.9944,long,321.5,0.09
2023-08-11,SATS,0.7539,long,-201.16,0.14
2023-08-11,NCLH,0.5444,long,-124.49,0.02
2023-08-11,XYZ,0.5306,long,-133.03,0.01
2023-08-14,D,0.5686,long,-498.21,0.16
2023-08-14,FTNT,0.6047,long,-156.41,0.02
2023-08-16,SLB,-0.571,long,-338.11,0.05
2023-08-17,MO,-0.5263,long,-499.19,0.13
2023-08-17,WY,-0.5699,long,-283.97,0.16
2023-08-17,BAX,0.7136,long,-355.0,0.09
2023-08-17,FAST,-0.5254,long,71.11,0.09
2023-08-17,BSX,-0.5715,long,46.13,0.12
2023-08-17,MRK,-0.5865,long,425.7,0.08
2023-08-18,AES,0.6238,long,-202.7,0.06
2023-08-18,PANW,0.5428,long,-218.36,0.02
2023-08-18,SATS,0.9809,long,-153.73,0.09
2023-08-22,JPM,-0.5023,long,-266.5,0.02
2023-08-22,BAC,0.5365,long,-209.99,0.02
2023-08-23,SCHW,0.4631,long,-223.96,0.03
2023-08-24,EQT,0.5339,long,-336.92,0.11
2023-08-24,KMI,-0.5523,long,-81.92,0.12
2023-08-24,CRH,-0.5388,long,-92.48,0.06
2023-08-24,MDT,0.5147,long,-462.98,0.11
2023-08-24,QCOM,0.5854,long,-72.81,0.01
2023-08-25,SATS,1.3773,long,-147.62,0.08
2023-08-25,FCX,-0.4574,long,-123.07,0.01
2023-08-31,UPS,-0.5419,long,79.82,0.04
2023-08-31,BAC,0.5573,long,61.16,0.02
2023-08-31,APA,0.6413,long,315.65,0.05
2023-08-31,JNJ,0.9533,long,-232.76,0.02
2023-08-31,V,-0.4727,long,242.22,0.03
2023-08-31,APH,-0.5341,long,336.14,0.04
2023-08-31,CAG,-0.4779,long,-92.63,0.2
2023-08-31,CCL,-0.5356,long,80.41,0.01
2023-09-01,KHC,-0.4515,long,-486.1,0.13
2023-09-01,CRM,0.5874,long,-184.63,0.01
2023-09-06,FCX,-0.4593,long,-162.26,0.02
2023-09-06,MRK,-0.5031,long,-489.2,0.08
2023-09-06,KMI,-0.5073,long,-489.28,0.15
2023-09-07,PFE,-0.4368,long,-493.71,0.08
2023-09-08,DELL,0.861,long,3677.99,0.12
2023-09-08,FITB,0.6865,long,-34.87,0.1
2023-09-08,INTC,0.4699,long,716.19,0.01
2023-09-08,SATS,0.8486,long,258.49,0.13
2023-09-08,MO,-0.4687,long,-182.99,0.12
2023-09-08,PCG,-0.5221,long,353.44,0.14
2023-09-11,GEN,0.6127,long,-183.73,0.06
2023-09-12,HBAN,0.5318,long,-212.94,0.05
2023-09-13,CSGP,-0.5765,long,-281.97,0.09
2023-09-15,AMD,-0.4741,long,-109.61,0.0
2023-09-15,MOS,0.5574,long,568.65,0.17
2023-09-15,IP,0.5726,long,320.05,0.24
2023-09-15,WDC,0.6517,long,32.54,0.05
2023-09-15,NOW,-0.4322,long,-82.02,0.01
2023-09-15,INVH,-0.4335,long,440.93,0.12
2023-09-15,BX,-0.4336,long,283.72,0.02
2023-09-15,HPE,-0.4387,long,-35.53,0.02
2023-09-15,AAPL,0.8243,long,-119.91,0.01
2023-09-18,DELL,1.2139,long,-395.17,0.07
2023-09-19,USB,0.7257,long,-252.08,0.04
2023-09-20,APA,0.6283,long,-350.69,0.1
2023-09-20,SW,0.6287,long,-340.08,9.56
2023-09-21,FISV,-0.5089,long,-361.8,0.08
2023-09-21,NFLX,0.4919,long,-116.33,0.01
2023-09-21,HPQ,0.6643,long,-395.6,0.1
2023-09-21,ORCL,0.5593,long,-162.21,0.01
2023-09-22,PPL,-0.5713,long,-293.42,0.19
2023-09-22,NCLH,-0.5614,long,-412.22,0.02
2023-09-22,DAL,0.5399,long,-266.19,0.03
2023-09-22,KO,0.4896,long,-390.41,0.09
2023-09-22,EQT,0.4839,long,-489.95,0.15
2023-09-25,SW,0.8162,long,-260.37,3.79
2023-09-26,TXN,-0.5058,long,-149.82,0.01
2023-09-26,ORLY,-0.481,long,-329.14,0.06
2023-09-27,BX,0.6277,long,-192.91,0.01
2023-09-27,VZ,0.4995,long,-395.74,0.06
2023-09-27,CVS,0.4771,long,-489.88,0.09
2023-09-29,DELL,1.3165,long,23.79,0.05
2023-09-29,WDC,0.7391,long,169.21,0.07
2023-09-29,ANET,0.6991,long,225.03,0.04
2023-09-29,CNC,0.6853,long,-93.35,0.13
2023-09-29,BMY,0.49,long,-145.06,0.08
2023-10-02,NEM,0.7689,long,-294.83,0.06
2023-10-02,PPL,0.5634,long,-461.44,0.18
2023-10-03,DOC,-0.5313,long,-344.81,0.14
2023-10-03,MOS,0.6634,long,-340.76,0.1
2023-10-03,UAL,-0.5304,long,-292.08,0.06
2023-10-03,APH,-0.5762,long,-309.13,0.08
2023-10-04,KEY,0.5111,long,-184.6,0.04
2023-10-04,OXY,0.6648,long,-299.51,0.04
2023-10-04,COHR,-0.5397,long,-95.93,0.02
2023-10-06,GOOGL,0.6007,long,403.14,0.01
2023-10-06,NKE,-0.5445,long,760.98,0.04
2023-10-06,TSCO,-0.5872,long,-124.1,0.14
2023-10-06,MU,0.5516,long,325.75,0.02
2023-10-13,FISV,-0.4821,long,122.42,0.07
2023-10-13,MCHP,-0.5878,long,31.71,0.02
2023-10-13,OXY,0.6803,long,1215.63,0.08
2023-10-13,D,0.7676,long,533.8,0.13
2023-10-13,GM,0.5309,long,-147.92,0.05
2023-10-13,HPQ,0.4606,long,121.21,0.08
2023-10-13,TSLA,0.5112,long,32.02,0.0
2023-10-13,IP,0.53,long,49.6,0.19
2023-10-13,KKR,-0.4882,long,-12.82,0.04
2023-10-13,TTD,0.4663,long,143.72,0.01
2023-10-16,SCHW,0.4281,long,-189.43,0.02
2023-10-17,WDC,0.4894,long,-265.09,0.07
2023-10-18,DAL,0.5298,long,-269.25,0.05
2023-10-19,ORLY,-0.5509,long,-293.67,0.05
2023-10-19,MRK,-0.4716,long,-482.54,0.09
2023-10-19,ABBV,-0.4625,long,-482.54,0.09
2023-10-20,ABT,0.8905,long,1234.48,0.1
2023-10-20,CRM,-0.4441,long,-45.68,0.02
2023-10-20,CTSH,-0.4662,long,-36.71,0.09
2023-10-20,BAX,1.0786,long,580.93,0.15
2023-10-23,TSCO,-0.5595,long,-427.67,0.11
2023-10-23,D,0.7545,long,-356.06,0.08
2023-10-23,CSX,0.6429,long,-293.42,0.05
2023-10-23,FITB,0.84,long,-247.55,0.07
2023-10-25,LYB,-0.5165,long,-323.39,0.09
2023-10-25,AMAT,-0.4528,long,-146.0,0.01
2023-10-27,GIS,-0.5531,long,541.3,0.12
2023-10-27,KKR,0.7872,long,-117.62,0.03
2023-10-30,CTRA,0.9173,long,-403.73,0.12
2023-10-30,XYZ,-0.4803,long,-111.41,0.01
2023-11-01,NEM,0.771,long,-351.55,0.06
2023-11-03,FTNT,-0.4406,long,-146.65,0.02
2023-11-03,BKR,0.5341,long,4.25,0.14
2023-11-03,CNC,0.5691,long,371.85,0.14
2023-11-03,NOW,0.4961,long,474.66,0.02
2023-11-03,AES,-0.4803,long,1079.12,0.06
2023-11-03,AMZN,0.5254,long,412.36,0.0
2023-11-03,GOOG,0.5134,long,228.67,0.01
2023-11-03,META,0.5263,long,276.7,0.0
2023-11-06,BAX,1.0207,long,-502.55,0.14
2023-11-06,SATS,-0.5998,long,-176.76,0.18
2023-11-07,APA,0.7613,long,-496.15,0.18
2023-11-09,NCLH,0.8347,long,-217.61,0.04
2023-11-10,CPB,-0.4778,long,-7.28,0.17
2023-11-10,TGT,-0.4736,long,75.94,0.08
2023-11-10,GEN,0.7101,long,918.16,0.11
2023-11-10,CTSH,0.6908,long,394.46,0.11
2023-11-17,TTD,0.632,long,281.4,0.01
2023-11-17,INTC,0.5616,long,1037.65,0.02
2023-11-27,AMAT,0.8289,long,777.49,0.05
2023-11-27,WDC,0.6641,long,306.88,0.11
2023-11-27,GEN,0.5884,long,681.98,0.21
2023-11-27,QCOM,0.5446,long,-110.14,0.04
2023-12-04,WMT,1.2284,long,-208.88,0.08
2023-12-04,INTC,0.7024,long,-495.39,0.05
2023-12-05,SBUX,0.8399,long,-434.6,0.06
2023-12-11,TFC,0.8055,long,427.42,0.06
2023-12-18,WMT,0.893,long,497.84,0.07
2023-12-18,CSCO,0.7806,long,455.69,0.07
2023-12-20,FITB,0.7851,long,-213.77,0.04
2023-12-26,COHR,1.0428,long,235.31,0.06
2024-01-02,AVGO,0.7634,long,-298.3,0.01
2024-01-03,EXC,0.9442,long,461.63,0.11
2024-01-03,NKE,0.8602,long,-756.0,0.08
