exit_date,ticker,signal_score,position_direction,realized_pnl,transaction_cost
2008-10-02,URI,1.9193,long,-0.02,0.0
2008-10-02,AIG,1.9046,long,0.13,0.0
2008-10-02,AKAM,1.8287,long,-0.02,0.0
2008-10-02,ROK,1.7291,long,0.0,0.0
2008-10-02,LVS,1.7288,long,-0.01,0.0
2008-10-02,IBKR,1.6738,long,0.0,0.0
2008-10-02,WDC,1.6732,long,-0.0,0.0
2008-10-02,TER,1.6629,long,-0.0,0.0
2008-10-02,STX,1.6486,long,-0.0,0.0
2008-10-02,TT,1.6035,long,-0.0,0.0
2008-10-02,GOOGL,1.5743,long,-0.0,0.0
2008-10-02,TEL,1.5678,long,0.0,0.0
2008-10-16,NVDA,1.6523,long,-0.0,0.0
2008-10-16,HOLX,1.7007,long,-0.0,0.0
2008-10-16,CIEN,1.7184,long,-0.01,0.0
2008-10-30,GRMN,2.1837,long,-0.0,0.0
2008-10-30,ALGN,1.7382,long,0.0,0.0
2008-10-30,BKNG,2.6203,long,-0.0,0.0
2008-10-30,TTWO,1.9439,long,-0.0,0.0
2008-10-30,BIIB,1.9146,long,-0.0,0.0
2008-10-30,CAG,1.4177,long,-0.0,0.0
2008-10-30,TRMB,1.9544,long,0.0,0.0
2008-10-30,WSM,1.4309,long,-0.0,0.0
2008-10-30,EQT,2.0189,long,-0.0,0.0
2008-10-30,CDNS,2.2333,long,-0.0,0.0
2008-10-30,STX,1.4989,long,-0.0,0.0
2008-11-13,CMG,2.084,long,-0.0,0.0
2008-11-13,OMC,1.7059,long,-0.0,0.0
2008-11-13,HOLX,1.696,long,0.0,0.0
2008-11-13,COO,1.6491,long,-0.0,0.0
2008-11-13,TSN,1.5881,long,-0.01,0.0
2008-11-28,GRMN,1.6533,long,-0.01,0.0
2008-11-28,EBAY,1.8707,long,0.01,0.0
2008-11-28,MAS,1.7735,long,0.03,0.0
2008-11-28,CAG,1.6931,long,-0.02,0.0
2008-11-28,DRI,1.5431,long,0.0,0.0
2008-11-28,NVR,1.4854,long,0.0,0.0
2008-11-28,TMUS,1.3475,long,0.0,0.0
2008-11-28,F,1.2541,long,0.0,0.0
2008-11-28,GLW,1.2317,long,0.0,0.0
2008-11-28,DECK,1.4412,long,-0.0,0.0
2008-12-12,GD,1.7876,long,0.01,0.0
2008-12-12,ALGN,1.7103,long,0.01,0.0
2008-12-12,BG,1.6982,long,0.0,0.0
2008-12-12,CRL,1.6287,long,0.0,0.0
2008-12-12,TTWO,1.6164,long,-0.0,0.0
2008-12-12,CSX,1.6094,long,-0.0,0.0
2008-12-12,ZBH,1.6048,long,0.0,0.0
2008-12-29,RVTY,1.5492,long,-0.01,0.0
2008-12-29,MA,1.8607,long,0.01,0.0
2008-12-29,CAH,1.4714,long,0.0,0.0
2008-12-29,GLW,1.6773,long,0.01,0.0
2008-12-29,AES,1.4472,long,0.0,0.0
2008-12-29,HUM,2.0046,long,0.0,0.0
2008-12-29,GOOGL,2.2548,long,0.0,0.0
2008-12-29,SW,1.5261,long,-0.01,0.0
2009-01-13,A,1.324,long,0.03,0.0
2009-01-13,MDT,1.2423,long,0.01,0.0
2009-01-13,EA,1.1697,long,0.02,0.0
2009-01-13,AMAT,1.1579,long,0.0,0.0
2009-01-28,COHR,1.7765,long,0.02,0.0
2009-01-28,EL,1.7171,long,-0.02,0.0
2009-01-28,CPRT,1.5536,long,-0.0,0.0
2009-01-28,SATS,1.6196,long,0.0,0.0
2009-01-28,ISRG,1.3687,long,0.0,0.0
2009-01-28,TJX,1.4739,long,-0.0,0.0
2009-01-28,SYK,1.4128,long,0.0,0.0
2009-01-28,MCHP,1.5499,long,0.0,0.0
2009-01-28,ZBH,1.4891,long,0.0,0.0
2009-02-11,MTB,1.7191,long,-0.0,0.0
2009-02-11,CCL,1.4454,long,0.0,0.0
2009-02-11,EA,1.7126,long,0.0,0.0
2009-02-11,AVY,1.5558,long,-0.02,0.0
2009-02-11,CRL,2.0521,long,0.0,0.0
2009-02-11,DD,1.6645,long,-0.04,0.0
2009-02-26,SYK,1.3592,long,-0.0,0.0
2009-02-26,JNJ,1.3779,long,-0.0,0.0
2009-02-26,CPB,1.4002,long,-0.0,0.0
2009-02-26,TDY,1.3021,long,-0.0,0.0
2009-02-26,TKO,1.6124,long,0.01,0.0
2009-02-26,MDT,1.639,long,0.01,0.0
2009-02-26,AXP,1.6718,long,-0.03,0.0
2009-02-26,ISRG,1.4927,long,-0.01,0.0
2009-03-12,DD,1.3689,long,-0.0,0.0
2009-03-12,C,1.3718,long,-0.01,0.0
2009-03-12,FDX,1.4418,long,-0.01,0.0
2009-03-12,MTD,1.6473,long,-0.02,0.0
2009-03-12,TEL,1.622,long,-0.03,0.0
2009-03-12,DVN,1.7018,long,-0.01,0.0
2009-03-12,NSC,1.4735,long,-0.02,0.0
2009-03-26,ETR,1.426,long,0.01,0.0
2009-03-26,GD,1.3571,long,0.02,0.0
2009-03-26,AXP,1.1929,long,0.0,0.0
2009-03-26,TAP,1.2048,long,0.0,0.0
2009-03-26,TDY,1.3222,long,0.01,0.0
2009-03-26,OKE,1.1927,long,0.0,0.0
2009-03-26,VMC,1.1395,long,0.0,0.0
2009-03-26,FE,1.1265,long,0.0,0.0
2009-03-26,MDLZ,1.1458,long,0.0,0.0
2009-04-09,LUV,1.4244,long,0.0,0.0
2009-04-09,NRG,1.4813,long,0.0,0.0
2009-04-09,ISRG,1.5486,long,0.0,0.0
2009-04-09,MTD,1.4668,long,0.0,0.0
2009-04-09,LHX,1.6425,long,0.0,0.0
2009-04-09,URI,1.6683,long,0.03,0.0
2009-04-09,RSG,1.6918,long,0.01,0.0
2009-04-09,STZ,1.5611,long,-0.0,0.0
2009-04-24,D,1.6893,long,-0.0,0.0
2009-04-24,LYV,1.5056,long,0.0,0.0
2009-04-24,CPB,1.8371,long,-0.0,0.0
2009-04-24,COP,1.8374,long,0.0,0.0
2009-04-24,MDLZ,1.861,long,-0.0,0.0
2009-04-24,ETR,1.9627,long,-0.0,0.0
2009-05-08,C,1.7104,long,0.0,0.0
2009-05-08,UAL,1.776,long,-0.0,0.0
2009-05-08,HIG,1.7101,long,0.0,0.0
2009-05-08,INCY,1.7857,long,0.0,0.0
2009-05-08,AEE,2.1104,long,0.0,0.0
2009-05-08,TAP,2.0187,long,0.0,0.0
2009-05-08,FE,2.01,long,0.0,0.0
2009-05-08,DXCM,1.7941,long,-0.0,0.0
2009-05-22,STZ,2.1779,long,0.0,0.0
2009-05-22,ARE,2.0729,long,-0.0,0.0
2009-05-22,REGN,2.0499,long,0.0,0.0
2009-05-22,MOS,2.0115,long,0.0,0.0
2009-05-22,BIIB,1.6752,long,0.0,0.0
2009-05-22,CPB,1.763,long,0.0,0.0
2009-05-22,CF,1.9211,long,0.01,0.0
2009-05-22,EXC,1.7019,long,-0.0,0.0
2009-06-08,NDAQ,1.9095,long,0.0,0.0
2009-06-08,AEE,1.9551,long,0.0,0.0
2009-06-08,ABT,1.6408,long,0.0,0.0
2009-06-08,LHX,2.2749,long,0.0,0.0
2009-06-08,AEP,2.173,long,0.0,0.0
2009-06-15,LUV,2.1754,long,-1.59,0.03
2009-06-15,DAL,2.5861,long,-0.0,0.0
2009-06-15,PWR,2.1889,long,0.0,0.0
2009-06-15,SO,2.1093,long,0.0,0.0
2009-06-15,LEN,2.7941,long,-2.12,0.03
2009-06-15,IBKR,2.364,long,-1.65,0.03
2009-06-15,MA,2.0374,long,-0.23,0.03
2009-06-18,WAB,2.3318,long,-0.02,0.0
2009-06-18,TFC,1.9224,long,0.01,0.0
2009-06-18,MRSH,1.6471,long,0.01,0.0
2009-06-18,EOG,2.1797,long,0.02,0.0
2009-07-07,WAB,1.8134,long,-0.01,0.0
2009-07-07,MOS,2.0819,long,-0.01,0.0
2009-07-07,EOG,1.7261,long,-0.01,0.0
2009-07-07,C,1.9919,long,-0.02,0.0
2009-07-07,EA,1.8726,long,0.0,0.0
2009-07-07,AKAM,1.624,long,-0.0,0.0
2009-07-07,PHM,1.705,long,-0.01,0.0
2009-07-07,SW,1.6386,long,-0.0,0.0
2009-08-18,FICO,2.5012,long,0.0,0.0
2009-08-18,SATS,2.6174,long,0.04,0.0
2009-08-18,COP,2.674,long,-0.01,0.0
2009-08-18,UAL,2.8118,long,0.18,0.0
2009-08-18,CAH,2.8249,long,0.03,0.0
2009-08-18,ZBH,2.9337,long,0.02,0.0
2009-08-18,TFC,3.548,long,0.1,0.0
2009-08-18,NDAQ,3.7299,long,0.01,0.0
2009-08-18,HBAN,4.047,long,0.05,0.0
2009-08-18,IBKR,2.9129,long,0.08,0.0
2009-09-01,VLO,3.4839,long,-0.0,0.0
2009-09-01,VMC,2.5634,long,0.62,0.01
2009-09-01,MGM,3.174,long,0.01,0.0
2009-09-01,J,3.4339,long,0.01,0.0
2009-09-01,BXP,3.1114,long,0.01,0.0
2009-09-01,ADSK,2.8563,long,0.01,0.0
2009-09-01,FE,2.8184,long,0.02,0.0
2009-09-01,TSN,2.8054,long,0.01,0.0
2009-09-16,GD,2.4225,long,0.01,0.0
2009-09-16,WMB,2.7052,long,0.01,0.0
2009-09-16,LYV,2.8073,long,0.03,0.0
2009-09-16,IT,2.404,long,0.0,0.0
2009-09-16,SYK,3.1162,long,0.01,0.0
2009-09-16,DPZ,4.2417,long,0.01,0.0
2009-09-16,DAL,2.8074,long,0.02,0.0
2009-09-30,AXON,3.0599,long,0.12,0.0
2009-09-30,GE,2.7096,long,0.7,0.0
2009-09-30,FSLR,3.1566,long,0.93,0.0
2009-09-30,DECK,2.6767,long,0.92,0.0
2009-09-30,TDY,3.6329,long,0.25,0.0
2009-09-30,MOS,3.7341,long,-0.03,0.0
2009-09-30,DVN,3.5278,long,0.35,0.0
2009-10-14,VLO,3.7979,long,-0.03,0.0
2009-10-14,KEY,3.7937,long,0.18,0.0
2009-10-14,TMUS,3.2969,long,-1.24,0.0
2009-10-14,EA,6.0154,long,0.69,0.0
2009-10-14,BAC,3.067,long,0.51,0.0
2009-10-14,FITB,2.7729,long,0.1,0.0
2009-10-14,ADSK,2.5715,long,0.19,0.0
2009-10-14,HBAN,2.9378,long,0.35,0.0
2009-10-14,NDAQ,3.036,long,-0.13,0.0
2009-10-28,PNC,2.9324,long,390.12,4.07
2009-10-28,PLD,3.8996,long,-1.28,0.02
2009-10-28,LDOS,3.4624,long,0.39,0.01
2009-10-28,WY,2.901,long,-0.58,0.02
2009-10-28,SNA,2.8519,long,0.47,0.02
2009-10-28,ARE,2.6507,long,-50.16,4.23
2009-10-30,KEY,4.7682,long,-6.08,0.14
2009-10-30,GILD,3.3752,long,-0.02,0.0
2009-10-30,DAL,2.7192,long,-0.01,0.0
2009-10-30,VMC,3.015,long,-0.0,0.0
2009-10-30,NDAQ,4.9608,long,-9.61,0.48
2009-10-30,LYV,3.2115,long,-289.26,1.86
2009-10-30,BLDR,3.7387,long,-287.34,3.77
2009-10-30,RF,3.7556,long,-236.01,1.43
2009-10-30,MGM,2.7385,long,-270.36,1.43
2009-10-30,SO,2.396,long,-15.25,1.39
2009-11-03,MDLZ,2.3543,long,10.98,0.17
2009-11-04,C,3.5349,long,-0.13,0.0
2009-11-04,BAC,2.6861,long,-0.0,0.0
2009-11-04,AZO,3.2516,long,0.0,0.0
2009-11-04,TMUS,3.4425,long,0.01,0.0
2009-12-10,DPZ,2.2559,long,-3.42,1.44
2009-12-10,DAL,2.6335,long,179.76,0.55
2009-12-10,BLDR,2.6547,long,32.57,2.0
2009-12-10,WRB,2.723,long,2.31,0.56
2009-12-10,KIM,3.1404,long,-28.46,1.09
2009-12-10,CPRT,2.8698,long,22.66,0.56
2009-12-10,RF,4.449,long,606.49,4.13
2009-12-10,C,4.8023,long,-394.82,3.97
2009-12-10,TMUS,4.915,long,742.75,4.32
2009-12-10,AZO,3.5365,long,155.61,1.87
2009-12-10,HBAN,3.7112,long,-174.17,4.25
2009-12-24,UAL,4.3335,long,743.05,0.83
2009-12-24,VLO,3.8229,long,24.39,0.36
2009-12-24,IRM,3.1789,long,-150.79,4.08
2009-12-24,AVGO,3.1102,long,53.78,1.16
2009-12-24,HSY,2.9236,long,26.73,1.8
2009-12-24,NTRS,2.8948,long,221.83,1.97
2009-12-24,MCO,2.8314,long,136.96,1.35
2010-01-11,PWR,2.5029,long,-6.37,1.09
2010-01-11,MGM,3.142,long,84.08,0.87
2010-01-11,FSLR,2.5246,long,14.15,0.53
2010-01-11,AIG,3.1733,long,-34.21,4.93
2010-01-11,EA,3.3302,long,600.61,4.86
2010-01-11,BRO,3.1648,long,-67.75,5.1
2010-01-26,HBAN,5.2312,long,177.6,0.71
2010-01-26,TMUS,3.8985,long,-177.26,0.73
2010-01-26,KEY,3.5649,long,24.65,0.1
2010-01-26,BSX,2.9583,long,11.99,0.7
2010-01-26,C,2.8705,long,-54.67,0.69
2010-02-09,EG,2.5328,long,-0.5,0.04
2010-02-09,ORLY,2.5584,long,0.99,0.04
2010-02-09,AJG,3.0093,long,1.3,0.04
2010-02-09,IRM,3.6432,long,-3.91,0.04
2010-02-09,NTRS,3.551,long,-1.28,0.04
2010-02-09,AON,3.3092,long,1.83,0.04
2010-02-24,AIG,5.6615,long,3.62,0.04
2010-02-24,TAP,2.4753,long,-1.6,0.04
2010-02-24,CDNS,2.1594,long,-1.0,0.03
2010-02-24,FSLR,4.0637,long,-2.58,0.04
2010-02-24,BLDR,5.7064,long,-5.07,0.07
2010-02-24,NDAQ,2.4071,long,0.97,0.04
2010-02-24,POOL,2.3721,long,2.74,0.04
2010-02-24,BRO,2.3598,long,-2.25,0.04
2010-02-24,KMB,2.2947,long,-0.12,0.01
2010-03-10,C,4.3589,long,141.52,0.53
2010-03-10,PWR,2.6955,long,34.55,0.55
2010-03-10,VMC,2.327,long,32.63,0.55
2010-03-10,BSX,2.432,long,-41.5,0.54
2010-03-10,PFG,2.3355,long,102.47,0.55
2010-03-10,J,2.136,long,98.07,0.55
2010-03-10,TPL,2.3916,long,60.59,0.9
2010-03-24,TMUS,3.2954,long,959.76,6.75
2010-03-24,EXC,3.1674,long,-106.16,6.22
2010-03-24,CTAS,2.9609,long,1095.58,6.46
2010-03-24,TTWO,2.4868,long,766.03,6.84
2010-03-24,VRSK,2.4609,long,-0.71,6.65
2010-03-24,VZ,2.1864,long,392.31,6.17
2010-04-08,AES,3.0802,long,-125.0,7.74
2010-04-08,CNC,2.6294,long,453.33,1.25
2010-04-08,KMB,2.5619,long,27.85,1.03
2010-04-08,BLDR,4.4326,long,962.1,13.43
2010-04-08,DGX,2.7496,long,369.21,7.58
2010-04-08,AVY,2.8775,long,1326.88,7.72
2010-04-08,MPWR,2.6395,long,707.99,7.79
2010-04-08,MSI,3.1606,long,574.26,7.69
2010-04-22,APD,3.1634,long,240.15,7.97
2010-04-22,FE,3.6363,long,-652.3,7.97
2010-04-22,SW,3.0116,long,410.9,23.28
2010-04-22,FSLR,5.7889,long,1773.03,8.07
2010-04-22,IBKR,3.9028,long,-10.78,9.04
2010-04-22,NRG,2.9869,long,171.69,1.51
2010-04-22,BSX,2.9206,long,10.14,0.4
2010-04-22,URI,2.8309,long,408.37,1.04
2010-05-06,TYL,2.8314,long,-644.45,8.26
2010-05-06,BG,3.1657,long,-905.56,6.94
2010-05-06,ADM,2.7263,long,-596.27,6.81
2010-05-06,PPL,3.8673,long,-804.83,6.92
2010-05-06,EG,3.2899,long,-486.4,6.95
2010-05-06,EXC,3.0983,long,-250.17,6.66
2010-05-06,TAP,2.954,long,79.06,6.75
2010-05-06,FTNT,2.7487,long,61.22,8.0
2010-05-06,TMUS,3.9574,long,1077.69,7.04
2010-05-06,CME,2.9569,long,196.04,6.66
2010-06-04,LYB,1.8265,long,-0.0,0.0
2010-06-18,BSX,3.0243,long,-0.0,0.0
2010-06-18,MOS,2.6276,long,-0.0,0.0
2010-06-18,LDOS,2.3519,long,0.0,0.0
2010-06-18,TPL,2.1207,long,-0.0,0.0
2010-06-18,MSI,2.0886,long,0.0,0.0
2010-06-29,PPL,3.1198,long,-0.55,0.02
2010-06-29,BX,3.7539,long,-1.02,0.02
2010-06-29,GILD,3.3392,long,-0.36,0.02
2010-06-29,LYB,3.2749,long,-0.69,0.02
2010-06-29,BG,2.9849,long,-0.2,0.0
2010-06-29,BAX,2.4891,long,-0.0,0.0
2010-06-29,STT,2.1794,long,-0.0,0.0
2010-06-29,QCOM,2.2287,long,-0.0,0.0
2010-06-29,BLK,2.4773,long,-0.0,0.0
2010-06-29,TECH,2.0965,long,-0.0,0.0
2010-06-29,BLDR,2.0882,long,-0.0,0.0
2010-06-29,ADM,2.0187,long,0.0,0.0
2010-06-29,AIG,2.2579,long,0.0,0.0
2010-06-29,EXC,2.2769,long,0.0,0.0
2010-07-09,AIG,1.5963,long,0.0,0.0
2010-07-09,GOOGL,1.6402,long,0.01,0.0
2010-07-09,BLK,1.6885,long,0.03,0.0
2010-07-09,EA,1.7258,long,0.03,0.0
2010-07-09,MOS,1.9801,long,6.81,0.03
2010-07-09,QCOM,1.8415,long,0.69,0.01
2010-07-09,BX,2.036,long,9.65,0.09
2010-07-09,AXON,2.1235,long,3.92,0.11
2010-07-09,STLD,1.8377,long,0.4,0.0
2010-08-13,RVTY,2.4811,long,30.95,0.35
2010-08-13,VTRS,2.3636,long,-1.84,0.15
2010-08-13,NVDA,2.4778,long,33.74,0.79
2010-08-13,BLDR,4.294,long,-43.9,2.18
2010-08-13,WDC,3.4784,long,-54.22,0.58
2010-08-13,GILD,3.0205,long,8.04,0.56
2010-08-13,LDOS,3.0375,long,-35.65,0.58
2010-08-13,BSX,2.8177,long,-15.37,0.39
2010-09-28,LMT,1.9942,long,83.48,5.26
2010-10-12,CAG,2.2369,long,31.55,2.2
2010-10-12,CTRA,2.2959,long,220.26,4.62
2010-10-12,BSX,2.2972,long,836.24,4.57
2010-10-12,STX,2.6616,long,605.11,4.58
2010-10-12,HPQ,2.3772,long,399.69,4.38
2010-10-12,VMC,2.183,long,-81.01,1.59
2010-10-12,CRL,2.1309,long,25.24,0.41
2010-10-12,SMCI,2.1153,long,153.7,0.84
2010-10-12,PAYX,2.1044,long,66.99,1.34
2010-10-12,MCK,2.0638,long,-132.63,5.32
2010-10-26,CRH,3.2117,long,139.36,11.32
2010-10-26,WST,2.7419,long,807.91,9.63
2010-10-26,TFC,2.5712,long,-590.98,8.38
2010-10-26,TKO,2.8923,long,104.86,9.87
2010-11-09,LYV,2.8115,long,274.73,8.99
2010-11-09,NRG,2.7034,long,-352.78,7.83
2010-11-09,MLM,2.5588,long,1093.53,8.01
2010-11-09,MPWR,2.5509,long,-436.3,9.02
2010-11-09,INTC,2.5486,long,636.89,7.62
2010-11-09,CL,2.4817,long,220.67,7.67
2010-11-23,MSFT,2.8295,long,-303.79,3.18
2010-11-23,SMCI,3.0033,long,-35.98,0.55
2010-11-23,BLDR,3.0508,long,-226.12,2.2
2010-11-23,PHM,3.3781,long,-810.43,3.42
2010-11-23,LDOS,3.2543,long,-60.0,3.43
2010-11-23,VMC,3.6718,long,244.24,3.43
2010-11-23,HPQ,3.0777,long,152.58,3.31
2010-12-08,MAS,3.3349,long,360.53,2.96
2010-12-08,CRL,2.6783,long,31.11,0.51
2010-12-08,ETR,2.6977,long,-41.32,0.63
2010-12-08,CPRT,3.5577,long,-116.68,2.94
2010-12-08,TKO,3.4852,long,51.37,3.23
2010-12-08,LMT,2.7882,long,-197.8,2.83
2010-12-08,ISRG,2.8987,long,-203.98,2.88
2010-12-08,CRH,2.7117,long,-65.64,2.29
2010-12-22,PEG,2.3249,long,48.14,4.36
2010-12-22,BMY,2.3684,long,45.54,1.17
2010-12-22,ADBE,2.5934,long,132.92,1.49
2010-12-22,HSY,2.3071,long,45.17,3.22
2010-12-22,NRG,3.2737,long,-145.92,6.14
2010-12-22,BAC,3.5909,long,1289.29,5.98
2010-12-22,EXC,2.8612,long,134.63,2.22
2011-01-06,AXON,5.6507,long,1222.14,15.62
2011-01-06,PHM,3.3881,long,1961.13,8.11
2011-01-06,ZBH,2.8622,long,190.54,3.86
2011-01-06,BLDR,2.8423,long,948.26,32.25
2011-01-06,SYY,2.5199,long,122.6,7.9
2011-01-21,WDC,3.1421,long,-532.36,7.94
2011-01-21,LMT,3.0064,long,1155.31,7.79
2011-01-21,CSCO,4.4004,long,509.39,7.71
2011-01-21,ETR,3.7808,long,301.15,7.81
2011-01-21,FICO,2.7324,long,-115.52,9.16
2011-01-21,SMCI,2.7978,long,604.05,12.89
2011-01-21,MCO,2.5272,long,62.85,0.55
2011-01-21,ISRG,2.8967,long,1863.74,7.97
2011-02-04,STX,4.0074,long,-238.96,7.81
2011-02-04,LYV,3.6676,long,-819.73,8.81
2011-02-04,EOG,3.1996,long,1206.12,7.75
2011-02-04,NRG,3.0825,long,459.3,7.91
2011-02-04,LLY,2.292,long,91.14,4.41
2011-02-04,PEG,2.2359,long,16.13,0.52
2011-02-04,MRK,2.1137,long,-167.3,1.28
2011-02-18,MPWR,4.1966,long,503.41,9.77
2011-02-18,EA,2.1552,long,610.63,2.01
2011-02-18,AXON,3.8216,long,-864.03,12.35
2011-02-18,DLR,2.7172,long,903.0,8.19
2011-02-18,IRM,2.382,long,872.76,8.2
2011-02-18,BLDR,2.3854,long,2006.09,26.38
2011-02-18,MO,2.2639,long,99.02,3.65
2011-02-18,VMC,2.5292,long,1233.42,8.35
2011-03-07,CSCO,3.6294,long,-1241.95,6.63
2011-03-07,BBY,3.6005,long,-660.44,6.67
2011-03-07,PHM,3.0058,long,-1124.76,7.09
2011-03-07,ETR,2.8504,long,-44.04,6.72
2011-03-07,CPB,2.7462,long,-247.06,6.71
2011-03-07,ABT,2.6224,long,157.1,2.7
2011-03-07,KDP,2.5183,long,33.61,0.65
2011-03-21,STT,2.8307,long,-8.35,0.59
2011-03-21,LYV,3.3584,long,-58.55,0.63
2011-03-21,STX,4.3228,long,-14.58,0.57
2011-03-21,LDOS,3.381,long,12.81,0.57
2011-03-21,EIX,2.8844,long,2.02,0.27
2011-03-21,TGT,3.1992,long,-24.6,0.56
2011-03-21,PCG,3.0163,long,-26.82,0.56
2011-03-21,RSG,3.0091,long,-9.15,0.57
2011-03-21,AIG,2.959,long,-36.23,0.26
2011-04-04,MPWR,4.3933,long,-47.8,0.53
2011-04-04,WDC,3.7511,long,46.84,0.44
2011-04-04,TFC,3.1036,long,17.18,0.43
2011-04-04,MSFT,2.989,long,-10.79,0.42
2011-04-04,MRK,2.6219,long,1.27,0.15
2011-04-04,T,2.4627,long,32.94,0.38
2011-04-18,MGM,2.7737,long,249.27,2.65
2011-04-18,BLDR,2.8186,long,436.0,8.73
2011-04-18,EXPE,3.0117,long,227.25,2.63
2011-04-18,CSCO,4.4596,long,-103.52,2.58
2011-04-18,RMD,3.0866,long,207.75,2.74
2011-04-18,AXON,4.0014,long,17.61,4.23
2011-04-18,TAP,3.0417,long,262.5,2.66
2011-05-03,AKAM,4.3727,long,-546.06,4.45
2011-05-03,AIG,3.9365,long,-552.85,4.46
2011-05-03,SYY,2.5971,long,14.36,0.29
2011-05-03,BBY,4.2729,long,452.14,4.4
2011-05-03,IBKR,2.8648,long,329.96,4.54
2011-05-03,TGT,3.9272,long,-131.37,4.36
2011-05-03,CPB,3.604,long,53.51,4.39
2011-05-03,LYV,4.2243,long,449.94,4.77
2011-05-17,PHM,4.0086,long,-108.88,8.1
2011-05-17,TKO,3.8418,long,-662.25,9.66
2011-05-17,DAL,3.6944,long,238.18,1.17
2011-05-17,ETR,3.5387,long,43.38,0.95
2011-05-17,MPWR,2.7422,long,52.97,0.56
2011-06-01,CCI,2.3335,long,-25.59,0.82
2011-06-01,HST,2.4275,long,-38.95,1.31
2011-06-01,GRMN,2.4446,long,-53.89,1.41
2011-06-01,CSCO,3.8126,long,-553.43,7.53
2011-06-01,HPQ,3.4025,long,-681.41,7.54
2011-06-01,MAR,3.79,long,315.89,7.64
2011-06-01,CCL,2.6918,long,-114.37,3.18
2011-06-15,LUV,2.5506,long,-63.76,0.5
2011-06-15,BBY,2.4637,long,-34.06,0.83
2011-06-15,BAC,2.5719,long,-64.58,0.5
2011-06-15,AIG,3.9877,long,-788.08,7.29
2011-06-15,GOOGL,3.7231,long,-199.53,7.13
2011-06-15,KMI,2.6446,long,61.89,0.9
2011-06-15,TGT,2.59,long,-130.33,1.27
2011-06-29,SBAC,2.4041,long,0.06,0.06
2011-06-29,GOOG,3.3063,long,-173.21,2.67
2011-06-29,AIZ,2.8758,long,-6.16,0.26
2011-06-29,TKO,4.1488,long,-240.3,3.28
2011-06-29,AKAM,3.3879,long,-272.66,2.73
2011-06-29,NTRS,2.7853,long,-6.57,0.2
2011-06-29,PCG,2.3467,long,-6.27,0.57
2011-07-14,CSCO,3.0508,long,29.83,0.89
2011-07-14,FIX,2.9463,long,41.79,0.94
2011-07-14,FSLR,2.7282,long,21.33,0.36
2011-07-14,NVDA,2.6076,long,-58.04,0.37
2011-07-28,HPQ,4.3913,long,25.01,0.78
2011-07-28,GOOGL,2.9225,long,144.57,0.64
2011-07-28,AIG,4.3292,long,-4.22,0.79
2011-07-28,CINF,3.3285,long,-27.91,0.53
2011-07-28,GLW,3.9147,long,-80.14,0.79
2011-07-28,BLDR,4.3054,long,115.67,2.15
2011-07-28,TGT,3.3523,long,33.5,0.42
2011-08-04,MAS,2.6981,long,-0.17,0.0
2011-08-04,BAC,3.3695,long,-11.43,0.35
2011-08-04,LHX,2.7116,long,-0.4,0.01
2011-08-04,F,3.6343,long,-87.96,1.07
2011-08-04,CIEN,3.6593,long,-144.88,1.47
2011-08-04,DAL,2.9159,long,-37.58,0.46
2011-08-04,TAP,3.0059,long,-0.21,0.01
2011-08-04,LII,3.0207,long,-60.85,0.28
2011-08-04,TKO,3.1643,long,-2.74,0.12
2011-08-04,GS,3.2199,long,-3.7,0.43
2011-08-04,NTRS,3.4746,long,-26.87,0.44
2011-08-04,AKAM,3.9045,long,-117.02,0.44
2011-08-04,CSCO,2.6314,long,-0.04,0.0
2011-08-04,LUV,3.0094,long,-2.08,0.11
2011-08-09,NVDA,4.1468,long,-7.83,0.06
2011-08-09,IBKR,2.8248,long,-0.12,0.0
2011-08-25,ADBE,1.8036,long,0.0,0.0
2011-08-25,TT,1.9661,long,0.0,0.0
2011-08-25,DAL,1.8744,long,0.0,0.0
2011-08-25,MAS,1.8367,long,-0.0,0.0
2011-08-25,MLM,1.7361,long,0.0,0.0
2011-09-09,LII,2.1632,long,-0.0,0.0
2011-09-09,FSLR,2.7519,long,-0.0,0.0
2011-09-09,CSCO,2.8966,long,0.0,0.0
2011-09-23,FFIV,2.721,long,-0.0,0.0
2011-09-23,AKAM,2.7063,long,-0.0,0.0
2011-09-23,PHM,2.4988,long,0.0,0.0
2011-09-23,CIEN,2.3948,long,0.0,0.0
2011-09-23,LUV,2.1894,long,-0.0,0.0
2011-09-23,EW,1.7171,long,0.0,0.0
2011-09-23,AVY,1.9136,long,-0.0,0.0
2011-09-23,NVR,1.9107,long,-0.0,0.0
2011-09-23,BBY,1.8001,long,0.0,0.0
2011-10-07,SATS,1.5486,long,0.0,0.0
2011-10-07,TPL,1.4342,long,0.0,0.0
2011-10-07,CPB,1.4465,long,0.0,0.0
2011-10-07,SYY,1.5991,long,-0.0,0.0
2011-10-07,SW,2.4754,long,-0.0,0.0
2011-10-07,BRO,1.9155,long,0.01,0.0
2011-10-07,NTAP,1.9159,long,0.01,0.0
2011-10-07,F,2.3207,long,0.0,0.0
2011-10-07,HAS,1.7431,long,-0.0,0.0
2011-10-21,TMUS,1.9905,long,0.0,0.0
2011-10-21,NXPI,1.7788,long,0.0,0.0
2011-10-21,MGM,1.7581,long,0.0,0.0
2011-11-04,LDOS,1.7444,long,-0.0,0.0
2011-11-04,NTAP,1.8385,long,0.0,0.0
2011-11-04,BG,1.7295,long,0.0,0.0
2011-11-04,KR,1.8852,long,-0.0,0.0
2011-11-04,PHM,2.0565,long,0.0,0.0
2011-11-04,CBRE,2.2673,long,0.0,0.0
2011-11-18,SYY,2.3037,long,0.0,0.0
2011-11-18,NFLX,2.4626,long,-0.0,0.0
2011-11-18,SW,2.0059,long,0.0,0.0
2011-11-18,DXCM,1.8005,long,-0.0,0.0
2011-11-18,HPQ,2.0975,long,0.0,0.0
2011-12-02,REGN,2.1977,long,0.02,0.0
2011-12-02,BSX,2.4421,long,-0.0,0.0
2011-12-02,UAL,2.6291,long,0.07,0.0
2011-12-02,VRTX,2.79,long,0.0,0.0
2011-12-02,BAC,2.366,long,-0.0,0.0
2011-12-02,ZBH,2.4682,long,-0.0,0.0
2011-12-02,CPAY,2.5135,long,0.0,0.0
2011-12-02,FSLR,2.6853,long,-0.0,0.0
2011-12-02,LUV,2.2122,long,-0.0,0.0
2012-02-02,GLW,2.5567,long,-116.07,7.65
2012-02-02,TMO,2.6685,long,1617.39,7.69
2012-02-02,VLO,2.7134,long,1765.65,7.68
2012-02-02,CCL,2.7977,long,-449.6,7.68
2012-02-02,BSX,2.867,long,881.32,7.77
2012-02-02,NVDA,4.1963,long,815.33,7.55
2012-02-02,NFLX,4.137,long,5733.54,7.54
2012-02-02,CRL,3.0429,long,1362.64,5.58
2012-02-02,SATS,3.3733,long,2288.61,9.54
2012-02-02,VRTX,3.6008,long,1528.52,7.75
2012-02-16,NTAP,3.6363,long,12.61,0.05
2012-02-16,SWKS,3.9023,long,2477.68,7.81
2012-02-16,NRG,3.5402,long,242.12,4.35
2012-02-16,UAL,3.2847,long,286.58,1.54
2012-02-16,FSLR,3.0899,long,-3.68,0.1
2012-02-16,CRM,3.0731,long,340.87,2.56
2012-02-16,AMZN,3.0409,long,4.09,8.42
2012-02-16,BAX,2.8969,long,48.49,8.42
2012-03-02,AKAM,2.6506,long,228.55,1.99
2012-03-02,IFF,3.6988,long,82.83,8.48
2012-03-02,BG,4.0317,long,1417.26,8.42
2012-03-02,TECH,3.5125,long,585.47,9.23
2012-03-02,PEG,3.2105,long,180.15,8.36
2012-03-02,MOS,2.8905,long,19.86,8.3
2012-03-02,CIEN,2.8775,long,-347.08,8.83
2012-03-02,ORCL,2.7275,long,23.55,0.58
2012-03-02,BKR,3.7501,long,-137.34,8.31
2012-03-16,CCL,3.9226,long,600.18,9.3
2012-03-16,EXC,3.5203,long,-93.44,9.17
2012-03-16,HAL,3.0879,long,-200.03,9.19
2012-03-16,CPB,2.7902,long,295.58,9.29
2012-03-16,ATO,2.7077,long,-86.3,3.5
2012-03-16,EA,2.6606,long,-82.68,4.38
2012-03-30,FSLR,4.3444,long,-1781.84,9.86
2012-03-30,NRG,3.1168,long,-949.15,9.65
2012-03-30,LDOS,3.2484,long,890.06,9.64
2012-03-30,NFLX,2.4619,long,218.04,9.29
2012-03-30,CBRE,2.8435,long,658.39,9.83
2012-03-30,XYL,2.5226,long,517.62,9.86
2012-04-16,EXPE,4.1348,long,-538.73,8.35
2012-04-16,FCX,3.2771,long,-421.4,8.17
2012-04-16,MOS,3.2273,long,-950.7,8.26
2012-04-16,AMZN,3.0501,long,98.42,8.13
2012-04-16,CTRA,3.0055,long,-967.42,8.47
2012-04-16,PEG,2.9009,long,-39.68,8.2
2012-04-16,NVDA,2.6227,long,-67.48,1.45
2012-04-30,NEM,2.8502,long,-76.75,7.98
2012-04-30,DECK,3.942,long,-1672.46,8.27
2012-04-30,EA,4.3804,long,-620.05,8.17
2012-04-30,TKO,3.048,long,-74.65,1.42
2012-04-30,DXCM,3.8353,long,-682.17,10.64
2012-04-30,IRM,3.1932,long,472.69,8.04
2012-04-30,CHRW,3.1547,long,-384.74,4.32
2012-04-30,BKR,4.4618,long,590.75,7.92
2012-05-14,CBRE,2.8991,long,-216.13,2.38
2012-05-14,EXC,2.918,long,26.24,0.78
2012-05-14,FSLR,3.2578,long,-2277.09,9.11
2012-05-14,CIEN,3.0582,long,-675.96,3.49
2012-05-14,HAL,4.2767,long,-273.12,8.59
2012-05-14,MU,3.1571,long,-1127.78,8.71
2012-05-14,RCL,3.0659,long,-613.52,8.66
2012-05-14,NRG,4.0977,long,891.08,8.94
2012-05-29,NVDA,3.6207,long,-7.86,0.45
2012-05-29,NFLX,2.9543,long,-25.55,0.17
2012-05-29,EQT,2.8382,long,-3.0,0.1
2012-06-12,MOS,2.3861,long,13.6,0.3
2012-06-12,COHR,2.8246,long,-11.22,1.07
2012-06-12,FCX,2.7531,long,53.38,0.9
2012-06-12,ON,3.2063,long,-13.33,0.14
2012-06-12,SATS,2.47,long,-4.2,1.06
2012-06-12,BBY,3.593,long,13.82,0.28
2012-06-12,HPQ,4.2148,long,-17.35,0.27
2012-06-12,BKR,3.3701,long,-13.18,0.28
2012-06-12,NEM,3.9496,long,39.17,0.28
2012-06-26,FSLR,3.8313,long,15.66,0.33
2012-06-26,EA,3.6174,long,-3.84,0.02
2012-06-26,TMUS,3.404,long,-208.47,2.13
2012-06-26,GLW,2.9375,long,-37.67,1.95
2012-06-26,SW,2.7182,long,-101.31,1.63
2012-06-26,STLD,2.7139,long,12.91,0.13
2012-06-26,DECK,2.6388,long,-8.07,0.04
2012-06-26,APA,2.7416,long,64.08,1.45
2012-07-11,HAL,3.7472,long,204.6,7.16
2012-07-11,NTAP,3.5144,long,-296.0,7.3
2012-07-11,NFLX,3.3941,long,2255.73,7.31
2012-07-11,DVN,3.3513,long,-233.2,6.74
2012-07-25,BKR,3.0003,long,25.49,0.25
2012-07-25,MS,3.0286,long,-395.89,3.48
2012-07-25,FCX,3.0714,long,-28.76,2.05
2012-07-25,HPQ,3.6544,long,-693.3,6.99
2012-07-25,GM,3.2917,long,-266.76,4.22
2012-08-08,EA,3.9776,long,858.39,7.46
2012-08-08,TTWO,3.7406,long,-159.44,8.04
2012-08-08,SW,3.1187,long,1604.33,29.38
2012-08-08,HUM,3.101,long,-172.31,1.45
2012-08-08,MGM,3.0995,long,-29.51,3.36
2012-08-08,CAT,2.9016,long,71.2,1.01
2012-08-22,GEN,3.0062,long,548.57,9.8
2012-08-22,F,3.0843,long,174.28,3.1
2012-08-22,NEM,3.1179,long,129.82,1.04
2012-08-22,DECK,3.6275,long,1262.87,6.03
2012-08-22,FSLR,3.4943,long,3048.75,4.48
2012-08-22,COHR,3.718,long,1588.7,10.69
2012-08-22,WYNN,3.4468,long,301.59,2.09
2012-09-06,AMD,5.1263,long,-957.4,9.76
2012-09-06,HPQ,4.4972,long,-963.79,9.06
2012-09-06,SMCI,3.7088,long,779.17,12.63
2012-09-06,MCD,3.3731,long,418.63,8.93
2012-09-06,ADM,3.3468,long,631.24,9.14
2012-09-06,NFLX,2.7823,long,-168.28,9.42
2012-09-06,LRCX,3.2049,long,-356.44,9.14
2012-09-06,EXPD,2.7614,long,375.35,7.53
2012-09-20,LVS,2.8036,long,104.42,1.33
2012-09-20,CMG,3.1078,long,1443.38,9.59
2012-09-20,GPN,2.8379,long,20.4,0.19
2012-09-20,IBKR,3.2434,long,299.61,10.88
2012-09-20,PGR,3.5605,long,638.43,9.5
2012-09-20,GRMN,3.1502,long,37.51,9.8
2012-10-04,ERIE,3.6619,long,58.24,11.61
2012-10-04,CAH,2.8297,long,377.1,9.39
2012-10-04,DD,2.8221,long,188.37,9.39
2012-10-04,EA,2.6465,long,-241.65,9.81
2012-10-04,AES,2.5281,long,-335.15,9.55
2012-10-18,AMD,5.5226,long,-2918.67,10.34
2012-10-18,ADM,3.7253,long,758.73,9.54
2012-10-18,LRCX,3.5227,long,1027.45,9.71
2012-10-18,NFLX,3.6157,long,1999.01,9.79
2012-10-18,DECK,3.2078,long,-609.76,10.32
2012-10-18,SMCI,3.2968,long,-2897.08,14.64
2012-10-18,EXPD,3.4128,long,-693.41,9.83
2012-11-05,BBY,3.3039,long,-1749.75,8.81
2012-11-05,STT,2.7885,long,827.22,8.45
2012-11-05,LIN,2.7456,long,381.6,8.45
2012-11-05,BA,2.7238,long,12.06,8.38
2012-11-05,BKNG,2.6872,long,134.53,8.41
2012-11-19,CMG,2.3934,long,48.01,0.43
2012-11-19,HUM,2.5366,long,-12.92,0.11
2012-11-19,ERIE,3.3401,long,66.66,3.18
2012-11-19,MU,3.788,long,-121.03,2.64
2012-11-19,ORLY,3.3188,long,403.97,2.61
2012-11-19,EA,3.566,long,-27.9,2.71
2012-11-19,AES,3.1909,long,-292.04,2.65
2012-11-19,UPS,2.6791,long,-59.9,2.04
2012-11-19,EQR,3.3891,long,-87.73,2.61
2012-12-04,FDS,2.7531,long,7.53,1.9
2012-12-04,DECK,2.9205,long,329.82,0.91
2012-12-04,APA,2.9639,long,-2.81,0.07
2012-12-04,MGM,3.1197,long,-15.44,0.53
2012-12-04,NTAP,3.8523,long,221.04,1.29
2012-12-04,HPQ,4.4673,long,-16.81,1.27
2012-12-04,DLR,3.2259,long,50.28,0.5
2012-12-04,ON,3.3487,long,130.01,1.37
2012-12-04,JBL,4.1255,long,110.5,1.32
2012-12-18,COHR,3.256,long,261.53,2.31
2012-12-18,BBY,3.0846,long,-247.52,1.57
2012-12-18,FSLR,4.0296,long,682.3,2.06
2012-12-18,SMCI,2.979,long,202.12,1.42
2012-12-18,OXY,2.6906,long,66.49,1.87
2012-12-18,ADM,2.3687,long,36.22,0.62
2012-12-18,DLTR,2.3665,long,-13.19,0.27
2012-12-18,CSX,2.2653,long,39.96,1.98
2013-01-03,CMG,2.9218,long,387.24,3.31
2013-01-03,UDR,3.4202,long,157.57,3.58
2013-01-03,AMD,3.7219,long,10.81,3.9
2013-01-03,EXC,3.5878,long,102.04,3.51
2013-01-03,NFLX,3.9906,long,1067.57,3.62
2013-01-03,VRTX,3.3895,long,574.96,3.62
2013-01-03,NEM,3.1367,long,59.88,3.52
2013-01-03,ESS,2.9944,long,90.44,1.6
2013-01-03,INTC,3.2469,long,326.26,3.49
2013-01-17,AES,2.937,long,-2.48,1.13
2013-01-17,ICE,2.7814,long,30.17,1.12
2013-01-17,FE,2.8521,long,-64.95,1.12
2013-01-17,INCY,3.5134,long,166.54,0.89
2013-01-17,DVN,3.5572,long,44.55,1.1
2013-01-17,PCG,2.7906,long,-21.32,1.11
2013-02-01,SMCI,3.7765,long,211.28,1.62
2013-02-01,OXY,3.7292,long,132.5,0.98
2013-02-01,ALGN,3.3778,long,105.08,1.05
2013-02-01,HPQ,3.3028,long,93.71,0.99
2013-02-01,DGX,3.2166,long,-10.43,1.0
2013-02-01,HUM,3.1963,long,110.93,1.0
2013-02-15,ED,3.6004,long,134.1,6.98
2013-02-15,FSLR,3.9295,long,777.36,7.4
2013-02-15,LH,3.5284,long,169.29,7.02
2013-02-15,CMG,3.822,long,870.38,7.09
2013-02-15,EXC,3.353,long,164.45,6.98
2013-02-15,TKO,3.1414,long,515.72,9.2
2013-02-15,AZO,2.9477,long,507.06,7.01
2013-02-15,VRTX,3.3765,long,-170.54,7.23
2013-03-04,EQR,3.6532,long,-19.36,8.84
2013-03-04,ETR,3.6065,long,-285.87,8.87
2013-03-04,MSFT,3.1174,long,74.19,4.13
2013-03-04,NEM,3.4188,long,-1023.94,8.81
2013-03-04,FE,3.241,long,-192.37,8.82
2013-03-04,DRI,3.1809,long,-68.5,8.94
2013-03-04,JBL,3.3433,long,-465.81,9.16
2013-03-18,HPQ,4.5045,long,3288.71,9.08
2013-03-18,TPL,3.5042,long,1501.48,14.73
2013-03-18,DG,3.2748,long,642.95,9.1
2013-03-18,BBY,2.8961,long,3829.7,9.37
2013-03-18,GRMN,2.6555,long,-1234.22,9.36
2013-04-02,TPR,3.8291,long,487.99,10.32
2013-04-02,NTAP,3.0188,long,24.54,0.83
2013-04-02,SMCI,3.8303,long,-1079.59,14.89
2013-04-02,AAPL,3.7932,long,39.85,10.15
2013-04-02,TECH,3.5837,long,-1.63,10.96
2013-04-02,AVB,3.5193,long,194.49,10.32
2013-04-02,IDXX,3.288,long,-17.73,10.55
2013-04-02,DGX,3.0877,long,61.87,4.25
2013-04-02,TMUS,3.4519,long,1308.13,10.71
2013-04-16,EW,3.5294,long,426.35,10.91
2013-04-16,AMD,3.9776,long,-686.34,11.96
2013-04-16,NEM,3.0236,long,-395.28,2.19
2013-04-16,JBL,3.4226,long,-972.27,11.1
2013-04-16,COHR,3.3676,long,-154.84,12.65
2013-04-16,CMG,3.2445,long,667.87,8.0
2013-04-30,MNST,4.6563,long,498.53,2.67
2013-04-30,GRMN,3.6161,long,143.58,2.73
2013-04-30,FFIV,3.5542,long,-426.89,2.63
2013-04-30,BXP,3.0892,long,233.44,2.6
2013-05-14,TPR,3.7534,long,113.33,0.72
2013-05-14,SWKS,2.9921,long,53.11,0.37
2013-05-14,FCX,3.241,long,142.3,0.91
2013-05-14,COF,3.284,long,55.22,0.4
2013-05-14,TECH,4.3164,long,49.1,0.78
2013-05-14,CF,3.6307,long,70.48,0.73
2013-05-14,AAPL,4.5079,long,40.81,0.71
2013-05-14,CHRW,3.6613,long,0.22,0.73
2013-05-14,APA,3.4994,long,102.76,0.72
2013-05-14,EXPD,3.327,long,56.51,0.72
2013-05-14,IDXX,3.8763,long,2.93,0.75
2013-05-29,SMCI,4.1712,long,320.09,5.15
2013-05-29,ISRG,3.9438,long,64.75,3.04
2013-05-29,DLTR,3.2067,long,143.23,3.07
2013-05-29,SPGI,3.088,long,-30.36,3.05
2013-05-29,FTNT,3.0405,long,227.61,3.26
2013-05-29,CAH,2.7386,long,221.85,3.02
2013-06-12,MNST,4.9264,long,1360.02,10.87
2013-06-12,FFIV,5.7247,long,-652.53,10.73
2013-06-12,NEM,5.1193,long,264.03,10.67
2013-06-12,GPN,4.0643,long,286.47,10.69
2013-06-12,XYL,3.3474,long,-261.23,11.04
2013-06-12,TDG,3.0124,long,-218.26,10.81
2013-06-12,FDS,2.8586,long,435.34,10.83
2013-06-12,CIEN,3.0153,long,3713.23,11.34
2013-06-26,EW,5.5205,long,45.55,1.8
2013-06-26,CF,3.7384,long,-117.67,1.74
2013-06-26,TECH,3.4414,long,67.33,1.84
2013-06-26,WRB,3.4262,long,-17.12,1.36
2013-06-26,FCX,2.8087,long,-12.27,0.08
2013-06-26,META,2.6668,long,-0.05,0.01
2013-06-26,RCL,2.6329,long,-0.33,0.01
2013-06-26,TPR,2.5415,long,-11.22,0.39
2013-07-11,SWKS,4.0976,long,1.63,0.08
2013-07-11,FTNT,3.6264,long,6.94,0.08
2013-07-11,ULTA,3.3802,long,4.66,0.08
2013-07-11,AAPL,3.7794,long,-2.44,0.08
2013-07-11,BG,3.1121,long,3.42,0.08
2013-07-11,CAT,3.4312,long,2.45,0.08
2013-07-11,IDXX,3.043,long,7.44,0.08
2013-07-25,NEM,4.9012,long,10.29,0.14
2013-07-25,CHRW,4.4618,long,10.13,0.14
2013-07-25,FFIV,3.9635,long,38.36,0.14
2013-07-25,COHR,3.4907,long,16.17,0.16
2013-07-25,CTSH,3.3078,long,21.51,0.14
2013-07-25,TRMB,3.061,long,16.51,0.14
2013-07-25,CRL,2.9332,long,10.82,0.14
2013-08-08,FCX,3.8775,long,297.96,3.38
2013-08-08,EW,5.215,long,364.35,3.51
2013-08-08,FE,4.0283,long,116.37,3.42
2013-08-08,AKAM,2.8828,long,223.37,3.44
2013-08-08,IRM,5.6098,long,46.32,3.54
2013-08-08,HOLX,3.373,long,679.76,3.51
2013-08-08,QCOM,3.1234,long,308.31,3.34
2013-08-08,MNST,2.8801,long,188.89,3.48
2013-08-08,BALL,3.4112,long,-23.07,3.47
2013-08-22,OKE,3.1409,long,908.9,12.88
2013-08-22,DE,3.5411,long,143.25,11.41
2013-08-22,T,3.1501,long,-493.93,11.26
2013-08-22,CAT,3.8537,long,307.15,11.33
2013-08-22,VRSN,2.9092,long,1026.29,11.49
2013-08-22,EQIX,2.9024,long,-1195.09,11.56
2013-08-22,WY,2.6629,long,-570.85,11.53
2013-08-22,FSLR,2.8356,long,-2083.23,11.75
2013-09-06,CPRT,3.5411,long,-89.6,7.84
2013-09-06,NEM,3.3643,long,1065.57,7.53
2013-09-06,ARE,3.3035,long,-759.79,7.61
2013-09-06,ISRG,3.0247,long,-131.96,7.33
2013-09-06,PANW,2.8765,long,-82.26,1.0
2013-09-06,VMC,2.7872,long,12.26,0.48
2013-09-06,DGX,2.7432,long,10.69,0.35
2013-09-20,IRM,3.6538,long,536.06,7.88
2013-09-20,AMT,2.943,long,619.65,7.61
2013-09-20,DOC,2.4351,long,309.8,7.77
2013-09-20,IBM,2.7076,long,186.06,7.52
2013-09-20,FRT,3.3338,long,247.66,7.84
2013-10-04,PHM,3.6144,long,445.8,11.33
2013-10-04,FSLR,2.8271,long,1620.16,11.38
2013-10-04,PWR,2.6937,long,521.97,7.37
2013-10-04,SPG,2.6108,long,284.94,11.06
2013-10-18,TER,2.9074,long,5.18,0.12
2013-10-18,MLM,4.255,long,-64.18,4.12
2013-10-18,RJF,3.0829,long,-6.19,1.05
2013-10-18,ERIE,3.152,long,-141.68,4.88
2013-10-18,MPC,3.4757,long,348.3,3.99
2013-10-18,EW,3.9007,long,398.29,4.02
2013-10-18,MOS,4.1257,long,113.59,4.01
2013-10-18,ISRG,4.4347,long,54.56,3.97
2013-10-18,PANW,4.637,long,-432.39,4.17
2013-10-18,ON,3.8201,long,-195.96,4.13
2013-11-01,CDNS,2.6357,long,-96.61,1.8
2013-11-01,IBM,2.6543,long,-34.0,1.36
2013-11-01,T,2.7648,long,42.9,0.43
2013-11-01,KIM,2.9726,long,104.38,1.05
2013-11-01,PCG,3.2528,long,67.64,1.33
2013-11-01,SYY,3.192,long,47.64,1.32
2013-11-01,KDP,3.3816,long,135.18,1.34
2013-11-15,CAG,3.5562,long,209.05,3.7
2013-11-15,EXC,3.4222,long,-134.93,3.71
2013-11-15,TGT,3.3356,long,101.91,3.68
2013-11-15,IRM,3.2536,long,640.59,3.87
2013-11-15,SO,3.1091,long,27.11,3.69
2013-11-15,RL,3.0986,long,341.07,3.73
2013-11-15,DVA,3.0266,long,43.94,3.74
2013-12-02,LLY,3.1843,long,68.62,11.41
2013-12-02,PANW,3.1764,long,2168.95,12.34
2013-12-02,ERIE,3.2258,long,270.56,15.21
2013-12-02,DHI,3.4683,long,209.09,11.91
2013-12-02,EQIX,3.4315,long,-126.54,11.63
2013-12-02,CPT,2.9904,long,-1039.22,12.12
2013-12-02,CPRT,3.0587,long,911.84,12.04
2013-12-02,MOS,3.0607,long,401.61,11.52
2013-12-02,ARE,3.1332,long,-533.5,12.03
2013-12-02,DOC,2.9344,long,-1287.48,9.52
2013-12-16,KMI,3.5511,long,-933.13,11.87
2013-12-16,VRTX,3.2083,long,811.66,12.35
2013-12-16,CPB,3.1728,long,-418.41,10.43
2013-12-16,VTR,3.0826,long,-53.73,0.92
2013-12-16,PCG,2.7956,long,5.39,0.44
2013-12-16,DE,2.7461,long,694.05,11.82
2013-12-31,DLR,4.4167,long,561.39,12.58
2013-12-31,EXC,3.525,long,202.36,12.22
2013-12-31,NEM,4.0359,long,-793.13,12.5
2013-12-31,IBM,3.3228,long,586.56,12.07
2013-12-31,BXP,3.353,long,54.21,12.42
2013-12-31,WELL,3.268,long,-628.67,12.42
2013-12-31,GEN,2.8203,long,642.29,12.26
2013-12-31,AVB,3.3127,long,-9.39,12.36
2014-01-15,ETR,2.7882,long,-38.56,4.95
2014-01-15,CSCO,2.9087,long,1576.78,12.1
2014-01-15,DHI,2.7958,long,1381.12,9.81
2014-01-15,FE,3.7103,long,-86.12,12.28
2014-01-15,DOC,3.452,long,830.77,12.42
2014-01-30,VTR,2.9551,long,651.51,8.72
2014-01-30,CMS,2.7548,long,167.86,8.67
2014-01-30,PNW,2.6612,long,-168.99,8.71
2014-01-30,SHW,2.6483,long,44.76,8.63
2014-01-30,APA,2.6163,long,-538.72,8.54
2014-02-13,LH,3.3911,long,1.58,0.37
2014-02-13,EXC,3.555,long,37.14,0.37
2014-02-13,AVB,3.4709,long,20.58,0.37
2014-02-13,NEM,4.4666,long,4.05,0.37
2014-02-13,LULU,3.3821,long,0.02,0.38
2014-02-13,DLR,3.1165,long,17.94,0.37
2014-02-13,PEG,2.8411,long,2.75,0.03
2014-02-13,CPT,3.2593,long,38.2,0.38
2014-02-28,ED,2.7281,long,2.05,0.04
2014-02-28,RL,3.0538,long,0.86,0.03
2014-02-28,FE,3.2015,long,0.14,0.03
2014-02-28,CSCO,3.0882,long,0.01,0.03
2014-02-28,TGT,3.026,long,3.43,0.03
2014-02-28,ERIE,2.907,long,1.48,0.04
2014-02-28,REG,2.8577,long,2.31,0.04
2014-02-28,ULTA,2.8029,long,1.63,0.02
2014-03-14,SJM,3.8495,long,20.2,0.65
2014-03-14,DGX,3.2963,long,23.73,0.64
2014-03-14,CPB,3.2875,long,58.46,0.65
2014-03-14,WELL,2.9648,long,26.9,0.64
2014-03-28,F,3.1758,long,75.94,10.3
2014-03-28,BBY,4.934,long,83.44,10.54
2014-03-28,LH,3.7396,long,545.13,10.52
2014-03-28,LULU,4.785,long,68.28,10.66
2014-03-28,KMI,3.3876,long,58.13,10.41
2014-03-28,WY,2.6597,long,-154.29,10.48
2014-03-28,FICO,2.5259,long,204.59,11.68
2014-03-28,IBM,2.5691,long,296.65,10.26
2014-03-28,MOS,2.687,long,152.95,10.43
2014-03-28,EW,2.9416,long,477.84,10.58
2014-04-11,CHRW,3.3271,long,629.64,10.23
2014-04-11,CAG,2.8356,long,423.47,10.15
2014-04-11,TPR,2.8018,long,46.7,10.12
2014-04-11,RL,2.801,long,-17.0,0.41
2014-04-11,WRB,2.7717,long,-3.58,5.24
2014-04-11,SWK,2.752,long,-76.44,1.9
2014-04-11,GEN,2.7408,long,-25.28,0.97
2014-04-28,DLTR,3.4762,long,-5.57,1.49
2014-04-28,NEM,3.487,long,115.49,1.52
2014-04-28,JBHT,3.0655,long,127.76,1.51
2014-04-28,L,3.2049,long,19.62,1.52
2014-04-28,RMD,3.0967,long,152.31,1.55
2014-04-28,VRSK,3.0991,long,-79.98,1.52
2014-04-28,EL,3.1249,long,110.37,1.49
2014-05-12,BRO,3.2025,long,20.78,0.76
2014-05-12,FICO,3.2517,long,16.17,0.16
2014-05-12,FIX,3.3455,long,60.22,0.75
2014-05-12,ZTS,3.5682,long,45.51,0.6
2014-05-12,COHR,3.5132,long,26.72,0.75
2014-05-12,EXPD,3.3893,long,88.03,0.61
2014-05-12,BBY,4.2339,long,4.75,0.61
2014-05-27,NTAP,2.8996,long,185.26,4.29
2014-05-27,PGR,2.916,long,213.53,4.23
2014-05-27,KMI,2.9873,long,118.25,4.24
2014-05-27,SJM,3.3648,long,198.54,4.29
2014-05-27,LDOS,3.3308,long,97.87,4.39
2014-05-27,WBD,3.6082,long,106.82,4.26
2014-05-27,HLT,3.654,long,188.3,4.34
2014-05-27,GEN,3.8245,long,472.74,4.23
2014-05-27,LULU,4.1832,long,-69.79,4.31
2014-05-27,VZ,3.4479,long,332.5,4.16
2014-06-10,RL,4.1161,long,657.54,13.48
2014-06-10,JBL,3.3019,long,1848.43,14.26
2014-06-10,L,3.3819,long,91.25,13.67
2014-06-10,ROST,2.9985,long,-338.79,13.53
2014-06-10,ULTA,2.6872,long,-473.53,13.98
2014-06-10,CIEN,2.7652,long,3162.85,14.63
2014-06-24,ZTS,2.5757,long,774.22,13.73
2014-06-24,NEM,3.7747,long,927.56,13.95
2014-06-24,COHR,3.1293,long,631.55,19.4
2014-06-24,VRSN,2.9204,long,308.31,13.91
2014-06-24,STT,2.7554,long,599.51,13.79
2014-06-24,TSCO,2.7349,long,-352.75,14.15
2014-07-09,AXON,3.2244,long,-2369.38,18.13
2014-07-09,ICE,3.2315,long,-111.37,14.29
2014-07-09,CSGP,2.876,long,-1866.8,15.27
2014-07-09,EBAY,3.5469,long,703.42,13.99
2014-07-09,LULU,4.9471,long,-1696.9,14.65
2014-07-09,TPR,3.2711,long,-2336.78,14.31
2014-07-23,ROST,3.1467,long,-1038.81,13.65
2014-07-23,TKO,4.4739,long,976.39,15.59
2014-07-23,PFE,3.117,long,464.0,13.34
2014-07-23,BMY,3.021,long,470.85,13.44
2014-07-23,CME,3.051,long,597.84,13.68
2014-07-23,RL,3.0606,long,305.14,13.56
2014-08-06,J,3.6962,long,-729.86,10.61
2014-08-06,TSCO,3.3731,long,67.02,10.57
2014-08-06,TJX,3.0923,long,-18.93,10.37
2014-08-06,LDOS,2.8037,long,-314.86,10.84
2014-08-06,GNRC,2.6467,long,-250.31,10.97
2014-08-06,WBD,2.567,long,978.45,10.6
2014-08-06,HSY,2.4637,long,-30.26,0.36
2014-08-20,EBAY,2.8354,long,102.0,3.59
2014-08-20,DRI,3.6609,long,283.38,3.66
2014-08-20,AXON,3.5352,long,1323.16,4.66
2014-08-20,TPR,4.9,long,238.88,3.64
2014-08-20,LULU,4.3359,long,248.84,3.75
2014-09-04,LVS,2.8483,long,-329.57,2.8
2014-09-04,RTX,2.8321,long,141.91,2.77
2014-09-04,CIEN,2.7158,long,-82.48,2.5
2014-09-04,TRMB,3.2195,long,142.47,2.89
2014-09-04,CSGP,3.29,long,76.12,3.03
2014-09-04,INCY,3.3514,long,309.64,3.03
2014-09-04,GWW,3.031,long,224.94,2.8
2014-09-18,PNC,2.81,long,548.52,8.31
2014-09-18,CME,2.9519,long,1172.81,8.37
2014-09-18,MCD,3.0337,long,-103.45,8.24
2014-09-18,LDOS,3.0808,long,-334.37,9.14
2014-09-18,CTRA,3.4772,long,92.26,8.43
2014-09-18,ICE,3.3826,long,897.66,8.4
2014-09-18,APO,3.416,long,-264.94,8.76
2014-09-18,HSY,3.7217,long,204.3,8.43
2014-09-18,L,3.2083,long,137.97,8.46
2014-10-02,MSI,3.0092,long,425.92,11.59
2014-10-02,LULU,3.8668,long,990.47,12.09
2014-10-02,FITB,2.9434,long,-450.32,11.56
2014-10-02,GM,3.2904,long,-492.47,11.5
2014-10-02,TKO,2.8345,long,-574.85,13.72
2014-10-02,CPRT,2.6475,long,-487.26,6.14
2014-10-02,TPR,2.9023,long,-499.27,11.79
2014-10-16,PSKY,2.7286,long,-10.18,0.31
2014-10-16,EMR,2.6992,long,-6.12,0.12
2014-10-16,GNRC,2.7994,long,-1.38,0.09
2014-10-16,CTSH,2.8514,long,-0.58,0.06
2014-10-16,RTX,2.8924,long,-12.46,0.15
2014-10-16,AFL,2.7681,long,-3.2,0.09
2014-10-16,COHR,2.9299,long,-8.5,0.31
2014-10-16,PNR,3.0479,long,-24.19,0.25
2014-10-16,TRMB,2.9082,long,-24.78,0.26
2014-10-16,ACGL,3.1255,long,-5.74,0.25
2014-10-16,ETN,3.1034,long,-27.9,0.25
2014-10-30,MOS,2.5684,long,1.19,0.02
2014-10-30,DE,3.2214,long,0.02,0.0
2014-10-30,BSX,2.5915,long,0.07,0.0
2014-10-30,J,3.2157,long,-0.0,0.0
2014-10-30,CMI,3.1571,long,0.04,0.0
2014-10-30,FIX,2.8008,long,0.07,0.0
2014-10-30,CRH,2.7695,long,-0.01,0.0
2014-11-13,CIEN,3.0817,long,0.01,0.0
2014-11-13,BLDR,2.9279,long,0.09,0.0
2014-11-13,AMD,2.8204,long,0.02,0.0
2014-11-13,MDLZ,2.7679,long,0.1,0.0
2014-11-13,LII,2.6141,long,0.13,0.0
2014-11-13,APO,2.5628,long,0.05,0.0
2014-11-13,WAT,2.5149,long,0.11,0.0
2014-11-28,TPR,4.0148,long,46.41,0.41
2014-11-28,LVS,4.1308,long,22.82,0.41
2014-11-28,NEM,3.7119,long,-47.54,0.42
2014-11-28,TMUS,3.4164,long,8.62,0.41
2014-11-28,LULU,3.3605,long,82.67,0.42
2014-11-28,SATS,2.9739,long,69.07,0.46
2014-11-28,TRMB,3.0992,long,-28.91,0.43
2014-11-28,FCX,2.9918,long,-27.98,0.41
2014-12-12,GNRC,3.9684,long,497.96,6.7
2014-12-12,CRH,3.8213,long,302.03,6.94
2014-12-12,APA,3.8099,long,-1595.14,6.43
2014-12-12,BKR,3.6343,long,578.93,6.55
2014-12-12,KEY,3.3444,long,-65.14,4.59
2014-12-12,SW,3.4981,long,822.81,19.05
2014-12-12,FSLR,3.2609,long,-14.08,0.12
2014-12-12,PSKY,3.2187,long,2.23,0.1
2014-12-29,NWS,3.3865,long,-1.29,0.39
2014-12-29,AMD,3.4007,long,-14.06,0.41
2014-12-29,NFLX,2.8888,long,-13.46,0.38
2014-12-29,J,2.8762,long,-14.01,0.39
2014-12-29,CIEN,3.0682,long,83.13,0.42
2014-12-29,GM,3.7567,long,1.39,0.03
2014-12-29,WYNN,3.8482,long,-3.77,0.02
2014-12-29,IBM,4.1525,long,-1.52,0.09
2014-12-29,GOOGL,3.5567,long,-0.02,0.01
2015-01-13,TKO,4.3867,long,-0.3,0.01
2015-01-13,TRMB,3.7536,long,-0.29,0.01
2015-01-13,MGM,3.4645,long,-0.0,0.0
2015-01-13,L,3.2993,long,0.0,0.0
2015-01-13,HUBB,3.2963,long,0.33,0.01
2015-01-28,BKR,4.043,long,0.03,0.0
2015-01-28,HAL,6.5677,long,-0.04,0.0
2015-01-28,LVS,4.622,long,-0.12,0.0
2015-01-28,FSLR,4.9696,long,-0.11,0.0
2015-01-28,TMUS,2.903,long,0.34,0.0
2015-01-28,WDAY,3.3756,long,-0.22,0.0
2015-01-28,ALGN,3.0181,long,0.1,0.0
2015-01-28,GRMN,3.527,long,-0.1,0.0
2015-02-11,AMD,4.5399,long,1.05,0.01
2015-02-11,WYNN,4.3128,long,0.04,0.01
2015-02-11,TPL,3.6251,long,1.3,0.01
2015-02-11,NFLX,4.6629,long,2.67,0.01
2015-02-11,GOOG,3.5783,long,0.48,0.01
2015-02-11,GNRC,3.5433,long,0.54,0.01
2015-02-11,SLB,3.6558,long,0.55,0.01
2015-02-26,TRMB,4.3514,long,1.79,0.02
2015-02-26,VZ,3.9549,long,1.34,0.02
2015-02-26,J,3.8375,long,3.38,0.02
2015-02-26,QCOM,3.0153,long,-0.2,0.02
2015-02-26,L,3.6239,long,1.03,0.02
2015-02-26,NWS,3.4201,long,3.18,0.03
2015-02-26,SW,3.2681,long,3.32,0.11
2015-02-26,WMB,2.9904,long,2.77,0.02
2015-02-26,EQT,3.5533,long,1.77,0.02
2015-03-12,HAL,5.2236,long,-29.28,1.05
2015-03-12,XYL,3.8677,long,-4.55,1.08
2015-03-12,CTRA,3.6037,long,3.24,1.06
2015-03-12,WBD,3.5391,long,53.4,1.07
2015-03-12,DOV,3.3909,long,-4.14,1.06
2015-03-12,META,2.9296,long,29.7,0.54
2015-03-12,TSLA,2.9153,long,-22.31,1.45
2015-03-26,OKE,3.5175,long,217.36,4.83
2015-03-26,AES,2.8229,long,-1.0,0.03
2015-03-26,IBM,2.9281,long,-3.31,0.32
2015-03-26,NRG,3.977,long,-146.12,4.81
2015-03-26,BAX,3.2622,long,-55.22,4.59
2015-03-26,PODD,3.4905,long,-22.98,5.04
2015-03-26,CAT,3.1824,long,-98.08,1.43
2015-03-26,TPL,4.5541,long,607.93,7.85
2015-04-10,RL,3.7226,long,53.71,0.64
2015-04-10,WYNN,3.5323,long,65.79,0.72
2015-04-10,ALB,3.1857,long,77.57,0.73
2015-04-10,EMR,3.0898,long,12.2,0.72
2015-04-10,PTC,3.0185,long,125.93,0.75
2015-04-10,AMCR,2.9712,long,27.14,1.12
2015-04-10,SLB,2.8938,long,6.01,0.05
2015-04-10,VZ,2.7592,long,2.32,0.5
2015-04-24,TRMB,3.2421,long,53.87,1.83
2015-04-24,FFIV,3.3312,long,183.02,1.73
2015-04-24,QCOM,3.1808,long,45.63,1.7
2015-04-24,AXP,3.6598,long,-41.46,1.7
2015-04-24,FITB,2.9991,long,57.57,1.27
2015-04-24,AIZ,3.0388,long,-15.43,1.79
2015-04-24,GWW,3.098,long,98.73,1.72
2015-04-24,PWR,3.1264,long,95.15,1.76
2015-05-08,PODD,4.2479,long,-1354.79,13.85
2015-05-08,FAST,4.0546,long,743.1,12.24
2015-05-08,DECK,3.8726,long,-176.27,12.62
2015-05-08,HPQ,3.8314,long,711.53,12.05
2015-05-08,FCX,3.6,long,3174.78,12.36
2015-05-08,NTAP,3.5707,long,-36.92,12.22
2015-05-08,UPS,3.4386,long,468.5,12.0
2015-05-08,GRMN,3.2758,long,-159.35,12.49
2015-05-22,APO,3.2623,long,-15.55,12.88
2015-05-22,WYNN,4.1751,long,-2373.37,12.66
2015-05-22,HUBB,2.8427,long,19.03,1.36
2015-05-22,SO,3.1371,long,-451.05,12.2
2015-05-22,RL,3.1148,long,-430.35,12.47
2015-05-22,HST,2.9527,long,-54.01,1.6
2015-06-08,DOC,3.3239,long,-821.29,11.78
2015-06-08,MU,3.306,long,-684.01,11.61
2015-06-08,ETR,3.1811,long,-860.13,11.83
2015-06-08,WY,2.856,long,-361.58,11.75
2015-06-08,CNP,2.834,long,-880.31,11.99
2015-06-08,NUE,3.0505,long,213.14,12.76
2015-06-08,AMD,5.3409,long,42.84,13.74
2015-06-22,LVS,2.869,long,111.29,2.26
2015-06-22,NSC,3.0051,long,-136.65,5.0
2015-06-22,TRMB,3.3728,long,-247.12,11.86
2015-06-22,KLAC,3.2286,long,-167.05,11.51
2015-06-22,TRGP,3.2524,long,-700.3,11.55
2015-06-22,MSI,3.0445,long,-58.44,9.65
2015-06-22,BEN,3.7068,long,-68.12,11.26
2015-07-07,OKE,2.8497,long,0.07,0.35
2015-07-07,EVRG,2.8144,long,94.43,2.37
2015-07-07,PODD,2.8725,long,10.95,1.5
2015-07-07,HSY,3.083,long,4.33,1.9
2015-07-07,AMAT,3.0012,long,-142.68,3.04
2015-07-07,WYNN,3.0453,long,11.14,0.11
2015-07-07,GRMN,2.9642,long,-42.66,0.62
2015-07-21,AEE,2.8532,long,10.4,0.68
2015-07-21,TPL,2.9054,long,-93.66,2.69
2015-07-21,GNRC,2.9229,long,-216.54,1.89
2015-07-21,HAL,3.3021,long,-94.7,1.8
2015-07-21,APA,3.3746,long,-322.63,1.82
2015-07-21,WELL,2.826,long,-0.1,0.02
2015-08-04,MSI,2.2792,long,97.72,2.33
2015-08-04,EOG,2.2114,long,-31.28,0.3
2015-08-04,AXP,2.3982,long,-43.48,1.83
2015-08-04,COP,2.8472,long,-233.58,1.38
2015-08-04,TRGP,2.5883,long,-10.69,0.41
2015-08-04,WM,2.7037,long,142.63,1.39
2015-08-04,TRMB,2.4663,long,-15.8,0.62
2015-08-18,CNP,2.5004,long,239.99,3.15
2015-08-18,FSLR,2.3185,long,169.87,0.77
2015-08-18,WMT,2.447,long,-133.58,2.41
2015-08-18,HPQ,2.6679,long,-18.67,0.28
2015-08-18,DOC,2.7574,long,440.81,5.23
2015-08-18,NSC,2.7751,long,-252.55,5.21
2015-08-18,OKE,2.9334,long,-508.42,5.47
2015-08-18,NRG,2.7015,long,-153.41,5.39
2015-08-24,HAL,2.8139,long,-29.63,0.13
2015-08-24,DOV,2.938,long,-93.57,0.79
2015-08-24,APA,3.3017,long,-364.25,2.95
2015-08-24,GLW,3.0755,long,-412.76,2.9
2015-08-24,PSKY,2.8965,long,-110.76,0.54
2015-08-24,GNRC,2.8249,long,-6.82,1.81
2015-08-24,IRM,2.7847,long,-13.31,0.53
2015-08-24,NTAP,2.7764,long,-37.89,0.79
2015-08-24,MU,3.4735,long,-620.22,3.06
2015-08-24,TPL,3.7042,long,-454.13,5.5
2015-11-11,LIN,2.3254,long,-93.83,8.27
2015-11-25,BG,2.0609,long,-411.28,6.21
2015-11-25,VTR,2.3541,long,-160.31,6.08
2015-11-25,DECK,2.4416,long,-200.95,2.79
2015-11-25,ZBH,2.5588,long,349.53,5.21
2015-11-25,VTRS,2.5453,long,926.95,5.23
2015-11-25,TRGP,2.8393,long,-1348.25,5.84
2015-11-25,NRG,3.5178,long,-218.25,5.46
2015-11-25,TRMB,2.4589,long,1161.9,4.83
2015-12-10,WYNN,3.2888,long,-31.4,1.53
2015-12-10,KMI,2.7773,long,-800.74,2.7
2015-12-10,MU,2.7294,long,-112.46,4.08
2015-12-10,GEN,2.7228,long,1.68,4.02
2015-12-10,FCX,2.7093,long,-776.7,4.12
2015-12-10,WDC,2.5787,long,115.71,3.88
2015-12-10,WAB,2.224,long,-235.37,4.08
2015-12-24,COR,2.4446,long,0.17,0.0
2015-12-24,IBM,2.4994,long,0.11,2.04
2015-12-24,WMB,2.6919,long,-28.65,0.08
2015-12-24,SW,2.5715,long,-18.88,1.6
2015-12-24,CMI,3.098,long,-107.76,0.95
2015-12-24,EQT,2.9118,long,-121.87,0.98
2015-12-24,AXP,2.7417,long,-18.47,0.74
2015-12-24,STX,3.2948,long,76.17,0.98
2016-01-11,ARES,2.4782,long,-25.69,0.47
2016-01-11,KKR,2.5556,long,-13.76,0.12
2016-01-11,HLT,2.5648,long,-12.41,0.11
2016-01-11,SATS,2.5519,long,-3.55,0.08
2016-01-11,APO,2.8453,long,-9.56,0.11
2016-01-11,EXC,2.9535,long,5.87,0.1
2016-01-11,MOS,2.778,long,-5.83,0.03
2016-01-20,MU,2.577,long,-59.86,0.22
2016-01-20,CF,2.27,long,-1.59,0.01
2016-01-20,CMI,2.427,long,-1.48,0.04
2016-01-20,NTAP,2.2569,long,-0.27,0.0
2016-01-20,KMI,2.2392,long,-0.17,0.0
2016-01-20,AXP,2.5238,long,-6.33,0.2
2016-01-20,KEYS,2.553,long,-11.89,0.11
2016-01-20,ADM,2.7491,long,-4.8,0.03
2016-01-20,FTNT,2.877,long,-2.8,0.02
2016-01-20,CMG,2.8614,long,-0.54,0.01
2016-01-20,WMT,2.7734,long,0.05,0.01
2016-01-20,AXON,3.1183,long,-1.8,0.01
2016-01-20,AKAM,2.937,long,-0.91,0.01
2016-01-20,WSM,3.335,long,-1.64,0.01
2016-01-20,FFIV,3.4638,long,-0.3,0.0
2016-01-20,WDC,3.6237,long,-2.01,0.01
2016-01-20,DECK,3.7639,long,-0.99,0.01
2016-04-21,AME,2.4083,long,218.12,4.77
2016-04-21,CMG,2.4599,long,-66.71,2.38
2016-04-21,AXP,2.559,long,132.83,1.61
2016-04-21,FTNT,2.8984,long,329.94,4.15
2016-04-21,AIG,2.979,long,30.62,0.59
2016-04-21,BG,2.9575,long,20.81,0.3
2016-04-21,TYL,3.3523,long,1642.07,11.52
2016-04-21,INCY,3.4559,long,1097.08,11.33
2016-04-21,MCK,3.8221,long,1547.64,10.88
2016-04-21,REGN,3.1407,long,931.53,10.9
2016-04-21,COR,3.0623,long,407.07,7.76
2016-05-05,HBAN,2.6342,long,221.56,5.11
2016-05-05,LYV,2.8029,long,989.99,11.85
2016-05-05,CF,2.7098,long,684.43,11.7
2016-05-05,AXON,4.7312,long,-119.67,13.04
2016-05-05,SW,2.9577,long,747.88,27.85
2016-05-05,KKR,2.5837,long,-68.9,2.72
2016-05-05,PNC,2.4892,long,-152.96,5.08
2016-05-19,CIEN,2.5933,long,-794.06,11.31
2016-05-19,RL,2.3071,long,-68.48,0.94
2016-05-19,CNC,2.3214,long,-86.12,0.67
2016-05-19,MNST,3.1026,long,2011.63,10.57
2016-05-19,NOW,2.0681,long,-144.31,5.48
2016-05-19,ZBRA,4.9624,long,-2790.94,11.45
2016-05-19,URI,5.4525,long,1371.03,10.92
2016-05-19,HLT,2.7737,long,-736.41,10.57
2016-05-19,SWKS,3.5094,long,-1547.86,10.59
2016-06-03,REGN,3.072,long,61.95,0.69
2016-06-03,VTRS,3.2912,long,356.86,3.17
2016-06-03,INCY,3.395,long,1060.47,4.31
2016-06-03,WDC,2.9192,long,2773.92,8.99
2016-06-03,VRTX,3.5742,long,2003.21,12.47
2016-06-03,CTSH,3.7314,long,581.93,12.03
2016-06-03,CMG,4.1712,long,-11.39,12.09
2016-06-03,JBL,3.4838,long,1639.23,12.66
2016-06-17,WSM,4.2035,long,1108.57,11.97
2016-06-17,CF,3.9372,long,-135.79,12.05
2016-06-17,BX,3.644,long,-166.6,11.72
2016-06-17,NTAP,3.5478,long,636.6,11.79
2016-06-17,KMI,3.254,long,589.47,8.46
2016-06-17,NKE,2.8806,long,-233.71,5.32
2016-06-17,CI,2.8539,long,200.01,9.52
2016-07-01,GILD,3.0493,long,-33.33,1.26
2016-07-01,UAL,2.6637,long,-7.17,0.09
2016-07-01,AME,3.0454,long,-11.07,0.38
2016-07-01,SWKS,3.1351,long,-183.07,2.22
2016-07-01,STX,4.0581,long,32.41,2.25
2016-07-01,CBOE,3.18,long,128.66,2.26
2016-07-01,MOS,3.3007,long,118.57,2.27
2016-07-01,FSLR,3.157,long,-71.29,2.25
2016-07-18,NCLH,2.8684,long,-10.75,0.18
2016-07-18,ABT,2.8808,long,36.14,0.26
2016-07-18,KKR,2.9474,long,10.63,0.28
2016-07-18,ZBRA,4.3486,long,-31.63,0.27
2016-07-18,CMG,4.1428,long,9.53,0.27
2016-07-18,COR,3.2473,long,38.01,0.27
2016-07-18,TRGP,2.8272,long,2.42,0.09
2016-07-18,BLDR,2.588,long,55.21,0.36
2016-08-01,REGN,3.9076,long,147.86,0.56
2016-08-01,VLO,4.3446,long,9.41,0.56
2016-08-01,PANW,4.3373,long,28.2,0.57
2016-08-01,TGT,3.9342,long,50.74,0.55
2016-08-01,AAPL,3.7933,long,66.77,0.55
2016-08-01,BX,3.3752,long,49.68,0.58
2016-08-01,CF,3.5285,long,12.03,0.59
2016-08-01,VTRS,3.5151,long,47.15,0.57
2016-08-15,CVS,3.6996,long,1.9,5.28
2016-08-15,AMCR,3.1623,long,70.38,6.92
2016-08-29,MOS,2.4493,long,494.37,14.25
2016-08-29,NKE,2.8879,long,756.94,13.56
2016-08-29,SW,2.9567,long,-27.42,24.45
2016-08-29,CTSH,3.4258,long,53.06,13.67
2016-08-29,NRG,3.5968,long,-1377.23,14.89
2016-08-29,WBD,3.7163,long,278.42,14.06
2016-08-29,ZBRA,3.9693,long,5005.98,15.01
2016-08-29,TRGP,5.0514,long,2994.35,14.53
2016-09-13,DE,2.4441,long,-42.32,0.46
2016-09-13,ACN,2.5428,long,-12.63,0.55
2016-09-13,SYF,2.5657,long,-10.82,0.43
2016-09-13,INCY,4.2514,long,-367.02,14.91
2016-09-13,CMG,3.7131,long,912.48,14.2
2016-09-13,FSLR,3.9051,long,-990.71,14.9
2016-09-13,PSA,2.8396,long,-1020.56,13.6
2016-09-27,HIG,3.3473,long,1059.06,14.37
2016-09-27,GILD,3.1012,long,-95.9,14.22
2016-09-27,SMCI,3.0558,long,1650.71,17.91
2016-09-27,TROW,2.8817,long,-782.29,14.45
2016-09-27,DAL,2.6845,long,1250.13,14.57
2016-09-27,REGN,2.5519,long,611.61,14.5
2016-10-11,BMY,3.1363,long,-1143.26,8.87
2016-10-11,FAST,3.211,long,-131.78,9.71
2016-10-11,IBKR,2.8291,long,203.5,4.38
2016-10-11,CF,3.7815,long,-647.98,9.95
2016-10-11,NCLH,5.0248,long,826.38,9.85
2016-10-11,EXR,3.6496,long,-337.39,9.71
2016-10-25,FSLR,4.0288,long,901.34,10.02
2016-10-25,RL,3.2339,long,92.81,9.82
2016-10-25,KR,2.97,long,284.5,9.5
2016-10-25,NVR,2.9952,long,-590.1,9.65
2016-10-25,TGT,3.061,long,-26.72,9.44
2016-10-25,CVS,2.9055,long,-328.12,9.41
2016-10-25,PSA,2.8212,long,-230.49,3.67
2016-11-08,WSM,3.9482,long,-264.11,5.74
2016-11-08,TTD,3.5305,long,-563.79,8.26
2016-11-08,CPB,3.4019,long,175.17,5.67
2016-11-08,SMCI,3.2846,long,16.11,7.07
2016-11-08,KMI,2.996,long,-277.47,5.67
2016-11-08,REGN,2.9108,long,-379.55,5.69
2016-11-08,TSCO,2.8277,long,-177.87,4.39
2016-11-22,NCLH,2.7878,long,373.54,5.66
2016-11-22,BLDR,2.6902,long,2761.09,13.83
2016-11-22,LEN,2.85,long,277.86,5.58
2016-11-22,TPR,2.7138,long,209.49,2.32
2016-11-22,CAH,2.9042,long,-419.07,5.53
2016-11-22,ORCL,2.8679,long,277.45,5.42
2016-12-07,CLX,3.3308,long,176.19,13.13
2016-12-07,GILD,3.292,long,-235.91,12.91
2016-12-07,REG,3.0299,long,-415.99,9.32
2016-12-07,KDP,3.0094,long,71.39,3.52
2016-12-07,DLTR,2.9478,long,86.74,0.53
2016-12-07,KMB,2.9402,long,0.88,0.05
2016-12-07,F,2.8663,long,190.95,2.12
2016-12-07,WFC,2.8192,long,151.54,1.21
2016-12-21,WELL,3.2838,long,75.47,1.72
2016-12-21,MKC,3.0356,long,201.28,15.31
2016-12-21,PPL,3.1096,long,22.63,0.62
2016-12-21,SW,3.2895,long,14.96,0.52
2016-12-21,MCO,2.9725,long,-233.06,14.99
2016-12-21,EL,3.6255,long,20.3,11.12
2016-12-21,LULU,3.8272,long,2966.1,14.62
2016-12-21,FSLR,3.2924,long,74.16,0.6
2016-12-21,PPG,4.3645,long,-107.49,13.87
2017-01-06,EW,3.9799,long,1312.0,7.29
2017-01-06,STE,3.1026,long,14.72,0.43
2017-01-06,SPG,4.003,long,255.41,7.14
2017-01-06,VTRS,4.3396,long,644.38,7.27
2017-01-06,ZBH,3.0673,long,29.6,7.31
2017-01-06,MCK,2.9841,long,335.51,7.27
2017-01-23,CL,3.1733,long,146.09,6.87
2017-01-23,NWS,3.1898,long,257.85,8.09
2017-01-23,DXCM,3.2567,long,1904.61,7.85
2017-01-23,REGN,4.0702,long,-351.68,7.41
2017-01-23,KMB,3.3371,long,164.92,7.34
2017-01-23,REG,3.4224,long,322.81,7.56
2017-01-23,GILD,3.3219,long,-371.06,7.3
2017-02-06,MDT,3.5824,long,1081.25,14.73
2017-02-06,WAT,3.8624,long,1015.15,15.16
2017-02-06,NWSA,3.148,long,443.37,15.76
2017-02-06,EL,3.4859,long,840.55,14.97
2017-02-06,ISRG,3.0545,long,1789.95,14.86
2017-02-06,SJM,3.1148,long,1112.9,14.96
2017-02-06,CSGP,3.0338,long,1005.35,15.46
2017-02-06,IFF,2.9288,long,232.99,15.14
2017-02-21,FSLR,4.3555,long,871.87,16.6
2017-02-21,EW,3.5358,long,-509.74,15.36
2017-02-21,TYL,3.1598,long,849.97,16.04
2017-02-21,FE,2.9337,long,447.63,10.86
2017-02-21,CPAY,2.7381,long,263.66,2.34
2017-02-21,EFX,2.7336,long,230.04,2.46
2017-02-21,DHI,2.7125,long,2.62,0.07
2017-02-21,FRT,2.6371,long,28.51,2.41
2017-02-21,OXY,2.6059,long,-505.11,15.57
2017-02-21,AMT,2.4191,long,972.04,15.64
2017-03-07,EXPE,2.5638,long,157.94,15.38
2017-03-07,KO,2.6503,long,168.0,15.3
2017-03-07,ACN,2.6481,long,1468.97,15.39
2017-03-07,GILD,3.5643,long,-720.82,15.38
2017-03-07,KIM,2.8555,long,-1443.45,15.81
2017-03-21,EQT,2.4097,long,-347.6,4.88
2017-03-21,MNST,3.5487,long,1142.87,16.1
2017-03-21,TSCO,3.2122,long,-1125.45,15.85
2017-03-21,TGT,3.8701,long,-3330.84,15.7
2017-03-21,LULU,2.6927,long,-1107.52,16.09
2017-03-21,VTR,2.5924,long,-424.62,15.92
2017-03-21,RL,2.451,long,-145.1,16.24
2017-03-21,VRSN,2.6566,long,868.87,15.78
2017-04-04,QCOM,3.8974,long,5.17,15.55
2017-04-04,OXY,3.7997,long,-242.73,15.65
2017-04-04,AZO,3.4809,long,-614.63,15.67
2017-04-04,SMCI,3.0043,long,-89.32,18.88
2017-04-04,CVS,2.8616,long,-36.18,0.82
2017-04-04,PPG,2.7826,long,9.29,0.36
2017-04-04,FRT,4.1298,long,-182.05,16.07
2017-04-19,CPB,3.0899,long,-117.21,7.72
2017-04-19,SPG,2.9861,long,280.7,7.63
2017-04-19,GILD,3.4298,long,-314.82,7.58
2017-04-19,DECK,2.7929,long,432.22,8.1
2017-04-19,APA,2.7128,long,-336.87,7.75
2017-04-19,MCK,2.9513,long,-654.09,7.66
2017-05-03,TSN,2.9211,long,4.24,0.35
2017-05-03,GPC,3.242,long,175.9,7.7
2017-05-03,FSLR,4.3744,long,2396.23,7.95
2017-05-03,BALL,2.9024,long,1017.75,15.77
2017-05-03,GIS,2.9314,long,-345.06,7.08
2017-05-03,TAP,3.2288,long,-391.65,7.6
2017-05-03,KR,3.0018,long,19.08,7.59
2017-05-03,TGT,3.4542,long,533.61,7.58
2017-05-17,CVS,2.9785,long,-393.16,15.37
2017-05-17,AZO,3.6984,long,-732.47,15.53
2017-05-17,PANW,3.6268,long,814.21,15.66
2017-05-17,PSX,3.0273,long,365.98,15.54
2017-05-17,EW,3.002,long,2842.57,15.75
2017-05-17,OXY,2.9575,long,-709.8,15.53
2017-06-01,SJM,3.7273,long,379.94,7.98
2017-06-01,FE,2.5984,long,1.71,0.1
2017-06-01,SLB,3.3833,long,-208.74,7.94
2017-06-01,KIM,2.6812,long,-1233.91,8.19
2017-06-01,HRL,2.9215,long,-232.89,8.13
2017-06-01,QCOM,3.2372,long,840.95,7.95
2017-06-01,APA,2.7637,long,-192.22,8.18
2017-06-15,GWW,3.5667,long,-119.76,7.79
2017-06-15,TSCO,3.554,long,-372.72,7.91
2017-06-15,MOS,3.033,long,-399.11,8.06
2017-06-15,GILD,2.9517,long,-81.67,7.68
2017-06-15,GE,2.8324,long,330.4,7.66
2017-06-15,RL,2.83,long,-152.47,4.29
2017-06-15,IBKR,2.7805,long,87.59,1.35
2017-06-15,FDS,2.7498,long,41.92,0.85
2017-06-15,GIS,2.7229,long,13.78,0.34
2017-06-29,LULU,3.0506,long,16.0,0.11
2017-06-29,SYF,3.2186,long,21.66,0.21
2017-06-29,GNRC,3.2231,long,74.97,2.04
2017-06-29,F,3.176,long,-0.37,0.02
2017-06-29,FCX,3.2679,long,635.88,11.41
2017-06-29,IBM,3.6483,long,92.8,11.1
2017-06-29,JBHT,3.2592,long,701.79,11.47
2017-07-14,AKAM,4.0318,long,209.36,5.68
2017-07-14,CHRW,3.709,long,170.44,5.66
2017-07-14,COF,3.652,long,213.72,5.58
2017-07-14,DVN,3.252,long,-67.79,5.78
2017-07-14,ADM,3.1331,long,-79.19,5.64
2017-07-28,VZ,3.5175,long,346.72,4.57
2017-07-28,TSCO,4.6425,long,324.47,4.74
2017-07-28,GWW,3.6064,long,-356.34,4.69
2017-07-28,MOS,3.9882,long,331.5,4.84
2017-07-28,FFIV,3.3918,long,-280.49,4.69
2017-07-28,SJM,3.4428,long,91.45,4.63
2017-07-28,CPB,3.2429,long,0.99,4.67
2017-07-28,RL,3.4783,long,144.33,4.64
2017-08-11,TAP,3.6011,long,342.88,9.09
2017-08-11,GIS,3.3678,long,580.37,9.1
2017-08-11,SYF,3.4835,long,5.84,9.16
2017-08-11,IBM,3.3365,long,-793.3,8.99
2017-08-11,GNRC,3.3046,long,396.02,10.01
2017-08-11,KMI,3.3283,long,-169.48,9.14
2017-08-25,KR,4.3167,long,-377.29,3.78
2017-08-25,DXCM,3.7055,long,558.56,3.91
2017-08-25,SLB,3.6788,long,-74.34,1.22
2017-08-25,ROST,3.3814,long,4.2,0.05
2017-08-25,BMY,2.9133,long,2.36,0.04
2017-08-25,OMC,2.8481,long,-3.7,0.04
2017-09-11,GWW,3.0102,long,-2.54,0.58
2017-09-11,CPB,2.8071,long,-70.83,0.58
2017-09-11,CAG,3.0468,long,-3.71,0.57
2017-09-11,AZO,3.1924,long,2.5,0.57
2017-09-11,DVN,3.1272,long,1.24,0.58
2017-09-11,GPC,3.508,long,27.32,0.58
2017-09-11,MOS,3.4205,long,-23.98,0.59
2017-09-11,CMG,3.3118,long,-15.23,0.26
2017-09-11,GE,3.7028,long,-41.71,0.56
2017-09-25,HAL,3.0749,long,223.75,1.39
2017-09-25,QCOM,3.2069,long,-35.18,1.39
2017-09-25,AKAM,3.4333,long,79.68,1.42
2017-09-25,STX,4.1956,long,100.78,1.43
2017-09-25,FFIV,3.3038,long,13.44,1.41
2017-10-09,IBM,2.9683,long,162.73,5.74
2017-10-09,APA,3.6233,long,1023.37,5.94
2017-10-09,WBD,3.4993,long,-175.8,5.95
2017-10-09,DVA,3.1517,long,-551.46,5.96
2017-10-09,MO,3.1115,long,92.07,5.76
2017-10-09,KHC,2.899,long,-43.92,0.67
2017-10-23,CAH,3.0251,long,-132.22,9.67
2017-10-23,KMB,2.9972,long,-469.1,9.57
2017-10-23,VTRS,3.0644,long,2345.46,9.79
2017-10-23,HRL,3.0561,long,-397.41,9.71
2017-10-23,DOC,3.1594,long,-770.59,9.56
2017-10-23,CMG,3.6439,long,229.83,9.56
2017-10-23,MDLZ,3.1124,long,133.04,5.41
2017-11-06,WAB,3.1193,long,156.5,8.18
2017-11-06,INCY,3.2654,long,-702.73,8.09
2017-11-06,KR,3.6604,long,232.82,7.99
2017-11-06,MOS,3.9565,long,619.01,8.24
2017-11-06,AKAM,2.829,long,530.35,8.1
2017-11-06,GWW,2.8974,long,1109.32,8.07
2017-11-06,SJM,3.0143,long,-374.72,8.08
2017-11-20,SLB,3.7999,long,-209.34,8.03
2017-11-20,KHC,3.5796,long,339.81,8.02
2017-11-20,KMI,3.5416,long,-633.76,8.07
2017-11-20,TAP,3.3855,long,-463.68,8.16
2017-11-20,CHD,3.0646,long,-263.46,7.13
2017-12-05,KMB,3.7554,long,1802.61,15.85
2017-12-05,SATS,3.4376,long,2132.82,20.09
2017-12-05,BKR,3.0973,long,-425.73,16.79
2017-12-05,EFX,3.4632,long,885.73,15.94
2017-12-05,WBD,3.27,long,3538.04,17.1
2017-12-05,GIS,3.4112,long,2068.95,16.03
2017-12-05,DGX,3.1282,long,724.88,16.04
2017-12-05,DXCM,3.9456,long,3072.73,16.8
2017-12-19,SMCI,3.1645,long,55.93,20.2
2017-12-19,INCY,3.6409,long,-1179.6,11.23
2017-12-19,EG,3.6535,long,-574.98,15.75
2017-12-19,UAL,3.918,long,1767.29,15.55
2017-12-19,BG,3.7682,long,402.01,15.74
2017-12-19,PCG,3.5713,long,-32.9,2.07
2017-12-19,PM,3.5258,long,23.64,0.53
2017-12-19,DOC,3.4138,long,-67.88,2.62
2017-12-19,HCA,3.3462,long,110.76,1.39
2018-01-04,WELL,4.161,long,-1128.8,16.21
2018-01-04,REGN,3.2295,long,181.51,16.29
2018-01-04,TAP,3.9718,long,262.95,16.46
2018-01-04,GE,4.0307,long,721.32,16.05
2018-01-19,BKR,3.5001,long,2059.98,17.35
2018-01-19,MRK,3.3877,long,1630.3,16.72
2018-01-19,JCI,3.2567,long,638.7,16.98
2018-01-19,PPL,3.1358,long,-1117.74,17.01
2018-01-19,AVB,3.0429,long,-1436.1,17.02
2018-01-19,EXPE,2.9401,long,559.19,16.93
2018-02-02,BEN,3.4326,long,-443.88,6.3
2018-02-02,BSX,2.8731,long,525.47,6.29
2018-02-02,DOC,3.0251,long,-543.7,6.36
2018-02-02,MDLZ,2.8055,long,131.94,1.87
2018-02-02,CIEN,2.8635,long,124.14,6.5
2018-02-02,MAA,2.8145,long,-517.2,6.45
2018-02-02,INCY,3.6426,long,-1072.83,6.5
2018-02-05,ACGL,3.6022,long,-108.95,9.86
2018-02-05,GE,4.5979,long,-275.8,3.51
2018-02-05,SRE,3.4534,long,-55.29,9.39
2018-02-05,EQT,3.3265,long,-292.44,9.65
2018-02-05,KIM,3.9857,long,-394.57,3.62
2018-02-05,EIX,4.0521,long,-15.89,9.44
2018-02-05,PCG,5.2004,long,-147.21,9.5
2018-02-05,REGN,3.6308,long,-272.57,3.57
2018-02-05,BALL,3.5674,long,-19.07,0.44
2018-02-05,PSA,3.5543,long,-46.77,9.54
2018-02-05,TTD,4.5604,long,-267.13,3.94
2018-02-05,AIZ,3.5055,long,-265.11,10.01
2018-02-08,ESS,3.7058,long,-3.86,0.14
2018-02-08,GEN,3.3266,long,-0.02,0.0
2018-02-08,HAS,4.3453,long,17.27,0.14
2018-02-08,LITE,3.2867,long,1.13,0.01
2018-03-19,EIX,4.7343,long,0.0,0.0
2018-03-19,GE,4.1687,long,-0.0,0.0
2018-03-19,INCY,5.9938,long,0.0,0.0
2018-03-19,KHC,3.4692,long,-0.0,0.0
2018-03-19,PCG,6.8769,long,0.0,0.0
2018-03-19,KIM,5.8201,long,-0.0,0.0
2018-03-19,WELL,2.768,long,-0.0,0.0
2018-03-19,DXCM,2.8583,long,0.0,0.0
2018-03-19,FSLR,3.0102,long,0.0,0.0
2018-03-19,AMCR,2.6292,long,-0.0,0.0
2018-03-19,APA,2.4463,long,-0.0,0.0
2018-04-03,IRM,2.5261,long,0.0,0.0
2018-04-03,MAA,2.5372,long,0.0,0.0
2018-04-03,ULTA,3.8348,long,0.0,0.0
2018-04-03,BKR,2.9015,long,0.0,0.0
2018-04-03,PPL,2.7283,long,0.0,0.0
2018-04-17,HOLX,3.2397,long,0.0,0.0
2018-04-17,REGN,3.3654,long,-0.0,0.0
2018-04-17,REG,3.404,long,0.0,0.0
2018-04-17,HSY,3.1259,long,-0.0,0.0
2018-04-17,KMI,3.6364,long,-0.0,0.0
2018-04-17,CVS,3.8342,long,0.0,0.0
2018-04-17,BEN,3.943,long,-0.0,0.0
2018-04-17,GEN,3.6361,long,0.0,0.0
2018-05-01,ALB,3.7509,long,0.0,0.0
2018-05-01,DVN,3.789,long,0.0,0.0
2018-05-01,EQT,3.7553,long,0.0,0.0
2018-05-01,SMCI,4.4228,long,0.0,0.0
2018-05-01,AMD,3.74,long,0.0,0.0
2018-05-01,HAS,3.7094,long,0.0,0.0
2018-05-01,KIM,3.3247,long,0.0,0.0
2018-05-01,CTRA,3.0491,long,0.0,0.0
2018-05-15,EXPE,3.0305,long,0.05,0.0
2018-05-15,CRH,3.3823,long,0.13,0.0
2018-05-15,CMCSA,3.4173,long,-0.11,0.0
2018-05-15,TAP,3.1532,long,-0.37,0.0
2018-05-15,IT,3.4736,long,0.32,0.0
2018-05-15,GE,3.8736,long,0.21,0.0
2018-05-15,PPL,3.4307,long,-0.07,0.0
2018-05-30,HWM,2.8638,long,30.38,1.85
2018-05-30,ORCL,2.897,long,38.67,0.99
2018-05-30,GIS,3.0622,long,-29.05,1.14
2018-05-30,KHC,3.6534,long,54.04,1.14
2018-05-30,REGN,4.0336,long,-9.74,1.15
2018-05-30,CB,3.3166,long,-32.14,1.13
2018-06-13,GM,3.7552,long,1913.15,8.01
2018-06-13,IVZ,3.7954,long,-338.28,8.13
2018-06-13,SATS,3.4004,long,-542.33,5.36
2018-06-13,INCY,4.5883,long,487.9,8.23
2018-06-13,ALB,4.1231,long,-439.9,8.12
2018-06-13,BMY,3.3218,long,69.43,3.47
2018-06-13,HSY,3.2383,long,-84.12,2.88
2018-06-13,CL,3.1445,long,113.04,9.62
2018-06-13,ACGL,3.0997,long,528.6,9.94
2018-06-13,CPB,3.0836,long,159.14,10.2
2018-06-27,ITW,2.7349,long,-97.78,2.44
2018-06-27,GLW,2.7871,long,-0.6,0.02
2018-06-27,CBOE,2.7245,long,9.58,0.64
2018-06-27,MO,2.954,long,1.46,4.08
2018-06-27,TRMB,2.9867,long,-850.35,13.3
2018-06-27,JNJ,2.8443,long,-13.15,3.87
2018-07-12,PPG,2.8113,long,17.74,16.39
2018-07-12,IFF,2.7467,long,541.36,16.51
2018-07-12,CAH,2.971,long,-488.95,5.61
2018-07-12,CMI,2.8067,long,-911.12,16.45
2018-07-12,PCG,3.2927,long,1926.07,16.71
2018-07-12,HWM,3.4975,long,-683.11,16.99
2018-07-12,REGN,3.7856,long,3206.79,16.47
2018-07-12,TMUS,2.9757,long,757.15,16.32
2018-07-26,GEN,3.9403,long,127.72,16.37
2018-07-26,LUV,3.7284,long,1882.11,16.39
2018-07-26,PFG,3.4918,long,68.48,3.01
2018-07-26,GD,3.4615,long,565.18,6.77
2018-07-26,CB,3.3725,long,101.94,1.14
2018-07-26,SATS,3.3077,long,21.72,1.97
2018-07-26,ALB,2.921,long,-408.3,9.33
2018-07-26,IBM,2.9158,long,314.13,8.03
2018-08-09,ROK,2.6369,long,733.22,16.62
2018-08-09,IVZ,2.7165,long,-849.14,16.97
2018-08-09,TSN,2.8769,long,-1725.3,16.69
2018-08-09,CBOE,2.9564,long,-1834.6,16.9
2018-08-09,CL,2.891,long,174.45,16.44
2018-08-09,CI,2.8872,long,1364.87,16.33
2018-08-09,DLTR,3.1443,long,1461.73,16.48
2018-08-23,CMI,2.8523,long,234.58,5.89
2018-08-23,FSLR,2.8914,long,-385.28,8.44
2018-08-23,CCL,3.1847,long,547.04,8.2
2018-08-23,CAH,3.1739,long,335.16,8.33
2018-08-23,WDC,3.0724,long,-1450.71,8.28
2018-08-23,IFF,2.7374,long,0.84,1.55
2018-08-23,YUM,2.7005,long,99.5,1.61
2018-09-07,INCY,3.7394,long,817.81,8.69
2018-09-07,GEN,4.1693,long,164.87,8.67
2018-09-07,NWS,3.3573,long,-1363.91,10.11
2018-09-07,AOS,3.2076,long,-18.35,8.63
2018-09-07,MCK,3.1051,long,416.51,8.56
2018-09-07,NEM,3.061,long,-1558.88,8.54
2018-09-07,GS,2.6938,long,-89.77,7.13
2018-09-21,AVGO,2.8667,long,3523.44,16.66
2018-09-21,IBKR,2.9061,long,-1060.71,18.02
2018-09-21,EBAY,3.5851,long,-408.45,16.73
2018-09-21,GD,3.3,long,1143.82,16.75
2018-09-21,SMCI,3.0502,long,6492.16,21.8
2018-09-21,ITW,2.7677,long,404.05,4.14
2018-09-21,IVZ,2.8245,long,-214.18,17.58
2018-09-21,NOC,3.0307,long,599.37,16.73
2018-09-21,SWKS,3.2486,long,-89.56,16.92
2018-10-05,WDC,3.8657,long,-456.16,17.27
2018-10-05,GE,3.6211,long,1161.1,17.01
2018-10-05,HAL,3.1757,long,2807.09,17.18
2018-10-05,EG,3.1197,long,152.08,4.33
2018-10-05,AMAT,2.9923,long,-50.37,0.63
2018-10-05,VMC,2.8994,long,54.75,1.39
2018-10-05,TSN,2.7645,long,-102.58,2.36
2018-10-19,FSLR,3.3379,long,-56.16,0.69
2018-10-19,NVR,3.3088,long,-117.48,0.68
2018-10-19,NWSA,3.4437,long,26.42,0.68
2018-10-19,GEN,3.4441,long,-41.78,0.67
2018-10-19,BLDR,3.389,long,-168.25,0.76
2018-11-02,EBAY,3.1427,long,-0.09,0.0
2018-11-02,SBAC,3.1204,long,0.08,0.0
2018-11-02,LVS,3.053,long,-0.03,0.0
2018-11-02,WYNN,3.283,long,-0.11,0.0
2018-11-02,LEN,3.3029,long,-0.03,0.0
2018-11-02,WY,3.3092,long,-0.11,0.0
2018-11-02,KHC,3.2178,long,-0.1,0.0
2018-11-16,PHM,3.0907,long,0.03,0.0
2018-11-16,NXPI,3.2335,long,0.0,0.0
2018-11-16,ON,3.2362,long,0.02,0.0
2018-11-16,MAS,3.064,long,0.0,0.0
2018-11-16,TER,3.3132,long,0.01,0.0
2018-11-16,AMAT,3.6172,long,0.0,0.0
2018-11-16,WDC,3.788,long,-0.01,0.0
2018-11-16,IBKR,3.2657,long,0.0,0.0
2018-12-03,HIG,3.4369,long,-0.02,0.0
2018-12-03,HAL,4.7305,long,-0.04,0.0
2018-12-03,NWS,3.4571,long,0.01,0.0
2018-12-03,NVR,3.3186,long,0.0,0.0
2018-12-03,BKR,4.0796,long,-0.06,0.0
2018-12-03,ABBV,3.2378,long,0.0,0.0
2018-12-03,LYB,3.1896,long,0.0,0.0
2018-12-03,VTRS,3.1646,long,0.0,0.0
2018-12-03,FSLR,3.3457,long,0.0,0.0
2018-12-14,JBHT,2.6722,long,-49.22,0.33
2018-12-14,LEN,2.3924,long,-3.04,0.28
2018-12-14,AIG,2.3767,long,-34.05,0.68
2018-12-14,NOC,2.4517,long,0.24,0.03
2018-12-14,WDC,2.5676,long,-30.19,0.17
2018-12-14,WY,2.6369,long,-33.07,0.32
2018-12-14,BG,2.6469,long,-4.91,0.33
2018-12-14,EA,2.8812,long,-23.39,0.32
2018-12-14,MAS,2.4136,long,-18.57,0.83
2018-12-14,IBM,2.7572,long,0.41,0.02
2018-12-14,DLTR,2.995,long,0.39,0.01
2018-12-14,TROW,3.058,long,-0.24,0.01
2018-12-14,PCG,3.3102,long,0.11,0.0
2018-12-14,META,3.3619,long,0.09,0.0
2018-12-14,SLB,3.9212,long,-0.85,0.0
2018-12-14,IVZ,4.4483,long,-0.67,0.0
2018-12-14,TPR,2.69,long,-0.38,0.0
2019-03-18,DVN,2.4629,long,28.32,0.79
2019-03-18,STZ,2.5131,long,54.99,1.6
2019-03-18,FDX,2.6521,long,3.27,0.44
2019-03-18,NVDA,2.6641,long,31.4,0.37
2019-03-18,WAB,2.86,long,-28.11,6.94
2019-03-18,CAG,2.7946,long,-276.14,6.64
2019-03-18,IVZ,2.8802,long,684.53,6.79
2019-03-18,CVNA,2.9039,long,4736.14,7.55
2019-03-18,KHC,2.7728,long,-1816.76,5.04
2019-04-01,TXT,2.4366,long,-120.65,2.81
2019-04-01,CBOE,2.2586,long,377.21,17.35
2019-04-01,PCG,2.3365,long,-816.64,10.89
2019-04-01,WY,2.6369,long,639.25,7.6
2019-04-01,ABBV,3.0975,long,3.15,0.79
2019-04-01,VLO,2.8056,long,523.9,7.48
2019-04-01,DVA,2.8821,long,248.63,7.76
2019-04-01,DAL,2.8045,long,377.58,7.43
2019-04-15,WYNN,4.2171,long,4120.73,17.24
2019-04-15,TPR,2.6031,long,-43.91,17.44
2019-04-15,HAL,2.4746,long,2048.55,17.21
2019-04-15,GWW,2.4626,long,434.25,17.28
2019-04-15,RMD,2.4028,long,481.96,17.27
2019-04-15,GD,2.1721,long,221.26,17.01
2019-04-30,BMY,3.4811,long,-647.03,16.91
2019-04-30,HAS,3.032,long,204.65,0.97
2019-04-30,CI,3.2214,long,-5.0,0.19
2019-04-30,KHC,5.2241,long,228.47,17.06
2019-04-30,MGM,3.4564,long,392.36,17.58
2019-04-30,SATS,3.4531,long,1555.12,19.25
2019-04-30,TTWO,3.318,long,60.35,3.98
2019-04-30,CVS,4.2322,long,54.71,17.05
2019-05-14,MOS,3.3891,long,-2344.43,14.8
2019-05-14,CNC,3.3793,long,468.99,14.46
2019-05-14,GE,3.4009,long,2230.87,14.24
2019-05-14,VTRS,3.9773,long,-3787.94,14.82
2019-05-14,BG,4.292,long,-17.83,14.74
2019-05-14,GILD,3.4139,long,-92.95,14.19
2019-05-29,BKR,3.1877,long,-728.13,4.52
2019-05-29,NWSA,3.5018,long,-321.18,4.5
2019-05-29,STLD,3.7214,long,-782.63,4.57
2019-05-29,BIIB,4.3045,long,-134.49,4.33
2019-05-29,HAL,4.0697,long,-964.64,4.38
2019-05-29,TPR,3.9744,long,-454.46,4.49
2019-06-12,WFC,3.0185,long,-11.15,0.6
2019-06-12,LYB,3.2097,long,28.32,0.39
2019-06-12,COP,3.0189,long,-8.05,0.13
2019-06-12,MPC,3.1535,long,-59.25,0.64
2019-06-12,SLB,3.319,long,-51.27,0.61
2019-06-12,KHC,4.9578,long,-70.61,1.05
2019-06-12,ALB,3.4149,long,53.68,1.08
2019-06-12,MU,3.5084,long,-153.06,1.04
2019-06-12,FFIV,3.649,long,-8.2,1.07
2019-06-12,OXY,3.3674,long,-117.37,1.04
2019-06-26,CI,3.2319,long,116.61,1.85
2019-06-26,STT,4.478,long,-159.08,3.21
2019-06-26,MOS,3.7201,long,500.74,3.35
2019-06-26,CHRW,3.5947,long,43.49,0.73
2019-06-26,JBHT,3.1809,long,40.36,1.03
2019-07-11,VTRS,3.4334,long,1412.91,15.13
2019-07-11,REGN,3.5507,long,-829.11,15.39
2019-07-11,TSLA,3.2422,long,601.91,4.1
2019-07-11,BIIB,4.124,long,221.69,15.21
2019-07-11,FCX,4.0904,long,828.31,15.54
2019-07-11,HAL,4.242,long,1539.12,15.57
2019-07-25,OXY,4.6969,long,281.28,10.63
2019-07-25,EQT,4.4979,long,2.45,0.62
2019-07-25,NRG,3.9057,long,26.63,1.04
2019-07-25,KHC,3.7855,long,10.71,1.19
2019-07-25,SPG,3.7779,long,-9.23,1.04
2019-07-25,KR,3.5645,long,-8.81,0.56
2019-07-25,TKO,3.4121,long,16.87,1.01
2019-07-25,FOX,3.3961,long,603.84,16.41
2019-08-08,STT,4.9617,long,-207.19,9.77
2019-08-08,JBHT,3.7763,long,1701.14,9.96
2019-08-08,APA,3.5144,long,-1925.91,10.21
2019-08-08,GWW,3.3053,long,748.93,9.92
2019-08-08,AOS,3.2293,long,0.79,0.03
2019-08-08,TPR,3.2154,long,-13.71,0.25
2019-08-08,BK,3.1506,long,8.37,0.27
2019-08-22,CCL,3.4936,long,-17.94,0.4
2019-08-22,ADM,3.1236,long,-0.72,0.09
2019-08-22,NTAP,3.052,long,10.15,0.33
2019-08-22,SLB,3.1874,long,-45.6,0.62
2019-08-22,VTRS,4.4815,long,1.43,0.44
2019-08-22,CTSH,3.4237,long,-2.2,0.03
2019-08-22,BMY,3.3537,long,1.04,0.02
2019-09-06,ABBV,3.2973,long,0.0,0.0
2019-09-06,COP,3.3151,long,-0.03,0.01
2019-09-06,EQT,4.294,long,-1.34,0.01
2019-09-06,EOG,3.6766,long,-0.19,0.01
2019-09-06,SPG,3.2616,long,-0.18,0.01
2019-09-06,HST,3.2387,long,0.03,0.0
2019-09-06,OXY,3.116,long,0.22,0.01
2019-09-06,MPC,3.1113,long,1.02,0.01
2019-09-06,IBKR,3.0655,long,1.69,0.02
2019-09-20,RL,3.5173,long,4.09,0.07
2019-09-20,PCG,3.4926,long,-4.04,0.07
2019-09-20,IVZ,3.2311,long,5.22,0.07
2019-09-20,ROL,3.697,long,2.81,0.07
2019-09-20,CNC,3.7313,long,-1.05,0.07
2019-09-20,STT,4.3754,long,12.59,0.07
2019-09-20,KHC,3.5993,long,7.86,0.07
2019-10-04,REGN,3.45,long,-139.05,4.82
2019-10-04,MO,3.8366,long,-282.74,4.72
2019-10-04,BIIB,3.3416,long,-16.32,4.75
2019-10-04,ALGN,6.0097,long,78.83,4.82
2019-10-04,CTRA,4.3789,long,205.63,4.86
2019-10-18,PTC,3.6304,long,-684.22,12.99
2019-10-18,NFLX,3.5312,long,-252.06,12.19
2019-10-18,GDDY,3.4823,long,-785.71,12.63
2019-10-18,RVTY,3.4727,long,-516.97,12.9
2019-10-18,FTV,3.4633,long,85.21,2.67
2019-11-01,FOX,2.8863,long,6.71,0.59
2019-11-01,WMB,2.9914,long,-29.01,2.82
2019-11-01,CNC,3.2121,long,653.65,3.61
2019-11-01,PSKY,3.3647,long,-71.85,2.62
2019-11-01,EQT,4.2628,long,1165.42,15.88
2019-11-01,PCG,3.6957,long,-132.93,0.36
2019-11-01,KHC,4.0341,long,3433.49,14.18
2019-11-01,OXY,3.559,long,107.67,4.62
2019-11-15,TPR,3.0238,long,1121.32,16.33
2019-11-15,EOG,4.0549,long,1726.23,15.93
2019-11-15,PFE,3.4327,long,380.95,15.64
2019-12-02,SPG,3.1469,long,-1081.83,16.96
2019-12-02,CSCO,3.2604,long,-1134.43,16.71
2019-12-02,MNST,3.2849,long,1238.19,16.81
2019-12-02,ULTA,3.3033,long,-116.52,17.07
2019-12-02,MOS,3.7832,long,-947.33,17.4
2019-12-02,DVN,4.0347,long,1043.68,16.81
2019-12-02,TPL,3.534,long,2024.06,20.94
2019-12-02,VTRS,3.4768,long,-41.4,0.56
2019-12-16,WDAY,3.0718,long,-55.72,1.49
2019-12-16,CLX,2.8321,long,73.82,1.9
2019-12-16,FSLR,2.8328,long,22.45,0.47
2019-12-16,FDS,3.1075,long,766.96,16.63
2019-12-16,AMZN,2.7748,long,-2.77,0.35
2019-12-16,PSKY,3.8039,long,829.16,16.53
2019-12-16,SJM,3.8829,long,-338.24,16.54
2019-12-16,VRSN,3.3165,long,353.98,16.53
2019-12-16,ERIE,3.2243,long,-1254.7,18.41
2019-12-31,CL,2.9897,long,3.26,0.13
2019-12-31,EBAY,3.1127,long,131.4,3.29
2019-12-31,PSA,3.4587,long,190.48,15.84
2019-12-31,TRV,3.7377,long,-24.24,15.75
2019-12-31,EQT,4.016,long,4092.71,18.5
2019-12-31,PCG,3.3079,long,7657.54,18.88
2019-12-31,CHD,3.1587,long,30.03,9.18
2019-12-31,EXC,3.2854,long,482.76,15.77
2019-12-31,CTRA,3.9728,long,1487.71,16.54
2020-01-15,DVN,3.0347,long,692.09,6.33
2020-01-15,ANET,3.6564,long,1819.18,17.28
2020-01-15,TXT,3.9042,long,654.38,17.55
2020-01-15,TKO,3.4542,long,-377.31,18.25
2020-01-15,OXY,4.5617,long,4515.87,17.21
2020-01-15,MOS,4.1027,long,2555.06,18.51
2020-01-30,ROL,2.9028,long,2922.89,17.36
2020-01-30,SJM,2.8961,long,491.24,16.98
2020-01-30,VTR,2.9414,long,217.75,16.86
2020-01-30,ERIE,3.2658,long,294.18,18.65
2020-01-30,IBM,3.227,long,561.07,16.54
2020-01-30,MRNA,3.0472,long,1921.84,19.68
2020-02-13,KHC,2.3196,long,-10.74,0.08
2020-02-13,EXPE,2.6133,long,-0.22,0.04
2020-02-13,PSA,3.8496,long,222.11,3.87
2020-02-13,YUM,3.3666,long,170.47,3.91
2020-02-13,BEN,3.2384,long,-161.61,3.99
2020-02-13,TSCO,3.081,long,388.29,3.93
2020-02-13,DLTR,2.7471,long,-5.68,0.53
2020-02-13,TRV,2.7797,long,7.06,3.89
2020-02-13,EBAY,3.5559,long,205.81,3.88
2020-02-27,APA,2.8567,long,-45.79,0.27
2020-02-27,CTRA,4.4459,long,-11.35,0.27
2020-02-27,PSKY,3.848,long,-89.59,0.26
2020-02-27,FRT,3.2221,long,-4.37,0.27
2020-02-27,ERIE,5.551,long,-5.72,0.28
2020-02-27,OMC,2.8631,long,-0.65,0.01
2020-02-27,DD,3.3932,long,-10.95,0.06
2020-02-27,FANG,2.9351,long,-13.31,0.06
2020-02-27,SPG,3.1196,long,-4.2,0.06
2020-02-27,CSCO,3.4276,long,-7.28,0.06
2020-02-27,EQT,4.5749,long,-11.82,0.07
2020-02-27,MOS,2.8876,long,-6.87,0.06
2020-03-03,VTR,3.9134,long,-1.29,0.01
2020-03-03,IRM,2.9559,long,-0.11,0.01
2020-03-03,TKO,3.1796,long,1.23,0.01
2020-03-27,IT,1.7417,long,-0.0,0.0
2020-03-27,EQT,1.7693,long,-0.0,0.0
2020-03-27,TSN,1.895,long,0.0,0.0
2020-03-27,F,1.9945,long,-0.0,0.0
2020-04-13,EXPE,2.2045,long,-0.0,0.0
2020-04-13,VTRS,2.1301,long,0.0,0.0
2020-04-13,TKO,2.0059,long,0.0,0.0
2020-04-13,RCL,1.9153,long,-0.0,0.0
2020-04-13,BEN,1.7824,long,-0.0,0.0
2020-04-27,OTIS,1.8961,long,-0.0,0.0
2020-04-27,MPC,1.9393,long,-0.0,0.0
2020-04-27,APA,1.9904,long,0.02,0.0
2020-04-27,PSKY,2.5504,long,0.0,0.0
2020-04-27,DVN,2.3043,long,0.0,0.0
2020-04-27,DD,2.6315,long,0.0,0.0
2020-04-27,LYV,1.9956,long,0.0,0.0
2020-05-11,HAL,2.6902,long,0.0,0.0
2020-05-11,LUV,1.9448,long,-0.01,0.0
2020-05-11,IT,1.6349,long,0.0,0.0
2020-05-11,EG,1.5092,long,0.0,0.0
2020-05-22,HII,1.6644,long,0.02,0.0
2020-05-22,DAL,1.8506,long,0.03,0.0
2020-05-22,MAR,1.7699,long,0.09,0.0
2020-05-22,HSIC,1.498,long,0.06,0.0
2020-05-22,AEP,1.3594,long,-0.0,0.0
2020-05-22,UPS,1.3955,long,0.01,0.0
2020-05-22,VTRS,2.1341,long,-0.0,0.0
2020-05-22,PANW,2.1681,long,0.0,0.0
2020-05-22,EXPE,2.4147,long,0.0,0.0
2020-05-22,SPG,1.38,long,-0.01,0.0
2020-06-11,BIIB,2.1545,long,-11.12,0.81
2020-06-11,BMY,3.7661,long,-56.03,1.63
2020-06-11,ED,2.1863,long,-30.45,1.39
2020-06-11,PCG,6.7397,long,-161.35,1.75
2020-06-11,CAG,2.1094,long,-2.41,0.07
2020-06-11,IFF,2.0147,long,-0.16,0.01
2020-06-11,CNP,2.145,long,-16.89,0.24
2020-06-16,NFLX,3.603,long,0.66,0.07
2020-06-16,JKHY,2.1065,long,0.02,0.0
2020-07-08,TKO,1.7364,long,0.0,0.0
2020-07-08,ULTA,1.715,long,-0.01,0.0
2020-07-08,BIIB,1.5467,long,0.01,0.0
2020-07-08,ANET,1.3748,long,-0.0,0.0
2020-07-08,INTC,1.3294,long,-0.0,0.0
2020-07-13,ED,2.3148,long,-2.31,0.58
2020-07-13,PCG,4.5975,long,-0.0,0.0
2020-07-13,OTIS,1.6905,long,-0.5,0.05
2020-07-13,LHX,2.116,long,-16.09,0.58
2020-07-13,EQR,2.0302,long,-6.46,0.55
2020-07-13,SATS,2.2334,long,-4.6,0.73
2020-07-16,CME,1.8156,long,0.09,0.01
2020-08-19,PCG,6.9658,long,-21.36,0.82
2020-08-19,ED,4.3434,long,-7.96,0.81
2020-08-19,SATS,4.0864,long,121.59,1.03
2020-08-19,EQR,3.9248,long,-1.48,0.82
2020-08-19,EIX,3.4118,long,-5.81,0.08
2020-08-19,MSI,3.1885,long,75.81,1.65
2020-08-19,CME,2.9854,long,31.61,1.63
2020-09-02,LHX,3.5898,long,14.9,0.16
2020-09-02,ULTA,3.8372,long,233.52,1.18
2020-09-02,CBOE,4.0049,long,29.07,1.2
2020-09-02,TKO,4.3001,long,-3.77,1.29
2020-09-02,ESS,3.9492,long,37.5,1.18
2020-09-03,PSX,3.6818,long,-10.45,0.42
2020-09-09,FRT,2.8802,long,4.4,0.21
2020-09-09,MRNA,2.8366,long,-0.9,0.01
2020-09-09,VLO,2.8408,long,-1.81,0.02
2020-09-09,INTC,2.8567,long,-3.11,0.08
2020-09-09,T,2.8854,long,1.68,0.2
2020-09-09,TAP,3.2451,long,0.04,0.02
2020-09-09,PCG,3.5019,long,0.69,0.21
2020-09-09,FE,3.6343,long,0.27,0.02
2020-09-09,SO,3.2488,long,-0.1,0.02
2020-09-09,WFC,3.1492,long,-0.27,0.2
2020-10-15,TPL,2.9562,long,0.0,0.0
2020-10-15,PCG,3.4491,long,0.0,0.0
2020-10-15,OXY,3.6278,long,-0.0,0.0
2020-10-15,CVS,2.936,long,0.0,0.0
2020-10-15,HII,3.7988,long,0.0,0.0
2020-10-15,FE,4.4161,long,0.0,0.0
2020-10-15,TAP,3.7439,long,0.0,0.0
2020-10-15,TKO,5.0215,long,0.0,0.0
2020-10-26,BXP,3.6705,long,-0.25,0.01
2020-10-26,CIEN,3.1587,long,-0.12,0.01
2020-10-26,DVN,3.4229,long,-0.01,0.01
2020-10-26,WFC,3.4502,long,-0.05,0.01
2020-10-26,COP,3.6799,long,-0.0,0.0
2020-10-26,SATS,3.5131,long,0.0,0.0
2020-10-26,TRGP,3.6016,long,0.0,0.0
2020-10-26,GILD,3.3462,long,-0.0,0.0
2020-10-29,WYNN,4.3687,long,-0.01,0.0
2020-10-29,AIG,3.1008,long,0.01,0.0
2020-10-29,VLO,3.0137,long,-0.05,0.0
2020-11-12,GILD,1.9473,long,0.35,0.01
2020-11-12,SATS,1.9014,long,0.52,0.01
2020-11-27,BXP,2.2356,long,1.49,0.0
2020-11-27,OXY,2.5784,long,3.02,0.0
2020-11-27,TKO,2.0721,long,0.45,0.0
2020-12-11,JKHY,4.1253,long,-158.02,4.53
2020-12-11,APA,4.1501,long,3069.81,4.8
2020-12-11,CIEN,5.4065,long,538.36,4.5
2020-12-11,IFF,4.0446,long,71.61,4.42
2020-12-11,HII,2.3912,long,575.23,4.36
2020-12-11,TSLA,2.953,long,2201.03,4.25
2020-12-11,BDX,3.5956,long,-9.31,4.31
2020-12-11,IBKR,2.4133,long,340.91,4.41
2020-12-28,GILD,5.8948,long,-290.76,5.62
2020-12-28,VRTX,5.198,long,353.62,5.69
2020-12-28,FE,4.8925,long,697.11,5.81
2020-12-28,FTNT,4.319,long,1427.82,5.95
2020-12-28,SATS,4.164,long,-595.39,7.61
2020-12-28,BAX,3.7641,long,277.46,5.7
2020-12-28,INTC,3.5709,long,-44.52,5.6
2020-12-28,DXCM,3.0414,long,800.35,5.4
2020-12-28,REGN,2.9207,long,-54.0,0.68
2020-12-28,EXPD,2.8287,long,87.76,1.52
2021-01-12,RSG,2.5455,long,-0.58,0.89
2021-01-12,AMZN,2.6499,long,-2.4,0.06
2021-01-12,TKO,2.6743,long,6.77,0.1
2021-01-12,NOC,3.1584,long,-1.28,0.31
2021-01-12,INCY,3.3897,long,24.07,0.15
2021-01-12,BIIB,4.415,long,30.64,0.28
2021-01-12,AMT,2.993,long,-0.17,0.01
2021-01-27,CLX,3.2528,long,3178.05,20.63
2021-01-27,KR,2.8099,long,4687.58,20.6
2021-01-27,RCL,3.8973,long,-2113.7,21.24
2021-01-27,AVB,2.8188,long,52.88,0.9
2021-01-27,HII,2.6213,long,-38.36,0.94
2021-01-27,ED,2.7169,long,-12.02,0.89
2021-01-27,UAL,3.524,long,-73.86,0.9
2021-01-27,SBAC,3.0969,long,3.17,0.9
2021-01-27,EVRG,2.6588,long,-10.55,0.9
2021-02-01,HRL,3.0194,long,47.52,0.89
2021-02-01,KMB,3.3283,long,6.45,0.88
2021-02-01,GIS,3.1213,long,45.12,0.88
2021-02-25,RCL,3.8924,long,7507.33,22.5
2021-02-25,HII,2.7704,long,2065.99,22.71
2021-03-11,D,3.4606,long,-2.03,0.11
2021-03-11,AEP,2.9343,long,-0.12,0.11
2021-03-11,ETR,3.5247,long,-3.23,0.11
2021-03-11,REGN,2.9356,long,-5.96,0.11
2021-03-11,ATO,2.7716,long,-0.53,0.12
2021-03-25,ED,3.5167,long,9.65,0.08
2021-03-25,AMT,3.1749,long,0.39,0.02
2021-03-25,DPZ,3.1375,long,0.62,0.01
2021-03-25,LNT,3.0781,long,0.31,0.0
2021-03-25,CHD,2.9583,long,0.06,0.0
2021-03-25,KMB,2.7087,long,0.01,0.0
2021-04-09,BAX,3.1666,long,1979.47,19.72
2021-04-09,SBAC,3.447,long,2028.03,20.16
2021-04-09,VRTX,3.3777,long,-159.36,19.74
2021-04-09,MKC,4.1003,long,586.84,20.09
2021-04-09,LMT,3.6528,long,2810.54,19.56
2021-04-09,PLD,2.8361,long,2504.71,19.82
2021-04-09,NI,2.8082,long,2552.68,20.31
2021-04-09,APO,2.6782,long,438.9,20.95
2021-04-09,O,2.9046,long,1191.74,19.85
2021-04-23,XYL,2.6801,long,58.39,1.17
2021-04-23,BIIB,2.7941,long,-945.18,13.83
2021-04-23,ECL,2.8461,long,124.02,1.88
2021-04-23,BDX,2.6881,long,280.09,5.72
2021-04-23,ARE,3.3663,long,432.93,6.75
2021-04-23,CRM,3.4234,long,1041.22,7.19
2021-04-23,REGN,3.6525,long,1358.18,19.44
2021-04-23,CPAY,2.5429,long,644.34,22.29
2021-04-23,FE,2.9204,long,580.32,9.95
2021-05-07,TSLA,2.5101,long,-74.9,7.46
2021-05-07,DD,2.5214,long,2068.5,20.43
2021-05-07,MRK,2.5643,long,817.83,19.99
2021-05-07,INCY,2.5826,long,498.18,21.19
2021-05-07,HUM,2.6298,long,3055.8,20.25
2021-05-07,ROL,2.7683,long,1335.91,21.42
2021-05-07,DASH,2.9945,long,-270.5,21.26
2021-05-07,VTRS,3.6716,long,1260.82,21.12
2021-05-07,ABNB,2.5033,long,-244.85,1.65
2021-05-21,VRTX,4.2511,long,-131.22,6.74
2021-05-21,WMT,2.5767,long,4.3,0.15
2021-05-21,ERIE,2.5956,long,-218.84,1.7
2021-05-21,SATS,4.3757,long,601.21,8.16
2021-05-21,VST,2.9508,long,-320.15,7.07
2021-05-21,RVTY,2.6232,long,627.5,6.99
2021-06-07,TTD,3.8781,long,-368.88,7.53
2021-06-07,TTWO,3.6792,long,641.47,7.34
2021-06-07,PSKY,3.276,long,655.23,7.27
2021-06-07,DDOG,3.0051,long,1112.55,7.73
2021-06-07,MKC,2.6669,long,-64.94,7.33
2021-06-07,ES,2.6462,long,-192.92,7.39
2021-06-07,NRG,2.4355,long,-63.48,7.41
2021-06-21,WBD,6.7396,long,-1547.23,19.83
2021-06-21,HOLX,3.0639,long,93.64,20.14
2021-06-21,TSLA,3.1406,long,855.08,19.17
2021-06-21,INCY,2.976,long,212.42,20.42
2021-06-21,ABT,2.6112,long,-1240.06,19.38
2021-06-21,GPN,2.527,long,-305.5,19.63
2021-06-21,SBAC,2.5228,long,2175.51,19.67
2021-06-21,ICE,2.8354,long,228.86,19.52
2021-07-06,FSLR,2.4949,long,4587.95,24.55
2021-07-06,KMB,2.6128,long,68.24,1.75
2021-07-06,CTSH,2.638,long,-360.07,8.73
2021-07-06,VRSK,2.5862,long,100.42,2.44
2021-07-06,ERIE,3.6998,long,-563.3,22.05
2021-07-06,BLDR,2.7633,long,-330.92,20.68
2021-07-06,CLX,3.0936,long,247.61,19.54
2021-07-06,VRTX,2.6647,long,-601.54,10.77
2021-07-20,PSKY,5.3519,long,22.42,18.74
2021-07-20,TTD,3.2074,long,4086.51,19.06
2021-07-20,AMGN,2.4109,long,589.78,18.5
2021-07-20,LITE,2.3111,long,149.87,19.51
2021-07-20,WMT,2.295,long,904.01,18.37
2021-07-20,ROL,2.2693,long,2412.51,19.7
2021-08-03,EIX,2.1769,long,-41.45,1.06
2021-08-03,WBD,5.359,long,-2187.54,19.5
2021-08-03,VZ,2.6323,long,-294.01,18.53
2021-08-03,HRL,2.2539,long,-623.08,19.16
2021-08-03,INTC,2.251,long,-1049.56,18.63
2021-08-03,PCG,2.1925,long,-1058.73,7.22
2021-08-03,BALL,3.4191,long,-411.97,19.04
2021-08-17,ERIE,4.3183,long,-1425.95,26.82
2021-08-17,INCY,3.5344,long,-918.83,23.59
2021-08-17,DLTR,3.4178,long,652.9,23.06
2021-08-17,VRTX,3.1224,long,412.09,22.96
2021-08-17,WDAY,3.0956,long,428.58,23.14
2021-08-17,CTSH,3.0787,long,3835.81,23.25
2021-08-17,COHR,2.9866,long,-535.58,4.88
2021-08-17,CCL,2.9219,long,197.2,14.56
2021-08-31,MKC,2.7204,long,180.16,4.85
2021-08-31,LVS,3.4016,long,2034.82,24.87
2021-08-31,PCAR,3.4399,long,-167.7,24.66
2021-08-31,UBER,2.8412,long,-64.77,0.69
2021-08-31,CPB,3.287,long,-921.34,24.81
2021-08-31,LITE,3.2097,long,473.94,12.06
2021-08-31,PSKY,3.2682,long,331.06,24.74
2021-09-15,WBD,4.1093,long,-981.26,21.68
2021-09-15,IBKR,3.0255,long,-214.8,22.38
2021-09-15,T,2.6913,long,-433.01,20.39
2021-09-15,CTRA,2.6073,long,6693.91,22.13
2021-09-29,TTWO,2.9637,long,-39.19,0.53
2021-09-29,VZ,3.0369,long,-28.68,3.63
2021-09-29,INCY,3.1051,long,-724.94,6.91
2021-09-29,INTC,3.1348,long,-135.07,6.61
2021-09-29,ERIE,3.8197,long,58.12,7.78
2021-09-29,STZ,3.3716,long,7.72,6.67
2021-09-29,CAG,3.6456,long,451.64,6.85
2021-09-29,UAL,3.0924,long,465.97,6.79
2021-09-29,COHR,3.3044,long,-408.36,7.12
2021-10-13,PSKY,4.1048,long,25.87,2.56
2021-10-13,UBER,3.9915,long,520.25,2.53
2021-10-13,AMGN,3.0163,long,-170.28,2.52
2021-10-13,AES,2.8847,long,9.79,1.51
2021-10-13,MU,2.9423,long,-251.11,2.51
2021-10-27,WBD,4.4136,long,-212.8,2.48
2021-10-27,VRTX,3.6298,long,-20.3,2.38
2021-10-27,FICO,3.1783,long,-83.27,2.44
2021-10-27,NSC,3.0841,long,42.25,0.23
2021-10-27,PNW,3.0586,long,-104.24,1.28
2021-10-27,GLW,2.9434,long,-111.07,2.59
2021-10-27,DLTR,2.8324,long,182.34,2.65
2021-10-27,APD,2.8297,long,406.89,2.55
2021-11-10,QCOM,3.1631,long,2175.94,7.22
2021-11-10,COHR,3.5731,long,1216.01,8.06
2021-11-10,SWKS,3.3864,long,261.91,7.35
2021-11-10,WDC,2.8714,long,85.0,7.5
2021-11-10,GPN,3.1177,long,-958.29,7.42
2021-11-10,GDDY,2.9307,long,270.45,7.65
2021-11-10,PTC,3.0165,long,125.89,7.66
2021-11-24,PLTR,2.9401,long,-4496.61,23.41
2021-11-24,MU,2.8101,long,6500.48,23.12
2021-11-24,WYNN,2.9223,long,-303.27,23.93
2021-11-24,INCY,2.9848,long,0.9,24.39
2021-11-24,PSKY,4.6658,long,-2605.18,23.51
2021-11-24,T,3.108,long,-944.58,23.04
2021-11-24,AMGN,3.1484,long,-739.35,23.22
2021-11-24,BMY,3.0736,long,-695.77,23.2
2021-12-01,HON,3.0061,long,-150.77,3.04
2021-12-01,FDX,3.3743,long,-163.25,2.84
2021-12-01,BIIB,3.5851,long,-384.27,2.9
2021-12-01,TAP,3.2457,long,-42.83,2.62
2021-12-01,MKC,3.1291,long,48.38,0.97
2021-12-01,MMM,2.8884,long,-49.58,0.95
2021-12-01,CAG,2.7934,long,-4.06,0.08
2021-12-01,CMCSA,3.2752,long,-54.02,3.03
2021-12-01,MDT,3.0553,long,-130.27,3.04
2021-12-01,VZ,2.7334,long,-46.11,1.81
2021-12-06,FICO,3.9739,long,13.24,0.14
2021-12-06,PYPL,3.7866,long,-2.91,0.13
2021-12-06,INTC,3.018,long,1.64,0.13
2021-12-06,COHR,2.9833,long,-5.85,0.14
2022-01-07,CAH,3.1159,long,3.86,0.03
2022-01-07,TMUS,3.1765,long,-0.91,0.02
2022-01-07,ALL,3.1624,long,1.36,0.01
2022-01-07,HON,3.2878,long,0.04,0.0
2022-01-07,ZBH,3.398,long,0.14,0.01
2022-01-07,VTRS,3.5061,long,2.58,0.01
2022-01-07,GPN,4.5506,long,1.77,0.01
2022-01-07,PYPL,4.7404,long,-0.49,0.01
2022-01-07,BIIB,5.084,long,-0.02,0.01
2022-01-07,PSKY,5.5119,long,1.35,0.01
2022-01-07,PLTR,3.6371,long,-1.6,0.01
2022-01-24,EBAY,2.8867,long,-79.36,0.78
2022-01-24,NWSA,2.9155,long,-4.28,0.17
2022-01-24,IP,3.9771,long,1.18,0.02
2022-01-24,TKO,4.1182,long,0.87,0.02
2022-01-24,PNW,3.7812,long,0.59,0.02
2022-01-24,FIS,3.1723,long,0.13,0.01
2022-01-24,GRMN,3.3795,long,-1.74,0.02
2022-01-24,C,4.0649,long,0.91,0.02
2022-01-25,CSGP,4.5406,long,-16.95,0.22
2022-01-25,GNRC,3.7099,long,-27.44,0.22
2022-01-25,CMCSA,3.3577,long,-5.36,0.21
2022-01-25,UHS,3.298,long,-3.07,0.22
2022-01-25,LUV,3.1391,long,-4.48,0.22
2022-01-25,ROST,2.8632,long,-0.81,0.01
2022-01-25,CHTR,3.6508,long,-4.3,0.21
2022-01-28,DASH,4.1742,long,-31.91,0.26
2022-01-28,PYPL,3.927,long,1.49,0.1
2022-01-28,PLTR,4.2569,long,-10.97,0.26
2022-01-28,CVNA,3.8063,long,3.21,0.03
2022-01-28,CRWD,4.5189,long,5.71,0.26
2022-01-28,WAT,3.3229,long,-0.03,0.0
2022-01-28,ZBH,3.0715,long,0.0,0.0
2022-01-28,TMUS,3.0443,long,0.0,0.0
2022-01-28,AXON,3.4615,long,-0.01,0.0
2022-01-28,FSLR,2.98,long,-0.0,0.0
2022-02-23,TGT,2.9934,long,-1.36,0.02
2022-02-23,CSGP,3.0321,long,-0.39,0.0
2022-02-23,ROST,3.1098,long,-0.83,0.01
2022-02-23,MDT,3.1248,long,-0.07,0.01
2022-02-23,ECL,3.4075,long,-22.54,6.0
2022-02-23,PLTR,4.4537,long,-0.75,0.0
2022-02-23,FSLR,3.588,long,-0.26,0.0
2022-02-23,BLK,2.9709,long,-0.62,0.01
2022-02-23,TPL,3.7295,long,-258.47,6.91
2022-02-23,MRNA,3.5373,long,-0.47,0.0
2022-02-23,BIIB,3.5057,long,-0.11,0.0
2022-02-23,PNR,3.1306,long,-0.37,0.01
2022-02-28,CRWD,3.4503,long,44.3,0.26
2022-02-28,EBAY,3.1159,long,-0.72,0.04
2022-02-28,KHC,3.1362,long,0.03,0.0
2022-02-28,GNRC,3.9021,long,0.03,0.0
2022-02-28,TT,3.182,long,0.9,0.14
2022-03-22,EA,1.7954,long,0.0,0.0
2022-03-22,CHTR,1.9435,long,0.0,0.0
2022-03-22,EBAY,1.9352,long,0.0,0.0
2022-03-22,TROW,1.927,long,0.0,0.0
2022-03-22,EXPD,1.8231,long,0.0,0.0
2022-03-22,CLX,1.8098,long,-0.0,0.0
2022-03-22,MSCI,1.745,long,0.0,0.0
2022-04-05,GILD,2.1055,long,-0.0,0.0
2022-04-05,BIIB,2.1083,long,0.0,0.0
2022-04-05,CRL,2.4531,long,0.0,0.0
2022-04-05,PYPL,2.244,long,0.0,0.0
2022-04-05,FDX,2.1365,long,0.0,0.0
2022-04-13,DPZ,2.7484,long,-26.62,4.34
2022-04-13,SYF,2.8774,long,251.33,4.32
2022-04-13,XYL,2.986,long,-39.39,4.37
2022-04-13,CMCSA,2.7711,long,42.18,4.17
2022-04-13,NFLX,2.864,long,-461.83,4.2
2022-04-13,CHTR,3.113,long,36.34,4.2
2022-04-13,MRNA,2.3506,long,-0.79,0.02
2022-04-13,SWK,3.1934,long,-87.75,4.26
2022-04-13,GRMN,2.2539,long,-0.97,0.02
2022-04-13,DLR,2.3824,long,1.59,0.02
2022-04-13,LH,2.1972,long,-0.72,0.02
2022-04-13,T,2.15,long,2.43,0.02
2022-04-13,C,3.1228,long,-172.94,4.17
2022-05-17,TTWO,1.9684,long,0.0,0.0
2022-05-17,DPZ,1.8622,long,-0.04,0.0
2022-05-17,TFC,1.8472,long,-0.05,0.0
2022-05-17,SBUX,1.7882,long,-0.03,0.0
2022-05-17,WST,1.7575,long,0.0,0.0
2022-05-17,BIIB,1.776,long,-0.0,0.0
2022-05-17,ZBRA,1.7134,long,-0.0,0.0
2022-05-17,SPGI,1.7123,long,-0.0,0.0
2022-05-17,AOS,1.6485,long,0.0,0.0
2022-05-17,CHTR,1.6233,long,0.0,0.0
2022-05-17,F,1.7399,long,-0.0,0.0
2022-06-24,USB,1.5347,long,0.01,0.0
2022-06-24,LII,1.5673,long,0.13,0.0
2022-06-24,ALGN,1.5807,long,0.74,0.01
2022-06-24,SPG,1.5479,long,0.03,0.0
2022-06-24,JCI,1.6644,long,0.32,0.08
2022-06-24,CHTR,1.7428,long,5.0,0.09
2022-06-24,NFLX,1.6305,long,2.42,0.02
2022-10-24,MRNA,1.5733,long,0.11,0.0
2022-10-24,FIS,1.4066,long,0.01,0.0
2022-10-24,TSN,1.3788,long,0.0,0.0
2022-10-24,WELL,1.3833,long,-0.0,0.0
2022-10-24,ZTS,1.4969,long,0.01,0.0
2022-10-24,STX,1.3786,long,0.0,0.0
2022-10-24,GRMN,1.6094,long,0.06,0.0
2022-10-24,PLD,1.6437,long,0.06,0.0
2022-10-24,BXP,1.7336,long,0.06,0.0
2022-10-24,CME,1.3653,long,0.0,0.0
