date,ticker,position_type,position_size,signal_score
2024-01-08,SATS,long,10000.0,0.198456
2024-01-08,INTC,long,10000.0,0.0913056
2024-01-08,DLTR,long,10000.0,0.075012
2024-01-08,BR,long,10000.0,0.0716424
2024-01-08,DG,long,10000.0,0.0700368
2024-01-08,BBY,long,10000.0,0.06847919999999999
2024-01-08,COIN,long,10000.0,0.0681852
2024-01-08,TDY,long,10000.0,0.0674472
2024-01-08,AMD,long,10000.0,0.0652596
2024-01-08,KDP,long,10000.0,0.063294
2024-01-16,MRNA,long,10497.18,0.1772664
2024-01-16,SMCI,long,10497.18,0.1575288
2024-01-16,GPN,long,10497.18,0.105144
2024-01-16,INCY,long,10497.18,0.10055879999999999
2024-01-16,FIS,long,10497.18,0.09479040000000001
2024-01-16,IVZ,long,10497.18,0.09332879999999999
2024-01-16,VTRS,long,10497.18,0.0926124
2024-01-16,VZ,long,10497.18,0.0881556
2024-01-16,HPE,long,10497.18,0.0863748
2024-01-16,AEP,long,10497.18,0.0800424
2024-01-23,SATS,long,10878.55,0.3268272
2024-01-23,DOC,long,10878.55,0.1386516
2024-01-23,PANW,long,10878.55,0.11722559999999999
2024-01-23,MMM,long,10878.55,0.0906348
2024-01-23,DG,long,10878.55,0.0862728
2024-01-23,CRWD,long,10878.55,0.0846648
2024-01-23,UBER,long,10878.55,0.08331
2024-01-23,DHI,long,10878.55,0.080346
2024-01-23,DPZ,long,10878.55,0.07619159999999998
2024-01-23,VTR,long,10878.55,0.0757908
2024-01-30,TKO,long,10874.11,0.17134439999999998
2024-01-30,SMCI,long,10874.11,0.1649928
2024-01-30,DD,long,10874.11,0.1374672
2024-01-30,BKR,long,10874.11,0.12312119999999999
2024-01-30,BA,long,10874.11,0.1230252
2024-01-30,SWKS,long,10874.11,0.11611079999999999
2024-01-30,TER,long,10874.11,0.1142004
2024-01-30,TXN,long,10874.11,0.1081704
2024-01-30,PYPL,long,10874.11,0.1013364
2024-01-30,UPS,long,10874.11,0.10122239999999999
2024-02-06,COIN,long,10827.49,0.1404732
2024-02-06,NFLX,long,10827.49,0.10955039999999999
2024-02-06,URI,long,10827.49,0.0890364
2024-02-06,KEY,long,10827.49,0.0869736
2024-02-06,BX,long,10827.49,0.0847932
2024-02-06,CFG,long,10827.49,0.0832968
2024-02-06,SW,long,10827.49,0.07942319999999999
2024-02-06,COF,long,10827.49,0.07259879999999999
2024-02-06,ADBE,long,10827.49,0.07079999999999999
2024-02-06,NUE,long,10827.49,0.0688584
2024-02-13,LITE,long,11008.3,0.16269720000000001
2024-02-13,SMCI,long,11008.3,0.1191216
2024-02-13,PLTR,long,11008.3,0.11770679999999999
2024-02-13,MRNA,long,11008.3,0.1166328
2024-02-13,EXPE,long,11008.3,0.11377559999999999
2024-02-13,FCX,long,11008.3,0.11268239999999999
2024-02-13,EW,long,11008.3,0.11102999999999999
2024-02-13,PSKY,long,11008.3,0.1034712
2024-02-13,TSN,long,11008.3,0.0958716
2024-02-13,EL,long,11008.3,0.09392759999999999
2024-02-21,RL,long,11215.79,0.17326319999999998
2024-02-21,CVNA,long,11215.79,0.13149
2024-02-21,ECL,long,11215.79,0.130632
2024-02-21,PANW,long,11215.79,0.12806879999999998
2024-02-21,AKAM,long,11215.79,0.11612279999999998
2024-02-21,FSLR,long,11215.79,0.1140972
2024-02-21,MPWR,long,11215.79,0.112152
2024-02-21,WSM,long,11215.79,0.1119216
2024-02-21,COIN,long,11215.79,0.109158
2024-02-21,CRWD,long,11215.79,0.1073388
2024-02-28,APP,long,11635.42,0.15645599999999998
2024-02-28,UBER,long,11635.42,0.1027668
2024-02-28,COIN,long,11635.42,0.0960228
2024-02-28,EPAM,long,11635.42,0.0920508
2024-02-28,ZBRA,long,11635.42,0.08251919999999999
2024-02-28,TTD,long,11635.42,0.0765996
2024-02-28,ARE,long,11635.42,0.07507799999999999
2024-02-28,IQV,long,11635.42,0.0741036
2024-02-28,PODD,long,11635.42,0.07218719999999999
2024-02-28,EXE,long,11635.42,0.0721284
2024-03-06,CVNA,long,11722.58,0.2771064
2024-03-06,CEG,long,11722.58,0.1460532
2024-03-06,PANW,long,11722.58,0.1428012
2024-03-06,FIX,long,11722.58,0.11349479999999999
2024-03-06,ERIE,long,11722.58,0.10944839999999999
2024-03-06,STLD,long,11722.58,0.10298519999999999
2024-03-06,MRNA,long,11722.58,0.10238639999999999
2024-03-06,EME,long,11722.58,0.09880080000000001
2024-03-06,ZTS,long,11722.58,0.09502200000000001
2024-03-06,AXON,long,11722.58,0.0909648
2024-03-13,HPE,long,11837.65,0.22563719999999998
2024-03-13,TGT,long,11837.65,0.17482799999999998
2024-03-13,CIEN,long,11837.65,0.1718172
2024-03-13,DELL,long,11837.65,0.1706772
2024-03-13,NEM,long,11837.65,0.1492296
2024-03-13,DXCM,long,11837.65,0.1437072
2024-03-13,NTAP,long,11837.65,0.1368528
2024-03-13,AMD,long,11837.65,0.1349676
2024-03-13,UHS,long,11837.65,0.1213272
2024-03-13,NRG,long,11837.65,0.1205028
2024-03-20,SATS,long,11967.66,0.2347224
2024-03-20,EL,long,11967.66,0.16983
2024-03-20,SMCI,long,11967.66,0.1689516
2024-03-20,WSM,long,11967.66,0.13365839999999998
2024-03-20,PODD,long,11967.66,0.1293156
2024-03-20,ADBE,long,11967.66,0.12746639999999998
2024-03-20,LVS,long,11967.66,0.1140216
2024-03-20,MRNA,long,11967.66,0.11320919999999998
2024-03-20,MMM,long,11967.66,0.101154
2024-03-20,FCX,long,11967.66,0.09787799999999999
2024-03-27,APP,long,12144.7,0.16010999999999997
2024-03-27,PSKY,long,12144.7,0.1336728
2024-03-27,LULU,long,12144.7,0.125724
2024-03-27,VST,long,12144.7,0.12063719999999999
2024-03-27,CSGP,long,12144.7,0.1205868
2024-03-27,ANET,long,12144.7,0.117918
2024-03-27,ACN,long,12144.7,0.1167648
2024-03-27,NRG,long,12144.7,0.11510039999999999
2024-03-27,SNPS,long,12144.7,0.1133892
2024-03-27,TKO,long,12144.7,0.1085124
2024-04-04,MU,long,12051.16,0.21337799999999998
2024-04-04,SOLV,long,12051.16,0.152298
2024-04-04,SMCI,long,12051.16,0.129582
2024-04-04,FDX,long,12051.16,0.12788039999999998
2024-04-04,MRNA,long,12051.16,0.1108764
2024-04-04,DPZ,long,12051.16,0.10540319999999999
2024-04-04,MKC,long,12051.16,0.09587040000000001
2024-04-04,STX,long,12051.16,0.0956292
2024-04-04,WDC,long,12051.16,0.09301319999999999
2024-04-04,CTAS,long,12051.16,0.09019440000000001
2024-04-11,DELL,long,12060.99,0.1884432
2024-04-11,PSKY,long,12060.99,0.1121712
2024-04-11,META,long,12060.99,0.099402
2024-04-11,GL,long,12060.99,0.09387480000000001
2024-04-11,FTNT,long,12060.99,0.0934896
2024-04-11,MPC,long,12060.99,0.08811000000000001
2024-04-11,CF,long,12060.99,0.08390159999999999
2024-04-11,AES,long,12060.99,0.0810408
2024-04-11,WYNN,long,12060.99,0.0786492
2024-04-11,DG,long,12060.99,0.07840679999999998
2024-04-18,PODD,long,11539.92,0.1414704
2024-04-18,RVTY,long,11539.92,0.11684399999999999
2024-04-18,FSLR,long,11539.92,0.1079532
2024-04-18,NRG,long,11539.92,0.0865836
2024-04-18,SATS,long,11539.92,0.08347439999999999
2024-04-18,GEV,long,11539.92,0.08155559999999999
2024-04-18,FANG,long,11539.92,0.08148
2024-04-18,AVB,long,11539.92,0.07817279999999999
2024-04-18,PANW,long,11539.92,0.07806239999999999
2024-04-18,NKE,long,11539.92,0.0776436
2024-04-25,SMCI,long,11823.25,0.19001400000000002
2024-04-25,UAL,long,11823.25,0.1807872
2024-04-25,GL,long,11823.25,0.1591344
2024-04-25,GPC,long,11823.25,0.1213884
2024-04-25,AOS,long,11823.25,0.1082724
2024-04-25,IVZ,long,11823.25,0.107634
2024-04-25,META,long,11823.25,0.1069128
2024-04-25,LUV,long,11823.25,0.1062288
2024-04-25,NKE,long,11823.25,0.10601519999999999
2024-04-25,IBM,long,11823.25,0.10591439999999999
2024-05-02,HAS,long,11874.73,0.1259484
2024-05-02,VRT,long,11874.73,0.09537
2024-05-02,NEM,long,11874.73,0.0843768
2024-05-02,MCHP,long,11874.73,0.07774079999999998
2024-05-02,WAB,long,11874.73,0.0765396
2024-05-02,TYL,long,11874.73,0.0739092
2024-05-02,URI,long,11874.73,0.0716376
2024-05-02,AVGO,long,11874.73,0.0706836
2024-05-02,DXCM,long,11874.73,0.0701784
2024-05-02,ALGN,long,11874.73,0.0686952
2024-05-09,MRNA,long,12105.31,0.1874112
2024-05-09,EPAM,long,12105.31,0.16534559999999998
2024-05-09,HWM,long,12105.31,0.1505436
2024-05-09,CVNA,long,12105.31,0.1488096
2024-05-09,RMD,long,12105.31,0.1445784
2024-05-09,EXPE,long,12105.31,0.140406
2024-05-09,CHRW,long,12105.31,0.1306572
2024-05-09,LITE,long,12105.31,0.1302132
2024-05-09,MPWR,long,12105.31,0.1153572
2024-05-09,PSKY,long,12105.31,0.1129896
2024-05-16,CEG,long,12255.31,0.1826436
2024-05-16,FIX,long,12255.31,0.1738884
2024-05-16,APP,long,12255.31,0.16421639999999998
2024-05-16,VST,long,12255.31,0.1383996
2024-05-16,HUBB,long,12255.31,0.12266759999999999
2024-05-16,ALB,long,12255.31,0.11555879999999999
2024-05-16,EMR,long,12255.31,0.10421520000000001
2024-05-16,PH,long,12255.31,0.1009164
2024-05-16,META,long,12255.31,0.1003668
2024-05-16,GL,long,12255.31,0.0957108
2024-05-23,GEN,long,12375.0,0.22451400000000002
2024-05-23,MTD,long,12375.0,0.1533948
2024-05-23,SMCI,long,12375.0,0.15049079999999998
2024-05-23,STX,long,12375.0,0.1087932
2024-05-23,LITE,long,12375.0,0.10630079999999999
2024-05-23,MMM,long,12375.0,0.1017108
2024-05-23,KEYS,long,12375.0,0.09852000000000001
2024-05-23,MCD,long,12375.0,0.0959352
2024-05-23,IDXX,long,12375.0,0.0877392
2024-05-23,EL,long,12375.0,0.083142
2024-05-31,MRNA,long,12367.93,0.25406999999999996
2024-05-31,FSLR,long,12367.93,0.21372839999999999
2024-05-31,IP,long,12367.93,0.1278252
2024-05-31,JCI,long,12367.93,0.0967584
2024-05-31,SATS,long,12367.93,0.0957696
2024-05-31,ADI,long,12367.93,0.0934632
2024-05-31,CDW,long,12367.93,0.08982720000000001
2024-05-31,TER,long,12367.93,0.0847092
2024-05-31,PWR,long,12367.93,0.08456879999999999
2024-05-31,MCHP,long,12367.93,0.0814464
2024-06-07,DECK,long,12321.72,0.145338
2024-06-07,GEV,long,12321.72,0.1215156
2024-06-07,DVA,long,12321.72,0.11547
2024-06-07,VST,long,12321.72,0.1154616
2024-06-07,FSLR,long,12321.72,0.10262639999999999
2024-06-07,AMD,long,12321.72,0.0934536
2024-06-07,ULTA,long,12321.72,0.09211079999999999
2024-06-07,AES,long,12321.72,0.08849639999999999
2024-06-07,WDC,long,12321.72,0.0844728
2024-06-07,DD,long,12321.72,0.0833472
2024-06-14,NCLH,long,12371.37,0.1255344
2024-06-14,PYPL,long,12371.37,0.120012
2024-06-14,COHR,long,12371.37,0.1146624
2024-06-14,LITE,long,12371.37,0.09762
2024-06-14,HPE,long,12371.37,0.0968184
2024-06-14,APTV,long,12371.37,0.09638039999999999
2024-06-14,SJM,long,12371.37,0.08597039999999999
2024-06-14,RCL,long,12371.37,0.0779964
2024-06-14,PSKY,long,12371.37,0.07721159999999999
2024-06-14,GPC,long,12371.37,0.0758088
2024-06-24,TPL,long,12421.03,0.26481
2024-06-24,AVGO,long,12421.03,0.15032399999999999
2024-06-24,WST,long,12421.03,0.1309332
2024-06-24,SWKS,long,12421.03,0.1271352
2024-06-24,HAS,long,12421.03,0.1206564
2024-06-24,KKR,long,12421.03,0.110244
2024-06-24,ES,long,12421.03,0.10807560000000001
2024-06-24,ALGN,long,12421.03,0.0996864
2024-06-24,FTNT,long,12421.03,0.09813720000000001
2024-06-24,FSLR,long,12421.03,0.09389279999999998
2024-07-01,CVNA,long,12440.56,0.2059788
2024-07-01,APTV,long,12440.56,0.12291599999999998
2024-07-01,SLB,long,12440.56,0.1049124
2024-07-01,A,long,12440.56,0.1043136
2024-07-01,CRM,long,12440.56,0.09257879999999999
2024-07-01,BKR,long,12440.56,0.0851388
2024-07-01,ORLY,long,12440.56,0.0844164
2024-07-01,CMI,long,12440.56,0.0836724
2024-07-01,BEN,long,12440.56,0.0830904
2024-07-01,SMCI,long,12440.56,0.0793464
2024-07-09,VLO,long,12536.65,0.16094039999999998
2024-07-09,COIN,long,12536.65,0.1507584
2024-07-09,FDX,long,12536.65,0.1451076
2024-07-09,ALB,long,12536.65,0.1355172
2024-07-09,APP,long,12536.65,0.11583840000000001
2024-07-09,PSX,long,12536.65,0.1055352
2024-07-09,DDOG,long,12536.65,0.1033524
2024-07-09,MPC,long,12536.65,0.10314960000000001
2024-07-09,HOOD,long,12536.65,0.1002504
2024-07-09,NOW,long,12536.65,0.0993996
2024-07-16,TSLA,long,13091.75,0.19731479999999998
2024-07-16,PSKY,long,13091.75,0.15279479999999998
2024-07-16,GLW,long,13091.75,0.1522896
2024-07-16,INTC,long,13091.75,0.1016928
2024-07-16,GNRC,long,13091.75,0.0860436
2024-07-16,ALGN,long,13091.75,0.08592960000000001
2024-07-16,RL,long,13091.75,0.07582080000000001
2024-07-16,AMD,long,13091.75,0.0747456
2024-07-16,BBY,long,13091.75,0.07289999999999999
2024-07-16,VST,long,13091.75,0.07010999999999999
2024-07-23,UPS,long,12820.95,0.1064856
2024-07-23,AOS,long,12820.95,0.1046544
2024-07-23,HAS,long,12820.95,0.0920304
2024-07-23,EPAM,long,12820.95,0.08336400000000001
2024-07-23,NXPI,long,12820.95,0.0812808
2024-07-23,TSCO,long,12820.95,0.07622519999999999
2024-07-23,ODFL,long,12820.95,0.0754176
2024-07-23,EXPE,long,12820.95,0.07506239999999999
2024-07-23,CMI,long,12820.95,0.0733464
2024-07-23,ELV,long,12820.95,0.0731628
2024-07-30,SOLV,long,12476.51,0.1059384
2024-07-30,ALGN,long,12476.51,0.08003640000000001
2024-07-30,WBD,long,12476.51,0.0735252
2024-07-30,UAL,long,12476.51,0.070008
2024-07-30,ISRG,long,12476.51,0.06966359999999999
2024-07-30,COIN,long,12476.51,0.0692184
2024-07-30,DHI,long,12476.51,0.0685728
2024-07-30,CFG,long,12476.51,0.0677904
2024-07-30,FIX,long,12476.51,0.0663516
2024-07-30,WMB,long,12476.51,0.06634079999999999
2024-08-06,MRNA,long,12349.23,0.1029936
2024-08-06,BG,long,12349.23,0.0937008
2024-08-06,DELL,long,12349.23,0.09349679999999999
2024-08-06,VLO,long,12349.23,0.0924792
2024-08-06,MTD,long,12349.23,0.089682
2024-08-06,CHTR,long,12349.23,0.0852888
2024-08-06,AMZN,long,12349.23,0.084726
2024-08-06,CNC,long,12349.23,0.0812844
2024-08-06,RVTY,long,12349.23,0.07920599999999998
2024-08-06,CMCSA,long,12349.23,0.0791244
2024-08-13,CVNA,long,12230.91,0.16769520000000002
2024-08-13,VST,long,12230.91,0.1379484
2024-08-13,SATS,long,12230.91,0.1337256
2024-08-13,CRL,long,12230.91,0.1263888
2024-08-13,FIX,long,12230.91,0.1243764
2024-08-13,CEG,long,12230.91,0.12019439999999999
2024-08-13,LOW,long,12230.91,0.115782
2024-08-13,DG,long,12230.91,0.11414279999999999
2024-08-13,TECH,long,12230.91,0.1119024
2024-08-13,SMCI,long,12230.91,0.1090704
2024-08-20,SBUX,long,12269.17,0.2392908
2024-08-20,FSLR,long,12269.17,0.1822128
2024-08-20,AXON,long,12269.17,0.1711104
2024-08-20,FTNT,long,12269.17,0.1479336
2024-08-20,MOS,long,12269.17,0.13124519999999998
2024-08-20,HSIC,long,12269.17,0.12172079999999999
2024-08-20,NRG,long,12269.17,0.1203252
2024-08-20,APA,long,12269.17,0.12018839999999999
2024-08-20,FANG,long,12269.17,0.1056336
2024-08-20,SWKS,long,12269.17,0.1018104
2024-08-27,LITE,long,12392.95,0.2149392
2024-08-27,COHR,long,12392.95,0.14770439999999999
2024-08-27,MU,long,12392.95,0.1472556
2024-08-27,WBD,long,12392.95,0.1397028
2024-08-27,DLTR,long,12392.95,0.1208556
2024-08-27,BEN,long,12392.95,0.11055960000000001
2024-08-27,PANW,long,12392.95,0.1092936
2024-08-27,ALB,long,12392.95,0.1083528
2024-08-27,ULTA,long,12392.95,0.1044084
2024-08-27,MRNA,long,12392.95,0.1032756
2024-09-04,DG,long,12141.74,0.12352679999999999
2024-09-04,FSLR,long,12141.74,0.106086
2024-09-04,HOOD,long,12141.74,0.1058196
2024-09-04,CMG,long,12141.74,0.0965184
2024-09-04,NCLH,long,12141.74,0.0943668
2024-09-04,SW,long,12141.74,0.08896799999999999
2024-09-04,WDAY,long,12141.74,0.0845436
2024-09-04,TMUS,long,12141.74,0.0831204
2024-09-04,LUV,long,12141.74,0.07805999999999999
2024-09-04,RMD,long,12141.74,0.0766728
2024-09-11,TSLA,long,12178.45,0.1781556
2024-09-11,GEV,long,12178.45,0.13219319999999998
2024-09-11,HUM,long,12178.45,0.1281168
2024-09-11,BBY,long,12178.45,0.10681919999999999
2024-09-11,HPE,long,12178.45,0.1038468
2024-09-11,PCG,long,12178.45,0.0984204
2024-09-11,SYF,long,12178.45,0.09146639999999999
2024-09-11,PYPL,long,12178.45,0.0872604
2024-09-11,INTC,long,12178.45,0.0846432
2024-09-11,HPQ,long,12178.45,0.08463839999999999
2024-09-18,SATS,long,12472.45,0.18805199999999997
2024-09-18,ALB,long,12472.45,0.1622304
2024-09-18,MRNA,long,12472.45,0.148056
2024-09-18,FSLR,long,12472.45,0.1304388
2024-09-18,NVDA,long,12472.45,0.0903732
2024-09-18,SOLV,long,12472.45,0.0842256
2024-09-18,ORCL,long,12472.45,0.0837888
2024-09-18,MU,long,12472.45,0.082464
2024-09-18,UAL,long,12472.45,0.07894319999999999
2024-09-18,CMG,long,12472.45,0.07865879999999999
2024-09-25,APP,long,12501.26,0.1696152
2024-09-25,CVNA,long,12501.26,0.1186656
2024-09-25,WBD,long,12501.26,0.1140624
2024-09-25,DXCM,long,12501.26,0.1053288
2024-09-25,FDX,long,12501.26,0.0890328
2024-09-25,SW,long,12501.26,0.08874
2024-09-25,GM,long,12501.26,0.0873624
2024-09-25,TKO,long,12501.26,0.08230319999999999
2024-09-25,DLTR,long,12501.26,0.08097839999999999
2024-09-25,HOOD,long,12501.26,0.0796644
2024-10-02,CEG,long,12520.44,0.1518888
2024-10-02,HUM,long,12520.44,0.131184
2024-10-02,VST,long,12520.44,0.1234752
2024-10-02,INTC,long,12520.44,0.1176504
2024-10-02,UHS,long,12520.44,0.11732279999999999
2024-10-02,NKE,long,12520.44,0.0996168
2024-10-02,ARE,long,12520.44,0.0994404
2024-10-02,SATS,long,12520.44,0.0945288
2024-10-02,NEM,long,12520.44,0.0887868
2024-10-02,UBER,long,12520.44,0.0871536
2024-10-09,WYNN,long,12525.17,0.20740679999999997
2024-10-09,LVS,long,12525.17,0.1427316
2024-10-09,FCX,long,12525.17,0.1136112
2024-10-09,LITE,long,12525.17,0.1127544
2024-10-09,MOS,long,12525.17,0.09867000000000001
2024-10-09,CIEN,long,12525.17,0.09437519999999999
2024-10-09,BMY,long,12525.17,0.0921192
2024-10-09,ALB,long,12525.17,0.08987999999999999
2024-10-09,MTD,long,12525.17,0.0887748
2024-10-09,TSCO,long,12525.17,0.08103959999999999
2024-10-16,NCLH,long,12777.62,0.140832
2024-10-16,SATS,long,12777.62,0.1192668
2024-10-16,BAX,long,12777.62,0.11357519999999999
2024-10-16,ALB,long,12777.62,0.107898
2024-10-16,PLTR,long,12777.62,0.10468559999999999
2024-10-16,FANG,long,12777.62,0.1039272
2024-10-16,TRGP,long,12777.62,0.09752519999999999
2024-10-16,PFE,long,12777.62,0.0919632
2024-10-16,NOW,long,12777.62,0.0903396
2024-10-16,RCL,long,12777.62,0.0890952
2024-10-23,COIN,long,12618.52,0.19611479999999998
2024-10-23,VST,long,12618.52,0.180048
2024-10-23,UAL,long,12618.52,0.1302012
2024-10-23,CEG,long,12618.52,0.1299516
2024-10-23,UHS,long,12618.52,0.1159968
2024-10-23,VRT,long,12618.52,0.10445159999999999
2024-10-23,ELV,long,12618.52,0.10105199999999999
2024-10-23,DELL,long,12618.52,0.09863879999999998
2024-10-23,ODFL,long,12618.52,0.0981492
2024-10-23,PLD,long,12618.52,0.0925452
2024-10-30,GM,long,12590.83,0.1038096
2024-10-30,NEM,long,12590.83,0.10173839999999999
2024-10-30,APP,long,12590.83,0.1012584
2024-10-30,HCA,long,12590.83,0.0903216
2024-10-30,EXPE,long,12590.83,0.0865368
2024-10-30,TER,long,12590.83,0.0774324
2024-10-30,TDY,long,12590.83,0.07715759999999999
2024-10-30,ISRG,long,12590.83,0.0770832
2024-10-30,BX,long,12590.83,0.0731952
2024-10-30,NFLX,long,12590.83,0.0709356
2024-11-06,GRMN,long,13114.48,0.1456824
2024-11-06,TSLA,long,13114.48,0.1085172
2024-11-06,ON,long,13114.48,0.0937296
2024-11-06,TECH,long,13114.48,0.0926988
2024-11-06,DECK,long,13114.48,0.08885159999999999
2024-11-06,TPR,long,13114.48,0.0746568
2024-11-06,FFIV,long,13114.48,0.0745188
2024-11-06,INCY,long,13114.48,0.0737472
2024-11-06,WELL,long,13114.48,0.0698772
2024-11-06,APTV,long,13114.48,0.0688056
2024-11-13,PLTR,long,13237.92,0.13621439999999999
2024-11-13,MTD,long,13237.92,0.1301592
2024-11-13,CHTR,long,13237.92,0.09291119999999999
2024-11-13,WAT,long,13237.92,0.08950079999999999
2024-11-13,MU,long,13237.92,0.08676719999999999
2024-11-13,ANET,long,13237.92,0.080898
2024-11-13,MRNA,long,13237.92,0.07739039999999998
2024-11-13,GEV,long,13237.92,0.07710360000000001
2024-11-13,INTC,long,13237.92,0.0762372
2024-11-13,IP,long,13237.92,0.0750876
2024-11-20,APP,long,13041.28,0.24764399999999998
2024-11-20,LITE,long,13041.28,0.1872984
2024-11-20,FTNT,long,13041.28,0.15484320000000001
2024-11-20,TGT,long,13041.28,0.14940119999999998
2024-11-20,EPAM,long,13041.28,0.1440276
2024-11-20,TAP,long,13041.28,0.1303572
2024-11-20,AXON,long,13041.28,0.1285548
2024-11-20,LDOS,long,13041.28,0.1175172
2024-11-20,LULU,long,13041.28,0.10200719999999999
2024-11-20,WDAY,long,13041.28,0.1016916
2024-11-27,WSM,long,13151.25,0.25093679999999996
2024-11-27,COIN,long,13151.25,0.18856799999999999
2024-11-27,VRT,long,13151.25,0.1776708
2024-11-27,SATS,long,13151.25,0.1375524
2024-11-27,HOOD,long,13151.25,0.1318692
2024-11-27,SW,long,13151.25,0.1254576
2024-11-27,TKO,long,13151.25,0.11990999999999999
2024-11-27,COHR,long,13151.25,0.1188684
2024-11-27,HPQ,long,13151.25,0.1118904
2024-11-27,EQT,long,13151.25,0.1091364
2024-12-05,SMCI,long,13275.81,0.1882092
2024-12-05,TPL,long,13275.81,0.110772
2024-12-05,CPRT,long,13275.81,0.1087896
2024-12-05,EL,long,13275.81,0.10688039999999999
2024-12-05,DE,long,13275.81,0.1046652
2024-12-05,ABBV,long,13275.81,0.10454999999999999
2024-12-05,MRNA,long,13275.81,0.1032948
2024-12-05,WDC,long,13275.81,0.1011444
2024-12-05,ON,long,13275.81,0.0961476
2024-12-05,ODFL,long,13275.81,0.09162839999999998
2024-12-12,LUV,long,13065.28,0.110772
2024-12-12,ADBE,long,13065.28,0.1058748
2024-12-12,UAL,long,13065.28,0.10188479999999998
2024-12-12,AXON,long,13065.28,0.0981396
2024-12-12,WTW,long,13065.28,0.0953052
2024-12-12,CVS,long,13065.28,0.0873828
2024-12-12,SYY,long,13065.28,0.08345999999999999
2024-12-12,HAS,long,13065.28,0.08155559999999999
2024-12-12,TTD,long,13065.28,0.07741920000000001
2024-12-12,CHTR,long,13065.28,0.07713840000000001
2024-12-19,WBD,long,12709.19,0.2274936
2024-12-19,HSIC,long,12709.19,0.1682844
2024-12-19,PSKY,long,12709.19,0.1642308
2024-12-19,ALB,long,12709.19,0.1537296
2024-12-19,CIEN,long,12709.19,0.1461132
2024-12-19,LULU,long,12709.19,0.1333356
2024-12-19,APA,long,12709.19,0.1301736
2024-12-19,MOS,long,12709.19,0.1295088
2024-12-19,CCL,long,12709.19,0.1230192
2024-12-19,CHRW,long,12709.19,0.1199208
2024-12-27,DRI,long,12873.66,0.223242
2024-12-27,ACN,long,12873.66,0.2024172
2024-12-27,TSLA,long,12873.66,0.1760628
2024-12-27,EPAM,long,12873.66,0.17317559999999999
2024-12-27,AVGO,long,12873.66,0.135138
2024-12-27,GEV,long,12873.66,0.13479359999999999
2024-12-27,EBAY,long,12873.66,0.134784
2024-12-27,TTD,long,12873.66,0.128658
2024-12-27,ODFL,long,12873.66,0.1260888
2024-12-27,OMC,long,12873.66,0.12152639999999999
2025-01-06,DLTR,long,12899.61,0.10580039999999999
2025-01-06,PLTR,long,12899.61,0.10486799999999999
2025-01-06,GM,long,12899.61,0.1034244
2025-01-06,HUM,long,12899.61,0.0706716
2025-01-06,DXCM,long,12899.61,0.07062
2025-01-06,INTC,long,12899.61,0.0693588
2025-01-06,SW,long,12899.61,0.0670716
2025-01-06,IVZ,long,12899.61,0.06509039999999999
2025-01-06,LUV,long,12899.61,0.060452399999999996
2025-01-06,ARES,long,12899.61,0.05973
2025-01-14,WBD,long,12826.22,0.09414239999999999
2025-01-14,APA,long,12826.22,0.09054599999999999
2025-01-14,VRT,long,12826.22,0.0882312
2025-01-14,PSKY,long,12826.22,0.08648279999999998
2025-01-14,NVDA,long,12826.22,0.08336640000000001
2025-01-14,VST,long,12826.22,0.0830952
2025-01-14,CF,long,12826.22,0.0816156
2025-01-14,MOS,long,12826.22,0.077778
2025-01-14,EQT,long,12826.22,0.0755832
2025-01-14,META,long,12826.22,0.0722304
2025-01-22,UAL,long,12849.32,0.1164108
2025-01-22,ALB,long,12849.32,0.11441399999999999
2025-01-22,VST,long,12849.32,0.11190119999999999
2025-01-22,DAL,long,12849.32,0.0910248
2025-01-22,AXON,long,12849.32,0.08303400000000001
2025-01-22,CRM,long,12849.32,0.0826956
2025-01-22,NEM,long,12849.32,0.07911
2025-01-22,WAT,long,12849.32,0.07468799999999999
2025-01-22,TRGP,long,12849.32,0.07278359999999999
2025-01-22,APP,long,12849.32,0.07099559999999999
2025-01-29,CVNA,long,12818.49,0.14265
2025-01-29,STX,long,12818.49,0.1359828
2025-01-29,SATS,long,12818.49,0.114114
2025-01-29,ETR,long,12818.49,0.09511199999999999
2025-01-29,NFLX,long,12818.49,0.08724
2025-01-29,IBKR,long,12818.49,0.0862788
2025-01-29,ORCL,long,12818.49,0.08107199999999999
2025-01-29,GLW,long,12818.49,0.08088839999999999
2025-01-29,ALGN,long,12818.49,0.07844159999999999
2025-01-29,JBL,long,12818.49,0.0735612
2025-02-05,APP,long,12828.0,0.19834919999999998
2025-02-05,RCL,long,12828.0,0.1671588
2025-02-05,DECK,long,12828.0,0.1452
2025-02-05,IVZ,long,12828.0,0.13642079999999998
2025-02-05,NOW,long,12828.0,0.12954
2025-02-05,NCLH,long,12828.0,0.1277424
2025-02-05,FFIV,long,12828.0,0.1217592
2025-02-05,BX,long,12828.0,0.11665799999999998
2025-02-05,KKR,long,12828.0,0.1110972
2025-02-05,MRNA,long,12828.0,0.1097412
2025-02-12,PLTR,long,12758.74,0.16180679999999997
2025-02-12,BKR,long,12758.74,0.1448208
2025-02-12,LITE,long,12758.74,0.11909039999999999
2025-02-12,IBM,long,12758.74,0.1115232
2025-02-12,VRTX,long,12758.74,0.1084512
2025-02-12,EA,long,12758.74,0.10311839999999999
2025-02-12,HCA,long,12758.74,0.0882408
2025-02-12,TECH,long,12758.74,0.08593559999999999
2025-02-12,TPL,long,12758.74,0.08463839999999999
2025-02-12,MPC,long,12758.74,0.08190239999999999
2025-02-20,TTD,long,12740.48,0.1541304
2025-02-20,EPAM,long,12740.48,0.12324840000000001
2025-02-20,WST,long,12740.48,0.10676759999999999
2025-02-20,TKO,long,12740.48,0.1017468
2025-02-20,PLTR,long,12740.48,0.10085999999999999
2025-02-20,ROK,long,12740.48,0.09924960000000001
2025-02-20,TPR,long,12740.48,0.0991848
2025-02-20,GNRC,long,12740.48,0.09885959999999999
2025-02-20,SMCI,long,12740.48,0.096084
2025-02-20,EXPE,long,12740.48,0.0934776
2025-02-27,SMCI,long,12220.87,0.19784159999999998
2025-02-27,MCHP,long,12220.87,0.13952399999999998
2025-02-27,WYNN,long,12220.87,0.1296924
2025-02-27,ABNB,long,12220.87,0.1116864
2025-02-27,WBD,long,12220.87,0.1093836
2025-02-27,DVN,long,12220.87,0.1039512
2025-02-27,MRNA,long,12220.87,0.1035108
2025-02-27,INTC,long,12220.87,0.09499919999999999
2025-02-27,HAS,long,12220.87,0.09461159999999999
2025-02-27,PSKY,long,12220.87,0.0900252
2025-03-06,NTAP,long,12088.73,0.11959199999999999
2025-03-06,SOLV,long,12088.73,0.11877239999999999
2025-03-06,CMCSA,long,12088.73,0.0959916
2025-03-06,NCLH,long,12088.73,0.0944064
2025-03-06,DXCM,long,12088.73,0.08321999999999999
2025-03-06,RCL,long,12088.73,0.08218919999999999
2025-03-06,KKR,long,12088.73,0.0782196
2025-03-06,COF,long,12088.73,0.0749508
2025-03-06,DASH,long,12088.73,0.0729132
2025-03-06,ULTA,long,12088.73,0.0728412
2025-03-13,COIN,long,12040.22,0.136321
2025-03-13,HOOD,long,12040.22,0.111021
2025-03-13,MRNA,long,12040.22,0.097581
2025-03-13,ADBE,long,12040.22,0.094265
2025-03-13,CHTR,long,12040.22,0.092221
2025-03-13,ERIE,long,12040.22,0.079138
2025-03-13,AKAM,long,12040.22,0.076389
2025-03-13,COO,long,12040.22,0.076388
2025-03-13,DDOG,long,12040.22,0.07439
2025-03-13,ODFL,long,12040.22,0.070627
2025-03-20,SMCI,long,12113.36,0.142138
2025-03-20,INTC,long,12113.36,0.12992
2025-03-20,AVGO,long,12113.36,0.123099
2025-03-20,INCY,long,12113.36,0.106255
2025-03-20,AXON,long,12113.36,0.094965
2025-03-20,VRT,long,12113.36,0.088591
2025-03-20,AES,long,12113.36,0.088219
2025-03-20,APP,long,12113.36,0.078598
2025-03-20,MRNA,long,12113.36,0.077593
2025-03-20,NVDA,long,12113.36,0.077303
2025-03-27,MOS,long,12148.87,0.123543
2025-03-27,SNDK,long,12148.87,0.122367
2025-03-27,DXCM,long,12148.87,0.090689
2025-03-27,VLO,long,12148.87,0.087571
2025-03-27,MPC,long,12148.87,0.086178
2025-03-27,JBL,long,12148.87,0.082764
2025-03-27,EXPE,long,12148.87,0.081198
2025-03-27,DRI,long,12148.87,0.080995
2025-03-27,CTRA,long,12148.87,0.080984
2025-03-27,PSX,long,12148.87,0.072707
2025-04-03,DLTR,long,12072.67,0.080352
2025-04-03,LULU,long,12072.67,0.04649759999999999
2025-04-03,TSLA,long,12072.67,0.042232200000000004
2025-04-03,MRNA,long,12072.67,0.039624
2025-04-03,WYNN,long,12072.67,0.039519000000000006
2025-04-03,WBD,long,12072.67,0.0362112
2025-04-03,GILD,long,12072.67,0.0337566
2025-04-03,ABT,long,12072.67,0.031733399999999995
2025-04-03,META,long,12072.67,0.030358200000000002
2025-04-03,ROK,long,12072.67,0.029973
2025-04-10,CRL,long,12072.67,0.08343779999999999
2025-04-10,SLB,long,12072.67,0.061816199999999995
2025-04-10,TSLA,long,12072.67,0.0606624
2025-04-10,ALB,long,12072.67,0.0587424
2025-04-10,FSLR,long,12072.67,0.056658599999999996
2025-04-10,DVN,long,12072.67,0.0543252
2025-04-10,APA,long,12072.67,0.0508206
2025-04-10,EOG,long,12072.67,0.0449046
2025-04-10,AKAM,long,12072.67,0.0436422
2025-04-10,OXY,long,12072.67,0.043512
2025-04-17,UNH,long,12072.67,0.17167600000000002
2025-04-17,HUM,long,12072.67,0.13069519999999998
2025-04-17,KLAC,long,12072.67,0.10158720000000002
2025-04-17,DVA,long,12072.67,0.09155360000000001
2025-04-17,WSM,long,12072.67,0.0908736
2025-04-17,DECK,long,12072.67,0.0844744
2025-04-17,HUBB,long,12072.67,0.0771952
2025-04-17,JBL,long,12072.67,0.0762712
2025-04-17,SNA,long,12072.67,0.074924
2025-04-17,DXCM,long,12072.67,0.0733632
2025-04-25,LLY,long,12072.67,0.1071064
2025-04-25,HAL,long,12072.67,0.09825840000000001
2025-04-25,APA,long,12072.67,0.0862536
2025-04-25,BKR,long,12072.67,0.07439440000000001
2025-04-25,MOS,long,12072.67,0.0730864
2025-04-25,FANG,long,12072.67,0.0708776
2025-04-25,DVN,long,12072.67,0.06621439999999999
2025-04-25,SLB,long,12072.67,0.0616872
2025-04-25,OXY,long,12072.67,0.05992800000000001
2025-04-25,IBM,long,12072.67,0.0576256
2025-05-02,FSLR,long,12099.32,0.1041864
2025-05-02,CSGP,long,12099.32,0.0921136
2025-05-02,PSKY,long,12099.32,0.0832176
2025-05-02,MCHP,long,12099.32,0.08127200000000001
2025-05-02,SMCI,long,12099.32,0.07984400000000001
2025-05-02,QCOM,long,12099.32,0.07912960000000001
2025-05-02,NXPI,long,12099.32,0.07800800000000001
2025-05-02,DG,long,12099.32,0.07710320000000001
2025-05-02,CHTR,long,12099.32,0.07601920000000001
2025-05-02,BLDR,long,12099.32,0.072576
2025-05-09,ANET,long,12133.29,0.097916
2025-05-09,CARR,long,12133.29,0.0890992
2025-05-09,DASH,long,12133.29,0.08695920000000001
2025-05-09,DXCM,long,12133.29,0.06660160000000001
2025-05-09,BMY,long,12133.29,0.063772
2025-05-09,CAH,long,12133.29,0.0591232
2025-05-09,CL,long,12133.29,0.0591232
2025-05-09,TT,long,12133.29,0.056312
2025-05-09,LUV,long,12133.29,0.0550744
2025-05-09,NUE,long,12133.29,0.0545808
2025-05-16,TTD,long,12202.7,0.188915
2025-05-16,PODD,long,12202.7,0.119808
2025-05-16,CRL,long,12202.7,0.106694
2025-05-16,HOOD,long,12202.7,0.096061
2025-05-16,MCHP,long,12202.7,0.094524
2025-05-16,NEM,long,12202.7,0.094008
2025-05-16,EPAM,long,12202.7,0.087836
2025-05-16,ROK,long,12202.7,0.085188
2025-05-16,UAL,long,12202.7,0.083325
2025-05-16,EQT,long,12202.7,0.074364
2025-05-23,SMCI,long,12215.07,0.235116
2025-05-23,FSLR,long,12215.07,0.170343
2025-05-23,COIN,long,12215.07,0.154976
2025-05-23,NRG,long,12215.07,0.128364
2025-05-23,CPRT,long,12215.07,0.120125
2025-05-23,AES,long,12215.07,0.109382
2025-05-23,FICO,long,12215.07,0.0987
2025-05-23,CHRW,long,12215.07,0.081246
2025-05-23,STE,long,12215.07,0.080077
2025-05-23,WDAY,long,12215.07,0.078675
2025-06-02,COHR,long,12093.31,0.128425
2025-06-02,DG,long,12093.31,0.116061
2025-06-02,HPQ,long,12093.31,0.096753
2025-06-02,MRK,long,12093.31,0.086929
2025-06-02,GEV,long,12093.31,0.08505
2025-06-02,LYV,long,12093.31,0.082587
2025-06-02,MRNA,long,12093.31,0.081978
2025-06-02,SNPS,long,12093.31,0.080679
2025-06-02,ALB,long,12093.31,0.077916
2025-06-02,COIN,long,12093.31,0.070835
2025-06-09,WBD,long,12479.69,0.134249
2025-06-09,ULTA,long,12479.69,0.127734
2025-06-09,APP,long,12479.69,0.115326
2025-06-09,NUE,long,12479.69,0.110043
2025-06-09,HOLX,long,12479.69,0.099593
2025-06-09,UAL,long,12479.69,0.092899
2025-06-09,STLD,long,12479.69,0.087839
2025-06-09,EG,long,12479.69,0.080095
2025-06-09,AVGO,long,12479.69,0.07492
2025-06-09,ACGL,long,12479.69,0.072545
2025-06-16,ON,long,12517.82,0.10515
2025-06-16,DG,long,12517.82,0.100293
2025-06-16,ALB,long,12517.82,0.074794
2025-06-16,SNDK,long,12517.82,0.071343
2025-06-16,EXPE,long,12517.82,0.064905
2025-06-16,MCHP,long,12517.82,0.064629
2025-06-16,SJM,long,12517.82,0.064308
2025-06-16,SNPS,long,12517.82,0.062152
2025-06-16,AMAT,long,12517.82,0.061714
2025-06-16,ELV,long,12517.82,0.060599
2025-06-24,SATS,long,12418.7,0.279301
2025-06-24,BG,long,12418.7,0.155835
2025-06-24,FSLR,long,12418.7,0.151546
2025-06-24,ADM,long,12418.7,0.121733
2025-06-24,ORCL,long,12418.7,0.117073
2025-06-24,WBD,long,12418.7,0.116748
2025-06-24,HAL,long,12418.7,0.113322
2025-06-24,AES,long,12418.7,0.112056
2025-06-24,CF,long,12418.7,0.11039
2025-06-24,APA,long,12418.7,0.109206
2025-07-01,COIN,long,12742.19,0.22355999999999998
2025-07-01,JBL,long,12742.19,0.145074
2025-07-01,TSLA,long,12742.19,0.12438359999999998
2025-07-01,CEG,long,12742.19,0.11559599999999999
2025-07-01,EQIX,long,12742.19,0.11309519999999999
2025-07-01,CVNA,long,12742.19,0.10285559999999999
2025-07-01,INTC,long,12742.19,0.1020456
2025-07-01,UBER,long,12742.19,0.1013988
2025-07-01,ABT,long,12742.19,0.10013639999999999
2025-07-01,AMD,long,12742.19,0.0998112
2025-07-09,CNC,long,13586.03,0.2017164
2025-07-09,HOOD,long,13586.03,0.1390296
2025-07-09,ELV,long,13586.03,0.12819
2025-07-09,SMCI,long,13586.03,0.119514
2025-07-09,PSKY,long,13586.03,0.11346119999999998
2025-07-09,NKE,long,13586.03,0.11324279999999999
2025-07-09,UNH,long,13586.03,0.1079736
2025-07-09,HUM,long,13586.03,0.1042788
2025-07-09,HPE,long,13586.03,0.0952812
2025-07-09,CMG,long,13586.03,0.08519999999999998
2025-07-16,PTC,long,13578.81,0.2014464
2025-07-16,AES,long,13578.81,0.1863108
2025-07-16,CF,long,13578.81,0.14544839999999998
2025-07-16,APA,long,13578.81,0.1331988
2025-07-16,SATS,long,13578.81,0.1288116
2025-07-16,CRWD,long,13578.81,0.11431559999999999
2025-07-16,OXY,long,13578.81,0.1136544
2025-07-16,VST,long,13578.81,0.11127
2025-07-16,STLD,long,13578.81,0.10814639999999999
2025-07-16,FTNT,long,13578.81,0.1065492
2025-07-23,AMD,long,14053.59,0.1458264
2025-07-23,EQT,long,14053.59,0.13501559999999999
2025-07-23,LUV,long,14053.59,0.1123176
2025-07-23,UAL,long,14053.59,0.10824
2025-07-23,DAL,long,14053.59,0.1076004
2025-07-23,LITE,long,14053.59,0.10265279999999999
2025-07-23,NCLH,long,14053.59,0.1019112
2025-07-23,MCHP,long,14053.59,0.0965784
2025-07-23,ELV,long,14053.59,0.0958836
2025-07-23,PLD,long,14053.59,0.09465839999999999
2025-07-30,IVZ,long,13953.87,0.15125159999999999
2025-07-30,NRG,long,13953.87,0.1378116
2025-07-30,FSLR,long,13953.87,0.1100664
2025-07-30,IQV,long,13953.87,0.0906936
2025-07-30,GEV,long,13953.87,0.088188
2025-07-30,VST,long,13953.87,0.0808296
2025-07-30,TEL,long,13953.87,0.0786168
2025-07-30,PANW,long,13953.87,0.0725208
2025-07-30,CHTR,long,13953.87,0.07100279999999999
2025-07-30,ALB,long,13953.87,0.06611399999999999
2025-08-06,FIX,long,13389.98,0.11887439999999999
2025-08-06,SATS,long,13389.98,0.1178964
2025-08-06,ALGN,long,13389.98,0.11336039999999999
2025-08-06,SMCI,long,13389.98,0.1104888
2025-08-06,HUM,long,13389.98,0.1051776
2025-08-06,APA,long,13389.98,0.09984359999999999
2025-08-06,CRL,long,13389.98,0.09492360000000001
2025-08-06,AMD,long,13389.98,0.09296399999999999
2025-08-06,TER,long,13389.98,0.0899064
2025-08-06,ON,long,13389.98,0.08907720000000001
2025-08-13,TTD,long,13637.56,0.2073696
2025-08-13,PLTR,long,13637.56,0.1442292
2025-08-13,AXON,long,13637.56,0.14082719999999999
2025-08-13,CHRW,long,13637.56,0.12934559999999998
2025-08-13,ANET,long,13637.56,0.12473159999999998
2025-08-13,PTC,long,13637.56,0.11821319999999999
2025-08-13,TYL,long,13637.56,0.11177639999999998
2025-08-13,NCLH,long,13637.56,0.11134319999999999
2025-08-13,MPWR,long,13637.56,0.1105128
2025-08-13,GPN,long,13637.56,0.1076436
2025-08-20,PSKY,long,13317.93,0.2730708
2025-08-20,TKO,long,13317.93,0.19491479999999997
2025-08-20,AMD,long,13317.93,0.1932
2025-08-20,COHR,long,13317.93,0.1694124
2025-08-20,APP,long,13317.93,0.1602612
2025-08-20,MU,long,13317.93,0.15691319999999997
2025-08-20,ALB,long,13317.93,0.14776799999999998
2025-08-20,LRCX,long,13317.93,0.1473936
2025-08-20,EA,long,13317.93,0.143922
2025-08-20,AMAT,long,13317.93,0.13898519999999998
2025-08-27,FSLR,long,13660.06,0.163632
2025-08-27,MRNA,long,13660.06,0.08694959999999999
2025-08-27,RCL,long,13660.06,0.08541719999999998
2025-08-27,DXCM,long,13660.06,0.0852912
2025-08-27,REGN,long,13660.06,0.08333879999999999
2025-08-27,INTC,long,13660.06,0.0747936
2025-08-27,LYB,long,13660.06,0.0713232
2025-08-27,UBER,long,13660.06,0.0687324
2025-08-27,MCHP,long,13660.06,0.067128
2025-08-27,DOW,long,13660.06,0.0650376
2025-09-04,SATS,long,13858.72,0.2702784
2025-09-04,ALB,long,13858.72,0.1564284
2025-09-04,HRL,long,13858.72,0.14248919999999998
2025-09-04,MGM,long,13858.72,0.12147119999999999
2025-09-04,DELL,long,13858.72,0.1148496
2025-09-04,LRCX,long,13858.72,0.1045272
2025-09-04,SMCI,long,13858.72,0.10358759999999999
2025-09-04,STZ,long,13858.72,0.09894359999999999
2025-09-04,TDG,long,13858.72,0.0971376
2025-09-04,EL,long,13858.72,0.0943848
2025-09-11,CIEN,long,14123.84,0.1290516
2025-09-11,SNDK,long,14123.84,0.11704079999999999
2025-09-11,HUM,long,14123.84,0.10603199999999999
2025-09-11,DXCM,long,14123.84,0.100818
2025-09-11,TTD,long,14123.84,0.09983639999999999
2025-09-11,DECK,long,14123.84,0.0776844
2025-09-11,A,long,14123.84,0.076098
2025-09-11,RL,long,14123.84,0.0731448
2025-09-11,ADSK,long,14123.84,0.07275
2025-09-11,FCX,long,14123.84,0.0725976
2025-09-18,ORCL,long,14159.96,0.2280048
2025-09-18,WBD,long,14159.96,0.19548
2025-09-18,CNC,long,14159.96,0.1824672
2025-09-18,AVGO,long,14159.96,0.1501104
2025-09-18,PSKY,long,14159.96,0.13752119999999998
2025-09-18,UNH,long,14159.96,0.12831
2025-09-18,SATS,long,14159.96,0.10942799999999998
2025-09-18,FDS,long,14159.96,0.10275959999999999
2025-09-18,BLDR,long,14159.96,0.09552599999999999
2025-09-18,BIIB,long,14159.96,0.08856839999999999
2025-09-25,REGN,long,14108.67,0.1330836
2025-09-25,INTC,long,14108.67,0.12025799999999999
2025-09-25,MU,long,14108.67,0.11865599999999998
2025-09-25,MPWR,long,14108.67,0.1102728
2025-09-25,CRWD,long,14108.67,0.108156
2025-09-25,ON,long,14108.67,0.107874
2025-09-25,CSGP,long,14108.67,0.10040639999999999
2025-09-25,DG,long,14108.67,0.10025279999999999
2025-09-25,EA,long,14108.67,0.08600519999999999
2025-09-25,CHRW,long,14108.67,0.0851472
2025-10-02,TER,long,14469.45,0.123282
2025-10-02,HAL,long,14469.45,0.12030359999999998
2025-10-02,PSX,long,14469.45,0.0954756
2025-10-02,VLO,long,14469.45,0.09384959999999999
2025-10-02,COP,long,14469.45,0.0932928
2025-10-02,INTC,long,14469.45,0.0918336
2025-10-02,BKR,long,14469.45,0.08799719999999998
2025-10-02,FDX,long,14469.45,0.0874884
2025-10-02,DVN,long,14469.45,0.08555639999999999
2025-10-02,MPC,long,14469.45,0.085506
2025-10-09,WDC,long,14515.17,0.1753848
2025-10-09,STX,long,14515.17,0.1548348
2025-10-09,TECH,long,14515.17,0.1500444
2025-10-09,CRL,long,14515.17,0.1482132
2025-10-09,NKE,long,14515.17,0.1406364
2025-10-09,BIIB,long,14515.17,0.1298172
2025-10-09,SNDK,long,14515.17,0.11630879999999999
2025-10-09,COIN,long,14515.17,0.11214719999999999
2025-10-09,LRCX,long,14515.17,0.11094
2025-10-09,SBUX,long,14515.17,0.10928399999999999
2025-10-16,HUM,long,14180.46,0.1652784
2025-10-16,FCX,long,14180.46,0.1162848
2025-10-16,ANET,long,14180.46,0.11552399999999999
2025-10-16,PYPL,long,14180.46,0.11018159999999999
2025-10-16,KVUE,long,14180.46,0.1083564
2025-10-16,HPE,long,14180.46,0.1036992
2025-10-16,BLDR,long,14180.46,0.1032108
2025-10-16,AMD,long,14180.46,0.0951384
2025-10-16,UAL,long,14180.46,0.093702
2025-10-16,ALB,long,14180.46,0.089004
2025-10-23,NEM,long,14563.45,0.216738
2025-10-23,BG,long,14563.45,0.17679479999999997
2025-10-23,JBHT,long,14563.45,0.17620919999999998
2025-10-23,GNRC,long,14563.45,0.1578348
2025-10-23,ORCL,long,14563.45,0.1521072
2025-10-23,ON,long,14563.45,0.13507319999999998
2025-10-23,CAT,long,14563.45,0.1120188
2025-10-23,URI,long,14563.45,0.1032912
2025-10-23,MU,long,14563.45,0.0987588
2025-10-23,SNDK,long,14563.45,0.098718
2025-10-30,HAL,long,14649.37,0.17469479999999998
2025-10-30,ISRG,long,14649.37,0.1407192
2025-10-30,LVS,long,14649.37,0.128676
2025-10-30,TTD,long,14649.37,0.126504
2025-10-30,WST,long,14649.37,0.1262112
2025-10-30,AVY,long,14649.37,0.11227440000000001
2025-10-30,VLO,long,14649.37,0.104028
2025-10-30,RTX,long,14649.37,0.0870624
2025-10-30,WYNN,long,14649.37,0.08043
2025-10-30,GM,long,14649.37,0.0777252
2025-11-06,CHRW,long,14577.99,0.1596072
2025-11-06,MRNA,long,14577.99,0.1398168
2025-11-06,CAH,long,14577.99,0.1205628
2025-11-06,CL,long,14577.99,0.1205628
2025-11-06,REGN,long,14577.99,0.10245239999999999
2025-11-06,HII,long,14577.99,0.09584039999999999
2025-11-06,KMB,long,14577.99,0.0951024
2025-11-06,DXCM,long,14577.99,0.0931656
2025-11-06,SWKS,long,14577.99,0.0897744
2025-11-06,HUM,long,14577.99,0.089166
2025-11-13,DDOG,long,14629.19,0.1746228
2025-11-13,FSLR,long,14629.19,0.16719
2025-11-13,COHR,long,14629.19,0.13587839999999998
2025-11-13,WDC,long,14629.19,0.1347072
2025-11-13,LITE,long,14629.19,0.1099236
2025-11-13,DD,long,14629.19,0.1037616
2025-11-13,INCY,long,14629.19,0.10239
2025-11-13,EXPD,long,14629.19,0.1010988
2025-11-13,TRGP,long,14629.19,0.0997344
2025-11-13,CTRA,long,14629.19,0.09971999999999999
2025-11-20,EXPE,long,14257.29,0.2054772
2025-11-20,ALB,long,14257.29,0.1389972
2025-11-20,SNDK,long,14257.29,0.1309164
2025-11-20,AKAM,long,14257.29,0.1205292
2025-11-20,NEM,long,14257.29,0.1112544
2025-11-20,AMD,long,14257.29,0.10987680000000001
2025-11-20,BSX,long,14257.29,0.0919392
2025-11-20,LYB,long,14257.29,0.0912528
2025-11-20,CSCO,long,14257.29,0.0879744
2025-11-20,BKNG,long,14257.29,0.0871656
2025-11-28,CEG,long,15349.96,0.13515719999999998
2025-11-28,PWR,long,15349.96,0.1121364
2025-11-28,SNPS,long,15349.96,0.1116732
2025-11-28,PSKY,long,15349.96,0.1037136
2025-11-28,LITE,long,15349.96,0.103092
2025-11-28,GOOGL,long,15349.96,0.0999636
2025-11-28,AMAT,long,15349.96,0.0963132
2025-11-28,ALB,long,15349.96,0.0952836
2025-11-28,TSLA,long,15349.96,0.0947484
2025-11-28,WBD,long,15349.96,0.0946596
2025-12-05,LYB,long,15148.74,0.126498
2025-12-05,LITE,long,15148.74,0.12077279999999999
2025-12-05,ARE,long,15148.74,0.11639519999999999
2025-12-05,LEN,long,15148.74,0.1120368
2025-12-05,MAA,long,15148.74,0.1120368
2025-12-05,PSKY,long,15148.74,0.0950304
2025-12-05,DHI,long,15148.74,0.0869688
2025-12-05,FSLR,long,15148.74,0.0865224
2025-12-05,MCK,long,15148.74,0.0821316
2025-12-05,INTC,long,15148.74,0.08090879999999999
2025-12-12,DG,long,15002.79,0.16843439999999998
2025-12-12,MCHP,long,15002.79,0.1436616
2025-12-12,TPL,long,15002.79,0.1197408
2025-12-12,APA,long,15002.79,0.11644679999999999
2025-12-12,APP,long,15002.79,0.11346719999999999
2025-12-12,DECK,long,15002.79,0.1086516
2025-12-12,FTNT,long,15002.79,0.10506719999999999
2025-12-12,VRT,long,15002.79,0.10488839999999999
2025-12-12,ODFL,long,15002.79,0.1035924
2025-12-12,NXPI,long,15002.79,0.0981432
2025-12-19,SATS,long,15005.92,0.2500092
2025-12-19,WBD,long,15005.92,0.1737504
2025-12-19,MOS,long,15005.92,0.1410468
2025-12-19,ELV,long,15005.92,0.12261839999999999
2025-12-19,CNC,long,15005.92,0.1052772
2025-12-19,PSX,long,15005.92,0.10460399999999999
2025-12-19,CVNA,long,15005.92,0.0972012
2025-12-19,WDC,long,15005.92,0.0923196
2025-12-19,GEV,long,15005.92,0.0915204
2025-12-19,PGR,long,15005.92,0.0894648
2025-12-29,MRNA,long,15089.76,0.29852039999999996
2025-12-29,INCY,long,15089.76,0.1919652
2025-12-29,NCLH,long,15089.76,0.18945479999999998
2025-12-29,HSY,long,15089.76,0.1738032
2025-12-29,SBUX,long,15089.76,0.1607904
2025-12-29,RCL,long,15089.76,0.15771
2025-12-29,UAL,long,15089.76,0.1473396
2025-12-29,ALB,long,15089.76,0.1466556
2025-12-29,TPL,long,15089.76,0.14629799999999998
2025-12-29,WYNN,long,15089.76,0.1411416
