date,gross_exposure,net_exposure,beta
2018-01-02,1.0000000000000002,1.3877787807814457e-17,0.0
2018-01-03,0.9500000000000002,0.14999999999999997,0.0
2018-01-04,0.9500000000000002,-0.05000000000000007,0.0
2018-01-05,0.9500000000000002,0.04999999999999999,0.0
2018-01-08,0.9500000000000001,-0.05000000000000007,0.0
2018-01-09,1.0,-0.20000000000000007,0.0
2018-01-10,0.9500000000000001,-0.45,0.0
2018-01-11,0.9500000000000002,-0.45,0.0
2018-01-12,0.9000000000000001,-0.4,0.0
2018-01-16,0.8500000000000003,-0.35,0.0
2018-01-17,0.9500000000000002,-0.35000000000000003,0.0
2018-01-18,1.0,-0.3000000000000001,0.0
2018-01-19,1.0000000000000002,-0.10000000000000002,0.0
2018-01-22,1.0,-0.1,0.0
2018-01-23,0.9500000000000002,0.1499999999999999,0.0
2018-01-24,0.9000000000000001,-0.10000000000000005,0.0
2018-01-25,0.9000000000000001,-0.2,0.0
2018-01-26,0.9500000000000002,-0.25,0.0
2018-01-29,0.9500000000000002,-0.25,0.0
2018-01-30,0.9500000000000001,-0.3500000000000001,0.0
2018-01-31,1.0000000000000002,-0.10000000000000002,0.0
2018-02-01,1.0000000000000002,1.3877787807814457e-17,0.0
2018-02-02,1.0000000000000002,-0.10000000000000002,0.0
2018-02-05,1.0000000000000002,-0.1,0.0
2018-02-06,1.0000000000000002,1.3877787807814457e-17,0.0
2018-02-07,0.9500000000000001,-0.45,0.0
2018-02-08,0.8500000000000002,-0.45,0.0
2018-02-09,1.0,-0.20000000000000004,0.0
2018-02-12,1.0000000000000002,-0.20000000000000007,0.0
2018-02-13,0.9000000000000001,-0.4,0.0
2018-02-14,1.0000000000000002,1.3877787807814457e-17,0.0
2018-02-15,1.0500000000000003,0.15000000000000002,0.1696567941755331
2018-02-16,1.0000000000000002,-0.30000000000000004,-0.38389240695367893
2018-02-20,1.0500000000000003,-0.15000000000000013,-0.22769944539749762
2018-02-21,1.0473676690385438,0.04736766903854353,-0.04736766903854356
2018-02-22,1.0500000000000003,-0.05000000000000002,-0.14383964993149986
2018-02-23,1.05,-0.3500000000000001,-0.44509111680090363
2018-02-26,1.0000000000000002,-0.2,-0.27740217713637394
2018-02-27,0.8500000000000002,-0.45,-0.520135695775251
2018-02-28,1.0,-0.4,-0.4957322295385995
2018-03-01,1.0,-0.40000000000000013,-0.5146173344516793
2018-03-02,0.9500000000000003,-0.15000000000000002,-0.22751650174290713
2018-03-05,1.0,-0.2,-0.2653253514600448
2018-03-06,0.9500000000000002,-0.05000000000000007,-0.14066959196667414
2018-03-07,0.9500000000000002,0.04999999999999989,0.050951353110743586
2018-03-08,0.9500000000000002,-0.05000000000000007,-0.16974819781059397
2018-03-09,0.9918746684697475,0.09187466846974729,-0.04187466846974732
2018-03-12,1.0,0.09999999999999996,0.1019554442767289
2018-03-13,1.0000000000000002,0.20000000000000007,0.17749147192353093
2018-03-14,1.0000000000000002,-5.551115123125783e-17,-0.10736220184692932
2018-03-15,1.0500000000000003,-0.05000000000000003,-0.12540716189991633
2018-03-16,1.05,-0.15000000000000013,-0.24872937262715575
2018-03-19,1.0500000000000003,-0.05000000000000003,-0.1366607378390048
2018-03-20,1.0000000000000002,-0.2,-0.2774528886743418
2018-03-21,1.0500000000000003,0.15000000000000002,0.2124532328590858
2018-03-22,1.05,0.15000000000000008,0.21358576996890014
2018-03-23,1.0500000000000003,0.05000000000000002,0.0992075001847118
2018-03-26,1.0000000000000002,0.3000000000000001,0.3745285595909331
2018-03-27,1.0,0.3000000000000001,0.3317299842952868
2018-03-28,1.05,0.2499999999999999,0.2685525043641992
2018-03-29,1.05,0.14999999999999997,0.1411249583165481
2018-04-02,1.05,0.1499999999999999,0.14423289178023313
2018-04-03,1.0000000000000002,-4.85722573273506e-17,-0.08494776936426297
2018-04-04,1.0500000000000003,0.05000000000000002,-0.09787309899584651
2018-04-05,0.9500000000000002,0.04999999999999996,-0.11889010223955322
2018-04-06,1.0500000000000003,-0.05,-0.18753200650976493
2018-04-09,0.9500000000000002,0.04999999999999995,-0.08183670478694366
2018-04-10,0.9068424753082209,0.0931575246917791,0.006842475308220845
2018-04-11,0.9500000000000002,-0.15000000000000002,-0.3042977232690001
2018-04-12,1.05,-0.15000000000000002,-0.31480104702870443
2018-04-13,0.9500000000000002,-0.05000000000000006,-0.1798838081076517
2018-04-16,1.0500000000000003,-0.05,-0.19727828635721925
2018-04-17,1.0265476419708968,0.026547641970896416,-0.026547641970896457
2018-04-18,1.0000000000000002,-0.10000000000000002,-0.2416027846421723
2018-04-19,1.0,-0.4,-0.4882922989197707
2018-04-20,1.05,-0.35000000000000003,-0.4110692215290208
2018-04-23,1.0500000000000003,-0.15000000000000002,-0.2420949267074875
2018-04-24,1.0500000000000003,-0.15000000000000013,-0.2829018675595997
2018-04-25,1.0500000000000003,-0.050000000000000086,-0.17382471952899317
2018-04-26,1.0500000000000003,0.25,0.26915562570618035
2018-04-27,1.0000000000000002,0.09999999999999994,0.129633862264716
2018-04-30,1.0500000000000003,0.05000000000000002,0.1020699771668738
2018-05-01,0.7000000000000001,0.10000000000000005,0.1053451490859462
2018-05-02,0.85,0.15000000000000008,0.16854056299721196
2018-05-03,1.05,0.24999999999999994,0.25054597635379666
2018-05-04,1.0000000000000002,0.3000000000000001,0.3048040162727391
2018-05-07,1.05,0.25,0.27178409177569324
2018-05-08,1.0,-0.2,-0.2604696197081176
2018-05-09,1.0000000000000002,-0.2,-0.2757746303191561
2018-05-10,0.9500000000000001,-0.25000000000000006,-0.415069678237422
2018-05-11,0.9000000000000001,-0.2,-0.3329426632193614
2018-05-14,0.8500000000000003,-0.15000000000000002,-0.3191497521704253
2018-05-15,0.8500000000000002,-0.15000000000000002,-0.29477760810944537
2018-05-16,0.7500000000000002,-0.15000000000000002,-0.2566586237882513
2018-05-17,1.0,-0.20000000000000007,-0.3485340210782033
2018-05-18,1.0,-0.3000000000000001,-0.4095652504156558
2018-05-21,0.9873143054159189,-0.012685694584081336,-0.037314305415918736
2018-05-22,1.0000000000000002,-0.10000000000000002,-0.24031794024019565
2018-05-23,1.0500000000000003,0.05000000000000002,-0.13839933018221862
2018-05-24,1.0008936675963205,0.09910633240367933,0.0008936675963206117
2018-05-25,1.05,0.24999999999999994,0.23646235287189382
2018-05-29,1.0420512502572594,0.1420512502572596,-0.04205125025725963
2018-05-30,1.0000000000000002,-0.10000000000000002,-0.20476427972927508
2018-05-31,1.0500000000000003,0.15000000000000002,0.19459906169465105
2018-06-01,0.9500000000000003,0.35000000000000014,0.3629773732257346
2018-06-04,1.0000000000000002,0.30000000000000016,0.27612383721590794
2018-06-05,1.0500000000000003,0.25,0.20298042944323955
2018-06-06,0.9500000000000002,0.049999999999999926,-0.09214544183135946
2018-06-07,0.9500000000000003,-0.050000000000000044,-0.16037343584621086
2018-06-08,1.0500000000000003,0.04999999999999996,-0.10790469394730492
2018-06-11,1.0,-0.2,-0.36586819032582907
2018-06-12,0.9091879785848048,0.009187978584804773,-0.00918797858480476
2018-06-13,0.9562800235868819,0.04371997641311815,0.0062800235868818305
2018-06-14,0.85,0.15000000000000002,0.14198623147195358
2018-06-15,0.8,0.10000000000000002,0.08872623697913365
2018-06-18,0.85,0.35000000000000003,0.3235214703456239
2018-06-19,0.85,0.35000000000000003,0.3067188584832281
2018-06-20,0.85,0.15000000000000002,0.14982515195077897
2018-06-21,1.0000000000000002,0.09999999999999991,0.22648955251947475
2018-06-22,1.05,-0.15000000000000002,-0.1309248526819042
2018-06-25,1.0500000000000003,0.05000000000000002,0.19588347565974712
2018-06-26,1.0,1.3877787807814457e-17,0.09842502665372921
2018-06-27,1.011102184703938,-0.08889781529606217,-0.011102184703937826
2018-06-28,0.9500000000000002,0.04999999999999992,0.052388071053152685
2018-06-29,1.0006067375420038,0.0993932624579964,0.0006067375420035839
2018-07-02,0.8114261255558048,0.188573874444195,0.01142612555580497
2018-07-03,1.0500000000000003,0.24999999999999994,0.12839192889186846
2018-07-05,0.85,0.25000000000000006,0.07234545010228997
2018-07-06,0.7999999999999999,0.2,0.08205207088659652
2018-07-09,0.8999999999999999,0.2,0.11163216076560661
2018-07-10,1.0000000000000002,0.3,0.27430710624463717
2018-07-11,0.9000000000000001,0.20000000000000007,0.21374343041517116
2018-07-12,1.0500000000000003,0.15000000000000008,0.25354247510535716
2018-07-13,1.05,-0.15000000000000013,-0.12222003276029515
2018-07-16,1.0500000000000003,-0.25000000000000006,-0.2582061284266396
2018-07-17,1.0000000000000002,1.3877787807814457e-17,0.12182181412377725
2018-07-18,1.05,-0.05000000000000003,0.1314894191473756
2018-07-19,1.0500000000000003,-0.04999999999999999,0.14360367654368117
2018-07-20,1.0,-2.7755575615628914e-17,0.10575491101508644
2018-07-23,0.9500000000000004,0.2500000000000001,0.3665037014865352
2018-07-24,1.05,0.14999999999999997,0.3433763833332813
2018-07-25,0.85,0.15000000000000008,0.3243537778489859
2018-07-26,1.05,0.15000000000000002,0.22294695835976522
2018-07-27,1.0500000000000003,-0.04999999999999999,0.06582024668479464
2018-07-30,1.0353999649572878,-0.035399964957287755,0.03539996495728774
2018-07-31,1.0475335769067284,-0.04753357690672843,0.047533576906728416
2018-08-01,1.05,-0.050000000000000114,-0.06681356314971157
2018-08-02,1.05,0.14999999999999997,0.24803598584001277
2018-08-03,1.0500000000000003,0.05,0.13138491504919325
2018-08-06,1.05,0.049999999999999975,0.07329944547588688
2018-08-07,1.0500000000000003,0.05000000000000002,0.08914283914735266
2018-08-08,1.005757425785216,0.09424257421478427,0.005757425785215757
2018-08-09,1.0500000000000003,0.04999999999999993,-0.09501447677833434
2018-08-10,1.05,-0.2500000000000001,-0.3287421483678612
2018-08-13,1.05,-0.05000000000000002,-0.17970410891856242
2018-08-14,1.0231549458467715,0.023154945846771552,-0.023154945846771566
2018-08-15,1.0,-0.10000000000000002,-0.15402317166401397
2018-08-16,1.0000000000000002,0.10000000000000002,0.15819931553454647
2018-08-17,1.0000000000000002,1.3877787807814457e-17,0.11029749420868255
2018-08-20,1.0000000000000002,0.10000000000000002,0.21213439888838526
2018-08-21,1.05,-0.05000000000000006,-0.10451791341182293
2018-08-22,1.0500000000000003,-0.050000000000000044,-0.11633971696161982
2018-08-23,1.0500000000000003,0.14999999999999997,0.1759685399908159
2018-08-24,1.0500000000000003,0.05000000000000002,-0.07397478367825483
2018-08-27,1.0081643743063269,0.09183562569367298,0.008164374306327007
2018-08-28,1.0500000000000003,0.15000000000000008,0.17442505902861516
2018-08-29,1.0500000000000003,0.25,0.3568999035866066
2018-08-30,1.0500000000000003,-0.05000000000000006,-0.08402820852511719
2018-08-31,1.05,-0.15000000000000008,-0.23322071459335048
2018-09-04,1.0500000000000003,-0.0500000000000001,-0.11542127515462
2018-09-05,1.0000000000000002,-0.10000000000000007,-0.2175133427848467
2018-09-06,1.0000000000000002,-0.10000000000000002,-0.07890726992111081
2018-09-07,1.0000000000000002,-0.10000000000000009,0.09868867190645833
2018-09-10,0.9500000000000001,0.0500000000000001,0.285182151720011
2018-09-11,0.976755045203176,-0.07675504520317596,0.02675504520317589
2018-09-12,1.0000000000000002,0.10000000000000002,0.26669399418786993
2018-09-13,1.05,0.15000000000000002,0.3376684835521884
2018-09-14,1.0,-2.7755575615628914e-17,0.2180769493157765
2018-09-17,1.0,-2.0816681711721685e-17,0.10890655953579151
2018-09-18,1.05,-0.05000000000000003,0.06615933981626991
2018-09-19,1.0500000000000003,-0.15000000000000008,-0.1351575940709757
2018-09-20,0.9225725523390942,-0.17742744766090604,-0.02257255233909402
2018-09-21,0.7499999999999999,-0.14999999999999997,-0.07860176652200977
2018-09-24,1.0,-0.10000000000000009,0.09989081667301877
2018-09-25,1.0000000000000002,0.10000000000000002,0.25886690910213495
2018-09-26,1.0500000000000003,0.04999999999999995,0.21315783477107753
2018-09-27,1.0000000000000002,0.29999999999999993,0.43931271382696907
2018-09-28,1.0500000000000003,0.34999999999999987,0.5011306087895548
2018-10-01,1.0000000000000002,0.2,0.31024991978112565
2018-10-02,0.9500000000000001,-0.050000000000000044,0.1264471273964716
2018-10-03,1.0000000000000002,6.938893903907228e-18,0.2111654409162276
2018-10-04,0.9103212035465336,-0.1896787964534667,-0.01032120354653338
2018-10-05,0.7537315310579539,-0.15373153105795384,0.003731531057953873
2018-10-08,0.8000000000000002,-0.2,-0.11661395977280475
2018-10-09,1.0,-0.3000000000000001,-0.12853622992315858
2018-10-10,0.65,-0.15000000000000002,-0.060120748344372865
2018-10-11,1.0000000000000002,-0.10000000000000005,-0.20247469202159793
2018-10-12,1.031261753762665,0.031261753762664615,-0.0312617537626646
2018-10-15,1.045055852954772,0.0549441470452283,0.04505585295477172
2018-10-16,1.0099579923457336,0.09004200765426676,0.009957992345733267
2018-10-17,1.0,0.3000000000000001,0.1844477916703962
2018-10-18,1.05,0.15000000000000002,-0.07354334016637971
2018-10-19,0.85,-0.05000000000000002,-0.16559057393689225
2018-10-22,1.05,0.05,-0.23268769948911883
2018-10-23,1.05,-0.15000000000000008,-0.31789066454986203
2018-10-24,0.8297410880460973,-0.1297410880460973,0.029741088046097278
2018-10-25,0.95,0.050000000000000044,0.1656544343892515
2018-10-26,1.05,0.35,0.5276859959821018
2018-10-29,0.8372593314060364,-0.1372593314060364,0.03725933140603642
2018-10-30,0.9500000000000001,0.05000000000000002,0.12072398213969956
2018-10-31,1.05,0.3499999999999999,0.4339120812483117
2018-11-01,1.0,-0.10000000000000005,-0.23896620975645202
2018-11-02,0.9500000000000001,-0.15000000000000008,-0.4628514750611938
2018-11-05,1.05,-0.05000000000000003,-0.2823098486538282
2018-11-06,1.0000000000000002,0.29999999999999993,0.179572286948268
2018-11-07,0.8500000000000002,-0.25000000000000006,-0.3252610630723052
2018-11-08,0.8000000000000003,-0.3,-0.3574808298174657
2018-11-09,1.0500000000000003,-0.04999999999999999,0.10607992831823072
2018-11-12,1.0000996046128239,-0.09990039538717625,-9.960461282376709e-05
2018-11-13,0.9500000000000001,0.15000000000000008,0.36601452499055537
2018-11-14,0.8661763856322985,-0.16617638563229842,0.016176385632298382
2018-11-15,1.0500000000000003,-0.05,0.05800598879340037
2018-11-16,1.0000000000000002,-0.10000000000000002,0.0558976055785765
2018-11-19,1.05,0.3499999999999999,0.5444626414267751
2018-11-20,1.05,-0.15000000000000008,-0.08483559542601264
2018-11-21,0.9321087394088359,0.132108739408836,-0.032108739408835955
2018-11-23,0.9500000000000001,-0.05,-0.2716519987341497
2018-11-26,0.9500000000000001,0.05000000000000002,-0.19327694915412322
2018-11-27,0.9718179004267957,0.17181790042679562,-0.021817900426795586
2018-11-28,1.0317576844396616,0.13175768443966135,-0.03175768443966134
2018-11-29,0.9500000000000001,0.05,-0.2949056841183815
2018-11-30,1.0500000000000003,-0.05,-0.24599561879998255
2018-12-03,0.996822221319235,-0.003177778680765235,-0.046822221319234844
2018-12-04,0.8500000000000001,-0.35,-0.20875015950737522
2018-12-06,0.8500000000000002,-0.35,-0.1873186286090463
2018-12-07,0.9635039258980292,-0.2070122798199767,0.017889368300463594
2018-12-10,0.8597720105388007,-0.14880203537382194,0.015495165030388246
2018-12-11,0.840740810978823,-0.1366090853912318,0.048592619692782967
2018-12-12,0.875034994846144,-0.08025083746925724,0.03609616205943012
2018-12-13,0.8650611125027046,-0.050000000000000086,0.09693895151504521
2018-12-14,0.9683342349505484,0.3173336939802193,0.49284358363316066
2018-12-17,0.9713738267506249,-0.09548007790799339,-0.16424398994372746
2018-12-18,1.0298715331644253,-0.047987153316442516,-0.11989555911637173
2018-12-19,0.9500000000000001,-0.15000000000000008,-0.08216526565262594
2018-12-20,0.8852779706226495,-0.09740199481576171,-0.2491316258427131
2018-12-21,0.7500000000000002,-0.35000000000000003,-0.3664527533637051
2018-12-24,1.05,-0.25000000000000006,-0.42146633279689344
2018-12-26,0.9000000000000002,-0.3,-0.44356535641144645
2018-12-27,0.9500000000000002,-0.25,-0.4736006684516744
2018-12-28,0.95,-0.050000000000000044,-0.3658961558442215
2018-12-31,1.0000000000000002,0.2,0.16490666678935023
2019-01-02,1.0000000000000002,-5.551115123125783e-17,-0.1281239507088468
2019-01-03,0.9500000000000001,0.15000000000000002,0.2000747914772673
2019-01-04,0.9500000000000002,0.05000000000000003,-0.08096785445323268
2019-01-07,1.0000000000000002,0.10000000000000002,0.05456251238666068
2019-01-08,0.9808448374984181,-0.01915516250158221,-0.03084483749841782
2019-01-09,1.0044533103563555,-0.09554668964364443,-0.004453310356355572
2019-01-10,1.05,0.2499999999999999,0.41958744315305213
2019-01-11,0.95,0.14999999999999997,0.28866231164144585
2019-01-14,1.0500000000000003,-0.15000000000000002,0.0509035670897969
2019-01-15,1.0500000000000003,-0.15,0.052962944583905866
2019-01-16,1.0,-0.3000000000000001,-0.2730865938347166
2019-01-17,0.8500000000000003,-0.35,-0.23643504413125166
2019-01-18,0.8500000000000003,-0.35,-0.2943035797841257
2019-01-22,0.9500000000000003,-0.25,-0.17239781848032043
2019-01-23,0.8,-0.09999999999999999,-0.1339060593952611
2019-01-24,0.95,0.05000000000000003,0.17043319357835662
2019-01-25,1.0000000000000002,0.19999999999999996,0.3359071608147704
2019-01-28,1.0000000000000002,0.10000000000000002,0.2433865705218179
2019-01-29,1.0000000000000002,0.3000000000000001,0.4647148918573642
2019-01-30,1.05,0.34999999999999987,0.541608996128113
2019-01-31,1.0447300989451522,0.05526990105484801,0.04473009894515201
2019-02-01,0.9500000000000002,-0.25,-0.30035838331533715
2019-02-04,0.8500000000000002,0.44999999999999996,0.5117257689258793
2019-02-05,0.8,0.4000000000000002,0.49169288660715244
2019-02-06,0.95,0.3499999999999999,0.558407484966611
2019-02-07,1.0500000000000003,0.2500000000000001,0.45378297441207316
2019-02-08,1.0500000000000003,0.05,0.18633857030018078
2019-02-11,1.0000000000000002,1.3877787807814457e-17,0.14999168434453614
2019-02-12,1.0,-0.3000000000000001,-0.2197488761829246
2019-02-13,1.05,-0.15000000000000008,-0.22347594444202593
2019-02-14,1.0000000000000002,0.10000000000000002,0.10541728432736515
2019-02-15,0.9941212399100608,-0.0058787600899394415,-0.04412123991006067
2019-02-19,1.0000000000000002,0.3,0.4750627513458904
2019-02-20,1.0000000000000002,0.2,0.34968416177049044
2019-02-21,1.05,0.35,0.5220749289501041
2019-02-22,1.05,0.24999999999999994,0.36639565912657507
2019-02-25,1.05,0.24999999999999994,0.4061394038205069
2019-02-26,0.8999999999999999,0.2,0.39822988721370056
2019-02-27,1.0,0.20000000000000012,0.5275510362914549
2019-02-28,1.0500000000000003,0.15000000000000008,0.4256880070957337
2019-03-01,1.05,-0.05000000000000007,0.20174131119112293
2019-03-04,1.0420680913555331,-0.15793190864446693,-0.04206809135553312
2019-03-05,1.0500000000000003,-0.04999999999999999,0.21233768543418086
2019-03-06,1.0500000000000003,-0.04999999999999999,0.07717768337547765
2019-03-07,1.05,-0.15000000000000002,0.06868725917729851
2019-03-08,1.0500000000000003,-0.04999999999999999,0.17421868678212604
2019-03-11,1.0000000000000002,0.20000000000000012,0.41230987416990145
2019-03-12,0.8999999999999999,0.3,0.457116650344904
2019-03-13,1.0000000000000002,0.20000000000000012,0.3691361196998029
2019-03-14,1.05,0.25000000000000006,0.4433945228902575
2019-03-15,1.0500000000000003,-0.04999999999999999,0.0968276798554154
2019-03-18,1.0500000000000003,-0.15,0.07650673854802278
2019-03-19,1.05,-0.05000000000000007,0.09436844591957605
2019-03-20,1.0,6.938893903907228e-17,0.1944430896526666
2019-03-21,1.0500000000000003,0.05,0.2046500888508906
2019-03-22,1.05,0.049999999999999975,0.2805667334741631
2019-03-25,0.9500000000000002,0.25000000000000006,0.4827902784881557
2019-03-26,1.05,0.24999999999999994,0.8049924237322273
2019-03-27,1.0500000000000003,-0.04999999999999999,0.32953863327824373
2019-03-28,1.05,-0.15000000000000002,0.17192576378162777
2019-03-29,1.05,-0.25,0.09292714291506184
2019-04-01,0.9826590962280847,-0.2826590962280845,0.032659096228084494
2019-04-02,0.9231367654105849,-0.1231367654105848,0.02313676541058475
2019-04-03,0.9000000000000001,0.09999999999999996,0.4003139765168696
2019-04-04,0.7499999999999999,0.14999999999999997,0.42464216600095117
2019-04-05,0.9500000000000001,0.04999999999999995,0.43122482388529537
2019-04-08,0.85,0.05000000000000006,0.4601963325609371
2019-04-09,1.0,-0.10000000000000009,0.4338470164853536
2019-04-10,1.0000000000000002,-0.2,0.27393259750266913
2019-04-11,1.0500000000000003,-0.05000000000000007,0.5341864969963083
2019-04-12,1.0500000000000003,-0.050000000000000086,0.463565072191489
2019-04-15,0.9500000000000002,0.15000000000000008,0.8456179886911444
2019-04-16,1.0,0.20000000000000012,0.8046738824955911
2019-04-17,0.9000000000000002,0.20000000000000012,0.5270318194363924
2019-04-18,0.7999999999999999,0.09999999999999996,0.4043209416574574
2019-04-22,1.0500000000000003,0.15000000000000008,0.34040736971630786
2019-04-23,0.9,0.30000000000000004,0.45884964768307235
2019-04-24,0.9500000000000002,0.15000000000000002,0.6891264133531854
2019-04-25,1.05,0.1499999999999999,0.6086213929397046
2019-04-26,1.0,-0.10000000000000009,0.236482193119935
2019-04-29,1.0,0.0,0.23722092474060735
2019-04-30,1.0500000000000003,-0.05000000000000007,0.28996933716224194
2019-05-01,1.0000000000000002,-0.20000000000000007,-0.09879568143270531
2019-05-02,0.9500000000000003,-0.15000000000000002,-0.23675518309206736
2019-05-03,1.026472105145427,0.1735278948545732,0.026472105145426868
2019-05-06,1.0014899161994602,0.09851008380054002,0.001489916199459984
2019-05-07,0.8999999999999999,0.3,0.21817717548852872
2019-05-08,1.0500000000000003,0.15000000000000002,0.0842489212397908
2019-05-09,1.0500000000000003,0.24999999999999994,0.3747441957227587
2019-05-10,1.0500000000000003,0.15000000000000008,0.23007705687815688
2019-05-13,1.0500000000000003,0.05,0.10715045462838643
2019-05-14,1.0500000000000003,0.25000000000000006,0.29219086012982126
2019-05-15,1.05,0.2499999999999999,0.4955916530965764
2019-05-16,0.9,0.3,0.22615583957525615
2019-05-17,0.8499999999999999,0.049999999999999975,0.33569076966959077
2019-05-20,0.75,0.35000000000000014,0.34338999994084746
2019-05-21,1.0500000000000003,0.14999999999999997,0.32275151238377425
2019-05-22,1.0000000000000002,-0.10000000000000007,0.09682873623404165
2019-05-23,0.9500000000000002,-0.25000000000000006,-0.23174008168189983
2019-05-24,1.0500000000000003,0.14999999999999997,0.10494467238368427
2019-05-28,1.0,0.09999999999999996,0.31784045219964674
2019-05-29,1.0500000000000003,0.15000000000000002,0.13594378901566861
2019-05-30,1.0,0.3000000000000001,0.32319765030004477
2019-05-31,0.9,0.30000000000000004,0.25575011678661724
2019-06-03,1.05,0.2499999999999999,0.21305440245003837
2019-06-04,1.0409303389832865,0.15906966101671385,0.04093033898328621
2019-06-05,1.0000000000000002,0.3000000000000001,0.23270682912858634
2019-06-06,1.0500000000000003,0.05000000000000002,-0.12530627385474136
2019-06-07,0.9500000000000002,-0.050000000000000044,-0.12171238947091248
2019-06-10,1.0000000000000002,0.3000000000000001,0.3188286757895892
2019-06-11,0.9500000000000002,0.04999999999999989,0.2698631745382855
2019-06-12,1.0500000000000003,0.15000000000000008,0.25411926297158993
2019-06-13,1.0000000000000002,-3.469446951953614e-17,0.29643780438761685
2019-06-14,1.0500000000000003,-0.05000000000000006,-0.06802249890313948
2019-06-17,1.0,-0.30000000000000016,-0.1730497703445911
2019-06-18,0.9500000000000002,-0.25,-0.23333861278246545
2019-06-19,1.0500000000000003,-0.05000000000000007,-0.1443400924394911
2019-06-20,1.0,-0.3000000000000001,-0.3054951610580204
2019-06-21,1.0500000000000003,0.05000000000000002,-0.11817767757258812
2019-06-24,1.0059631631471886,0.10596316314718843,-0.005963163147188394
2019-06-25,1.0000000000000002,-0.10000000000000006,0.0503303236592159
2019-06-26,0.998767015487573,-0.0987670154875728,0.04876701548757273
2019-06-27,1.0500000000000003,-0.05,-0.2280627575021397
2019-06-28,0.9500000000000002,-0.25,-0.28912588666671796
2019-07-01,1.0500000000000003,0.05000000000000002,-0.1561156965665907
2019-07-02,0.9500000000000001,-0.25000000000000006,-0.40487282563738863
2019-07-03,1.0000000000000002,-0.09999999999999999,-0.23579682695021348
2019-07-05,0.9005314378956512,0.0005314378956510143,-0.000531437895651049
2019-07-08,1.0500000000000003,0.24999999999999994,0.29555363669573675
2019-07-09,1.0000000000000002,1.3877787807814457e-17,0.1472874209567086
2019-07-10,1.0000000000000002,-0.10000000000000002,-0.10136619816347953
2019-07-11,1.0500000000000003,-0.25000000000000006,-0.29399423470706876
2019-07-12,0.9548424278937614,-0.045157572106238886,-0.004842427893761186
2019-07-15,1.05,0.15000000000000002,0.13590397694434028
2019-07-16,1.05,0.24999999999999994,0.21873732294776588
2019-07-17,1.0000000000000002,-0.10000000000000002,-0.09648554023440223
2019-07-18,1.0,1.3877787807814457e-17,0.1334088624774692
2019-07-19,1.0006080704576348,-0.10060807045763463,0.000608070457634613
2019-07-22,1.05,-0.25000000000000017,-0.24999194338676162
2019-07-23,1.0000000000000002,-0.10000000000000002,-0.10468936519755477
2019-07-24,0.984199463749915,-0.08419946374991513,0.03419946374991506
2019-07-25,1.0,-5.551115123125783e-17,0.1553716879933654
2019-07-26,1.0500000000000003,0.15000000000000002,0.249011172607593
2019-07-29,1.0000000000000002,0.30000000000000016,0.41518044255951214
2019-07-30,1.05,0.25000000000000006,0.40503859838758566
2019-07-31,1.0500000000000003,0.04999999999999996,0.1646026509599311
2019-08-01,1.05,-0.05000000000000002,-0.06660390177566519
2019-08-02,1.0500000000000003,-0.15000000000000008,-0.19109930348058654
2019-08-05,1.05,-0.15000000000000008,-0.19955344953985205
2019-08-06,1.0,-0.2,-0.18028637787332177
2019-08-07,0.9110530107636705,-0.11105301076367047,0.011053010763670407
2019-08-08,0.9348699539801528,-0.0651300460198474,-0.034869953980152635
2019-08-09,0.9500000000000002,0.04999999999999992,0.20287863596945685
2019-08-12,1.0000000000000002,0.30000000000000016,0.2401723409409828
2019-08-13,1.0000000000000002,0.30000000000000016,0.22558809072237265
2019-08-14,1.0373255838847901,0.16267441611521008,0.03732558388478995
2019-08-15,0.9,0.30000000000000004,0.4189439061563578
2019-08-16,0.95,0.25000000000000006,0.38586105635480844
2019-08-19,0.8999999999999999,0.30000000000000004,0.4520811191000462
2019-08-20,1.0500000000000003,0.25,0.41305959767139466
2019-08-21,1.05,0.25,0.3401318314540837
2019-08-22,1.05,0.24999999999999994,0.15498942452087577
2019-08-23,1.0500000000000003,0.15000000000000002,0.13852273727105874
2019-08-26,0.9,0.30000000000000004,0.37296236635748775
2019-08-27,0.9500000000000001,-0.05,0.05327959718278708
2019-08-28,0.9102888794259467,-0.11028887942594669,0.010288879425946626
2019-08-29,0.9500000000000002,-0.15000000000000008,0.09360164973684684
2019-08-30,0.9500000000000002,0.04999999999999999,0.17461525590849158
2019-09-03,1.0000000000000002,0.30000000000000016,0.28904488091561614
2019-09-04,0.7499999999999999,0.14999999999999997,0.2058752889160118
2019-09-05,0.75,0.35000000000000014,0.31449271447135685
2019-09-06,0.8499999999999999,0.35000000000000003,0.3075568936933598
2019-09-09,0.9500000000000002,0.35000000000000014,0.4366794543687164
2019-09-10,1.0000000000000002,0.30000000000000016,0.3781006232455551
2019-09-11,0.95,0.25000000000000006,0.4285658558213681
2019-09-12,1.0500000000000003,0.05,0.12001152604323209
2019-09-13,1.05,0.24999999999999994,0.35948549563068216
2019-09-16,1.0500000000000003,0.25,0.3930732912626433
2019-09-17,1.05,0.2500000000000001,0.3903520045936049
2019-09-18,1.0500000000000003,0.15000000000000002,0.21875407098714225
2019-09-19,0.9500000000000003,0.04999999999999995,0.11434059168614183
2019-09-20,1.0474870603130233,0.05251293968697695,0.047487060313023015
2019-09-23,0.9500000000000002,0.25000000000000006,0.1909547513710528
2019-09-24,0.9500000000000002,0.2500000000000001,0.1862576572810387
2019-09-25,0.8,0.30000000000000016,0.2673901522023034
2019-09-26,0.9500000000000002,0.2500000000000001,0.33271824469966
2019-09-27,1.0500000000000003,0.15000000000000002,0.07092025669722415
2019-09-30,1.0500000000000003,0.04999999999999999,0.0865810326653273
2019-10-01,1.0500000000000003,0.24999999999999994,0.16939043778449073
2019-10-02,1.0381494190077576,0.06185058099224243,0.038149419007757535
2019-10-03,1.05,0.24999999999999994,0.20313333427921115
2019-10-04,0.9500000000000002,0.04999999999999996,0.15601617872680498
2019-10-07,1.0000000000000002,0.30000000000000016,0.2951191453404329
2019-10-08,1.0500000000000003,0.14999999999999997,0.1217987163659892
2019-10-09,1.0500000000000003,0.14999999999999997,0.20613078627675346
2019-10-10,1.0131441622905082,0.08685583770949179,0.013144162290508181
2019-10-11,1.0500000000000003,0.05000000000000002,-0.14102318371434813
2019-10-14,1.0474586392483467,0.052541360751653436,0.04745863924834658
2019-10-15,1.05,0.1499999999999999,0.056373040294283736
2019-10-16,1.0000000000000002,-0.10000000000000002,-0.2210243371910085
2019-10-17,1.0000000000000002,-5.551115123125783e-17,-0.08089806385060827
2019-10-18,1.0149979765121169,-0.014997976512116616,0.01499797651211663
2019-10-21,1.0500000000000003,-0.050000000000000086,-0.20505955319660102
2019-10-22,1.05,-0.15000000000000008,-0.17676062509582455
2019-10-23,1.0030762612133801,-0.0969237387866202,-0.0030762612133798453
2019-10-24,1.0500000000000003,0.24999999999999994,0.45814487084801553
2019-10-25,0.7999999999999999,0.30000000000000016,0.3269213845057102
2019-10-28,0.9,0.30000000000000004,0.3820640811162227
2019-10-29,0.7500000000000001,0.35000000000000014,0.41938847173304383
2019-10-30,0.8,0.30000000000000016,0.353887545287809
2019-10-31,1.0,0.09999999999999996,0.1510480903056092
2019-11-01,0.9035835817575345,0.0035835817575343015,-0.003583581757534371
2019-11-04,0.9500000000000001,-0.25,-0.43923259626791883
2019-11-05,0.9500000000000002,-0.15000000000000002,-0.3105672033951307
2019-11-06,0.9500000000000003,-0.35000000000000003,-0.5194065816678086
2019-11-07,1.0500000000000003,-0.05,-0.20738960024193018
2019-11-08,0.9500000000000002,-0.15000000000000002,-0.311564186286635
2019-11-11,1.0116163198136767,0.11161631981367634,-0.011616319813676397
2019-11-12,0.921302765620051,0.02130276562005079,-0.021302765620050866
2019-11-13,1.0000000000000002,-0.10000000000000002,-0.197999619176896
2019-11-14,1.0000000000000002,0.09999999999999999,0.11154011572935066
2019-11-15,1.0125859203998664,0.08741407960013395,0.012585920399866071
2019-11-18,1.05,0.25,0.2054466510033959
2019-11-19,1.0500000000000003,0.15000000000000002,0.0982352855904887
2019-11-20,0.9000000000000001,0.30000000000000004,0.28752645675339
2019-11-21,1.0000000000000002,0.19999999999999996,0.15494437808700004
2019-11-22,0.95,0.25000000000000006,0.21939688760490356
2019-11-25,0.9500000000000001,0.049999999999999975,0.13117901697444193
2019-11-26,1.05,0.24999999999999994,0.2820984899737075
2019-11-27,1.05,0.2499999999999999,0.2466085485312298
2019-11-29,0.9500000000000002,-0.050000000000000065,0.060383259185828646
2019-12-02,0.9500000000000002,0.049999999999999975,0.16443608478874858
2019-12-03,0.9293314052327006,-0.029331405232700558,0.02933140523270049
2019-12-04,0.9214675107083453,0.021467510708345176,-0.021467510708345232
2019-12-05,1.0500000000000003,-0.05000000000000002,-0.17429235394127462
2019-12-06,1.05,0.24999999999999994,0.1794960750561342
2019-12-09,0.705247410579325,0.10524741057932513,-0.005247410579325139
2019-12-10,0.85,0.14999999999999997,0.08486130691598526
2019-12-11,0.9500000000000002,0.15000000000000002,0.15876999504251632
2019-12-12,0.7,0.09999999999999996,0.05428456800192131
2019-12-13,0.8499999999999999,0.14999999999999997,0.14465760720351706
2019-12-16,1.0160926210951398,0.08390737890486014,0.016092621095139814
2019-12-17,1.0500000000000003,0.25,0.2219907118026036
2019-12-18,1.0500000000000003,0.14999999999999997,0.07228613824480398
2019-12-19,1.05,0.3500000000000001,0.42445359583653697
2019-12-20,1.0500000000000003,0.15000000000000008,0.09371377260603712
2019-12-23,1.0500000000000003,0.15000000000000002,0.0868338126396844
2019-12-24,1.0499999999999998,0.15000000000000002,0.08049502613178824
2019-12-26,1.05,0.14999999999999997,0.1412016545078981
2019-12-27,1.0500000000000003,0.14999999999999997,0.08925440878647184
2019-12-30,1.05,0.1499999999999999,0.15276137914476473
2019-12-31,1.0076445888429477,0.10764458884294748,-0.007644588842947511
2020-01-02,1.0500000000000003,0.05000000000000003,0.05380222059677383
2020-01-03,1.05,0.05000000000000002,0.06337135310264484
2020-01-06,1.05,0.24999999999999994,0.26360506201262507
2020-01-07,1.05,0.24999999999999994,0.21886418783149678
2020-01-08,1.05,0.24999999999999994,0.21177213629793284
2020-01-09,1.05,0.25,0.1815250502925243
2020-01-10,1.0000000000000002,0.19999999999999996,0.1660995962310401
2020-01-13,1.0000000000000002,0.3,0.2058189804622397
2020-01-14,1.0000000000000002,0.19999999999999996,0.08692631023524637
2020-01-15,0.9678770852941647,0.23212291470583546,0.017877085294164527
2020-01-16,0.9887393562967457,0.21126064370325456,0.03873935629674535
2020-01-17,1.05,0.24999999999999994,0.13440241690864502
2020-01-21,0.9500000000000002,0.24999999999999994,0.09495235927941433
2020-01-22,0.8499999999999999,0.45000000000000023,0.35977985344974217
2020-01-23,0.9500000000000002,0.3499999999999999,0.22603234030765593
2020-01-24,0.8499999999999999,0.35000000000000003,0.22162051649620237
2020-01-27,1.05,0.35000000000000003,0.34252159047675074
2020-01-28,1.0000000000000002,0.30000000000000016,0.24347646787938032
2020-01-29,1.05,0.24999999999999994,0.2021665444320007
2020-01-30,1.027405600832174,0.1274056008321738,-0.02740560083217379
2020-01-31,1.0000000000000002,0.2,-0.09254400780035114
2020-02-03,1.0498622987737918,0.2501377012262084,0.049862298773791634
2020-02-04,1.05,0.25000000000000006,0.1815843962364806
2020-02-05,1.0500000000000003,0.05000000000000002,-0.16573624823109895
2020-02-06,1.0500000000000003,0.05000000000000002,-0.09456895830420219
2020-02-07,0.9500000000000002,0.44999999999999996,0.2755151933235421
2020-02-10,1.0500000000000003,0.15000000000000008,0.09041189952777451
2020-02-11,0.95,0.25000000000000006,0.21988785435793948
2020-02-12,1.05,0.34999999999999987,0.2881697643667195
2020-02-13,1.0500000000000003,0.15000000000000008,0.18423959914923843
2020-02-14,1.0500000000000003,0.05000000000000002,0.16478186226412345
2020-02-18,1.0500000000000003,0.049999999999999975,0.1001548674211088
2020-02-19,1.05,0.05000000000000002,0.13834640038348733
2020-02-20,1.0315144140817996,0.03151441408179947,-0.03151441408179952
2020-02-21,1.0500000000000003,0.04999999999999999,0.1763474527760157
2020-02-24,1.0000000000000002,0.10000000000000002,0.23241182186651527
2020-02-25,1.0500000000000003,0.14999999999999997,0.34904645819098395
2020-02-26,0.95,0.25,0.5233073962621775
2020-02-27,0.95,0.15000000000000008,0.33338364940445103
2020-02-28,0.9000000000000001,0.3000000000000001,0.38632945963047804
2020-03-02,0.8999999999999999,0.2,0.18084602544690453
2020-03-03,0.95,0.25000000000000006,0.2062232203956868
2020-03-04,0.95,0.25000000000000006,0.25576251085599455
2020-03-05,1.05,0.2499999999999999,0.2016460808027199
2020-03-06,0.9500000000000001,0.049999999999999975,-0.10894363931068933
2020-03-09,0.9354002902493536,0.03540029024935362,-0.035400290249353615
2020-03-10,0.9499999999999998,0.25,0.357096491625932
2020-03-11,1.0500000000000003,0.3499999999999999,0.47347336328276923
2020-03-12,1.0500000000000003,0.05,0.1528220112438717
2020-03-13,0.7000000000000002,0.09999999999999999,0.16303800731998513
2020-03-16,0.7265565591289022,0.22858211258248912,0.2139384584310631
2020-03-17,0.7603830553170725,0.09207661106341451,0.10445340921899188
2020-03-18,0.7568660394210727,-0.020686603942107293,-0.07552165924459536
2020-03-19,0.6398815847144332,0.14662719490481108,0.18029193269495297
2020-03-20,0.6999216873621111,-0.07998433747242219,-0.05693524096002067
2020-03-23,0.5852665045860915,0.17040385482956705,0.24525893036257962
2020-03-24,0.3983160033137812,0.0303806161493341,0.09593075035145597
2020-03-25,0.521058266973414,0.04714674549001931,-0.020818327629830744
2020-03-26,0.5704144684355072,0.05,-0.06078377919320853
2020-03-27,0.5596487713574032,0.07139134472653785,0.033782007954119016
2020-03-30,0.4297630263047056,-0.12722274560886265,-0.23396889236761012
2020-03-31,0.5292460835046136,-0.1265643465543313,-0.1779773836218532
2020-04-01,0.5197315830158524,-0.08985891893560716,-0.011739498056302783
2020-04-02,0.5034273224530812,-0.04999999999999999,0.08228818279192174
2020-04-03,0.48953651312067853,-0.0011626096532579427,0.14810578345022418
2020-04-06,0.5146377972400691,0.12118234635160445,0.26206887412446206
2020-04-07,0.42558218952502774,0.1252716884450129,0.21556179226122268
2020-04-08,0.4596571508732788,0.03888611380435046,0.010968212663412467
2020-04-09,0.4581637952233365,0.010956940452954915,-0.010956940452954925
2020-04-13,0.4756253543122643,0.021262059306002452,0.003582311374910878
2020-04-14,0.5548034513349472,0.045925478518420264,0.00868624237734044
2020-04-15,0.6359836406780588,0.008598364067805883,0.08632416311677754
2020-04-16,0.6001443454803683,0.03686489665479496,0.12821003363926164
2020-04-17,0.6333992639036993,0.06667985278073983,0.15631059378029175
2020-04-20,0.504683840361881,-0.026069271559901016,0.08283207841785929
2020-04-21,0.539051784541057,0.047810356908211324,0.14974320015663406
2020-04-22,0.6026701541611139,0.005267015416111381,0.11018448112164343
2020-04-23,0.5955812595510976,-0.09357401567134145,-0.19873502014738353
2020-04-24,0.6520125869291666,0.010201258692916645,0.06120663386005154
2020-04-27,0.6557548078357953,-0.13172644235073866,-0.23364920728653318
2020-04-28,0.6367032198604042,0.16615381784330674,0.18818712932588044
2020-04-29,0.66291145529621,0.13387343658886303,0.21817502434237307
2020-04-30,0.6304441711186155,0.041649079650307716,0.13373569228184656
2020-05-01,0.6906177523746725,0.014061775237467197,0.13956240476213758
2020-05-04,0.7043354234433769,0.08086708468867533,0.2220542962052819
2020-05-05,0.676626654953733,0.04894105078216837,0.1748075807948583
2020-05-06,0.7121793029249954,-0.1486537908774987,-0.1172387742882014
2020-05-07,0.6929593700437506,-0.11919983422203963,-0.09733457853402691
2020-05-08,0.6193928541906046,0.07653174537568987,0.15915125418173284
2020-05-11,0.6310539334679685,-0.056815028304358736,-0.005718513674943759
2020-05-12,0.587059525774148,-0.00967328064157199,-0.0777463262402546
2020-05-13,0.6156725867470861,0.020227758592258633,-0.06229264411877611
2020-05-14,0.668813386550775,-0.07376267731015498,-0.07468589119718931
2020-05-15,0.7029155928788289,-0.12181989286284974,-0.0886380289357314
2020-05-18,0.82894496476171,-0.3394724823808549,-0.39476601449232257
2020-05-19,0.9631286592010214,-0.001940596884156813,0.10712344252766438
2020-05-20,1.0342529774964633,0.03927952597206214,-0.039279525972062156
2020-05-21,1.0500000000000003,-0.0500000000000001,0.10268436424267038
2020-05-22,1.0000000000000002,0.30000000000000016,0.28326904046287116
2020-05-26,1.0000000000000002,0.20000000000000012,0.39479183605169116
2020-05-27,0.9119835083523481,-0.026477485566135123,0.026477485566135096
2020-05-28,0.949360410302205,-0.1399360410302205,0.06746794869778056
2020-05-29,0.7995638805220388,0.11656975122711973,0.237145012819642
2020-06-01,0.859797298930938,-0.14221999696233376,-0.024782885686544916
2020-06-02,0.8249819352557778,0.0723655687245965,0.17084412093041462
2020-06-03,0.8676169359332548,0.19528508077997642,0.3516785007125239
2020-06-04,0.7931712306983751,0.22379992709940127,0.3448950943265972
2020-06-05,0.7973127273190657,-0.010667751193733394,0.08924902696374377
2020-06-08,0.739305164681201,0.20848943675545029,0.3495631545615604
2020-06-09,0.8041215980085895,0.26052065800353696,0.44080136909229595
2020-06-10,0.7594099601176052,0.30470498005880275,0.43070201109248357
2020-06-11,0.7069512898616385,0.1432209676063642,0.33434935038132924
2020-06-12,0.653447279061822,0.17629272964818316,0.3539078595631918
2020-06-15,0.5739812645276294,0.24941786544435945,0.40937931990366255
2020-06-16,0.542504374646022,0.1394247594792392,0.29728216608099806
2020-06-17,0.5849497423654576,0.10284278353298791,0.2202704656923851
2020-06-18,0.8147288209899044,0.1794186462969713,0.16979048828728477
2020-06-19,0.7745991299586784,-0.06441038894084394,-0.15647028461894438
2020-06-22,0.7462836941793166,-0.004139528733144708,0.004139528733144694
2020-06-23,0.7915375960366755,0.17246127881100265,0.23600776902096343
2020-06-24,0.640307280589242,0.11865922302549763,0.25758407574200093
2020-06-25,0.8970541547304891,-0.05000000000000004,0.19396126978433803
2020-06-26,0.9501037729068877,0.2200311318720664,0.30784580252749444
2020-06-29,0.7244368222409866,0.08488736444819732,0.2626706724366154
2020-06-30,0.8383306828916319,0.2746067517789074,0.4486755570196432
2020-07-01,0.9381353097827687,0.2772077457094411,0.42142131157628054
2020-07-02,0.8,0.20000000000000018,0.3771409029091565
2020-07-06,0.8,0.2,0.4030852433089959
2020-07-07,0.85,0.35000000000000003,0.4959451103767316
2020-07-08,0.9500000000000003,0.15000000000000013,0.3583902393972225
2020-07-09,0.8,0.3000000000000001,0.48074360503700064
2020-07-10,0.9500000000000001,-0.05,0.24050398960162533
2020-07-13,1.0500000000000003,0.050000000000000044,0.33476310313375907
2020-07-14,1.0,0.19999999999999996,0.2835699043583383
2020-07-15,1.0,0.2,0.29760776263166283
2020-07-16,1.0,-0.10000000000000002,-0.3173814063459369
2020-07-17,1.0500000000000003,-0.04999999999999999,0.09884394444385063
2020-07-20,0.8999999999999999,0.2,0.32144955492336635
2020-07-21,0.8999999999999999,0.2,0.3203697232006652
2020-07-22,0.6114427108576747,0.16593950417602865,0.3228572164683436
2020-07-23,0.6126777508150233,0.1664145195442398,0.36050435897824595
2020-07-24,0.69327462346355,0.27163731173177497,0.3865068272228127
2020-07-27,0.7691261310059732,0.09382522620119464,0.3394653157463521
2020-07-28,0.6964790515632617,0.1654930171877539,0.4118167107383086
2020-07-29,0.7648299618950671,0.021482996189506706,0.14271174078857868
2020-07-30,0.7128485995255901,0.19420737877258576,0.3523071681182633
2020-07-31,0.6824192401539975,0.23107521784622126,0.3572626060641123
2020-08-03,0.6007046672525633,0.15651425021971122,0.3013878813703824
2020-08-04,0.7042594403001361,0.19104295168952384,0.29037241329220326
2020-08-05,0.628493399511367,0.1882031645046805,0.294362901482898
2020-08-06,0.6981599337604354,0.12056840362116723,0.33276162595066927
2020-08-07,0.8068347290596767,0.02568347290596766,0.19538069091753366
2020-08-10,0.8062128519664792,-0.1012425703932958,-0.09190413295724728
2020-08-11,0.7331144906151549,-0.10180322013670111,-0.1966102453891478
2020-08-12,0.7363270806989491,-0.08601260209081232,-0.026124627380518843
2020-08-13,0.7647847878855277,-0.16415027390876236,0.013991645414571055
2020-08-14,0.8036995737170919,-0.05000000000000002,0.18640855393683461
2020-08-17,0.8022080529201492,0.10044161058402983,0.3500065264654398
2020-08-18,0.7057619349462538,0.2200196202719868,0.4336089558895917
2020-08-19,0.9276680350309923,0.03776680350309923,0.3319993968907498
2020-08-20,0.6609712984539529,0.2991264562594017,0.45734532973852654
2020-08-21,0.8157379973862701,0.14143449934656754,0.3562299925374905
2020-08-24,0.9000000000000001,0.30000000000000004,0.3754341481573789
2020-08-25,0.8999999999999999,0.10000000000000002,0.23381082389054397
2020-08-26,1.0000000000000002,0.30000000000000016,0.4205184143041807
2020-08-27,1.05,0.05000000000000002,0.14031228800571718
2020-08-28,1.05,0.2499999999999999,0.45903930094752865
2020-08-31,1.0000000000000002,0.20000000000000012,0.3684594950798654
2020-09-01,1.0500000000000003,0.15000000000000002,0.4234130712904868
2020-09-02,1.0500000000000003,-0.04999999999999999,0.14102880600644685
2020-09-03,0.9500000000000001,0.05000000000000007,0.1538117949382793
2020-09-04,1.0500000000000003,-0.05000000000000002,-0.10009950210045003
2020-09-08,0.9500000000000002,-0.05000000000000002,-0.16630780036174758
2020-09-09,0.9500000000000002,-0.25,-0.18392579813157778
2020-09-10,1.0253219839555592,-0.02532198395555897,0.025321983955558985
2020-09-11,1.0500000000000003,0.3499999999999999,0.31518232271240987
2020-09-14,0.75,0.15000000000000008,0.12297751246750871
2020-09-15,0.75,0.3500000000000001,0.22873905874078027
2020-09-16,0.75,0.35000000000000014,0.2159576993092462
2020-09-17,0.6927058697971201,0.3172604970269257,0.1954158605336016
2020-09-18,0.8486749497549549,0.30496664433553555,0.15473412419595534
2020-09-21,0.9232124916170412,0.10651280966763996,-0.015768400562150953
2020-09-22,0.9200073095985227,0.00421014160007778,-0.16762371729589254
2020-09-23,0.9532551053521605,-0.04032551053521603,-0.22795768064040411
2020-09-24,0.9078284840310786,0.09514886758058305,-0.059655215896714374
2020-09-25,0.8684384925565385,0.2228128308521795,0.055495591731130986
2020-09-28,0.9603323005643841,0.22309969016931525,0.11327447706795804
2020-09-29,0.870195678606059,0.22339855953535298,0.24956660225544944
2020-09-30,0.9310029812296736,0.27458004571619543,0.2618845009784767
2020-10-01,0.9735934979408336,0.3874916569193421,0.27881290746271287
2020-10-02,0.9578246336251311,-0.0022197561249931094,0.06601938918007265
2020-10-05,0.9999999999999999,0.19999999999999996,0.2440225498577578
2020-10-06,1.0000000000000002,0.09999999999999996,0.22596937038635467
2020-10-07,1.0500000000000003,-0.04999999999999999,0.16821076938522683
2020-10-08,1.05,0.05000000000000002,0.1735441979692208
2020-10-09,0.8999999999999999,0.2,0.2642820671208321
2020-10-12,0.8999999999999999,0.3,0.2271023572438285
2020-10-13,1.0,0.3000000000000001,0.32532575448478673
2020-10-14,0.8499999999999999,0.35,0.30616454213472877
2020-10-15,0.95,0.25000000000000006,0.16513898574441013
2020-10-16,0.9,0.10000000000000005,0.21417911020412544
2020-10-19,1.0500000000000003,0.14999999999999997,0.3170940762041574
2020-10-20,0.8499999999999999,0.05000000000000002,0.17419069803543952
2020-10-21,0.95,0.25000000000000006,0.240460047191765
2020-10-22,0.85,0.35000000000000003,0.38499843880397516
2020-10-23,1.0,0.30000000000000016,0.2642929585719167
2020-10-26,0.8,0.30000000000000016,0.15245677193837154
2020-10-27,0.9000000000000001,0.30000000000000004,0.17718598629192658
2020-10-28,1.0000000000000002,0.30000000000000016,0.21942438009000176
2020-10-29,0.85,0.2500000000000001,0.14434069917895362
2020-10-30,0.9700022825109175,0.02999771748908263,0.02000228251091734
2020-11-02,1.0,0.09999999999999999,0.26588598607475733
2020-11-03,1.0000000000000002,-4.85722573273506e-17,0.1869615440797832
2020-11-04,0.8999999999999999,0.2,0.31967001657665417
2020-11-05,1.0500000000000003,0.049999999999999975,0.19909620006697287
2020-11-06,0.9500000000000003,0.14999999999999997,0.07858547068781863
2020-11-09,1.05,0.2500000000000001,0.1495070413641299
2020-11-10,0.6202465022724604,0.18480738328866014,0.12431722202581273
2020-11-11,0.5976269878317756,-0.07169488618483902,-0.07336056258544246
2020-11-12,0.6274645895376953,-0.16275011193494043,-0.13477666300396568
2020-11-13,0.5684388362001465,-0.16347481490594262,-0.12279921019653386
2020-11-16,0.5950262607737902,0.010558473419310016,0.10666812109979477
2020-11-17,0.505621519845024,0.16262337592767795,0.16992253060571444
2020-11-18,0.5662505349954413,0.16257374970400518,0.19326664453436943
2020-11-19,0.5057293132703644,0.16267367952617,0.14632252746653787
2020-11-20,0.5226764362000387,0.17058233689335128,0.15806891053817737
2020-11-23,0.6844667693469496,0.013446676934694965,0.09420860530149362
2020-11-24,0.6526636025576299,-0.17203395883702155,-0.12290391242911528
2020-11-25,0.68342985985525,-0.0655288336110155,-0.03660189731620251
2020-11-27,0.7240826205875576,-0.017408262058755744,-0.0586213059187142
2020-11-30,0.7264225224170471,0.08528450448340939,0.1848979938734119
2020-12-01,0.6965353686078328,0.014653536860783287,0.13988771076480733
2020-12-02,0.6983782354229149,0.014837823542291448,0.10270907924973177
2020-12-03,0.7060382222382818,0.08120764444765631,0.20879557153407785
2020-12-04,0.7440056865616644,0.1582017059684993,0.29127170483493736
2020-12-07,0.7476257458365178,0.1592877237509553,0.2775934484518478
2020-12-08,0.6678783622180965,-0.08730630271513252,-0.11471671871002045
2020-12-09,0.9944719077082511,-0.29796333441882933,-0.3253230201294813
2020-12-10,1.0500000000000003,-0.25000000000000006,-0.20601550615110498
2020-12-11,1.0000000000000002,-0.10000000000000007,0.08963507656840086
2020-12-14,0.9500000000000002,-0.050000000000000065,0.1580106000096971
2020-12-15,0.9500000000000002,0.25000000000000006,0.3570686988743322
2020-12-16,1.05,0.25,0.35898627267002836
2020-12-17,1.05,0.24999999999999994,0.3910630117291926
2020-12-18,0.9500000000000002,-0.050000000000000044,-0.0868595816271044
2020-12-21,0.9568273437596507,-0.043172656240349466,-0.006827343759650592
2020-12-22,1.0277828090104117,-0.027782809010411857,0.02778280901041183
2020-12-23,0.7081090790268639,-0.09189092097313595,-0.008109079026864061
2020-12-24,1.05,-0.15000000000000008,-0.18796478870559896
2020-12-28,0.9000000000000002,-0.2,-0.25624255937436896
2020-12-29,1.0500000000000003,0.05000000000000002,0.08107544566802838
2020-12-30,0.9500000000000001,-0.15000000000000002,-0.16859506632102286
2020-12-31,1.0500000000000003,-0.04999999999999999,0.06202718483441548
2021-01-04,1.05,-0.050000000000000086,-0.10192794962345252
2021-01-05,1.05,-0.05000000000000006,-0.0648092211142029
2021-01-06,0.9000000000000002,-0.30000000000000004,-0.3688892182843599
2021-01-07,1.0,-0.2,-0.32367284555878517
2021-01-08,1.05,-0.2500000000000001,-0.4113521717456462
2021-01-11,1.0500000000000003,-0.15000000000000002,-0.3342837621592428
2021-01-12,1.0500000000000003,-0.15000000000000008,-0.24550271090997405
2021-01-13,1.05,0.24999999999999994,0.337659658887775
2021-01-14,1.05,-0.15000000000000008,-0.18128517821510282
2021-01-15,0.9700071226176782,-0.12999287738232201,-0.02000712261767805
2021-01-19,1.05,0.05000000000000003,0.22547412007357318
2021-01-20,1.05,0.24999999999999994,0.38106583612280664
2021-01-21,1.0500000000000003,0.05000000000000002,0.06615774165497285
2021-01-22,0.9,0.3,0.3515215626191168
2021-01-25,0.8,0.20000000000000018,0.32829934043091796
2021-01-26,1.05,-0.05000000000000007,0.14657170403593167
2021-01-27,1.0391860024346176,-0.13918600243461765,0.0391860024346176
2021-01-28,1.0,-0.3000000000000001,-0.26851597261379445
2021-01-29,0.8500000000000003,-0.15000000000000002,-0.24631185773760433
2021-02-01,0.9500000000000002,-0.25,-0.3280531530750437
2021-02-02,1.0000000000000002,-0.30000000000000004,-0.45289375243195923
2021-02-03,1.0,-0.3000000000000001,-0.6011272380798305
2021-02-04,1.05,-0.15000000000000008,-0.3488334807202008
2021-02-05,1.0000000000000002,-0.2,-0.44109519756493165
2021-02-08,1.05,-0.35000000000000003,-0.49104609851355036
2021-02-09,0.8500000000000002,-0.15000000000000002,-0.2873641506596789
2021-02-10,1.0500000000000003,-0.04999999999999999,0.09959841631973454
2021-02-11,1.0500000000000003,0.25000000000000006,0.3641740264246694
2021-02-12,0.95,0.2499999999999999,0.3802803388310765
2021-02-16,0.984329292538635,-0.08432929253863486,0.03432929253863477
2021-02-17,1.0,-0.2,-0.2372913367393542
2021-02-18,1.0500000000000003,0.04999999999999996,-0.06157323538466197
2021-02-19,1.0500000000000003,-0.15000000000000002,-0.2716122732533288
2021-02-22,1.0500000000000003,-0.2500000000000001,-0.4194676505508057
2021-02-23,1.0,-0.4,-0.4269021798438537
2021-02-24,1.0500000000000003,0.05000000000000002,-0.11888796626119977
2021-02-25,1.0331843942273065,0.06681560577269371,0.033184394227306305
2021-02-26,1.0000000000000002,0.10000000000000002,0.06853903172163274
2021-03-01,1.05,0.14999999999999997,0.05655581026299805
2021-03-02,1.0313472040172669,0.13134720401726677,-0.031347204017266816
2021-03-03,1.0500000000000003,-0.05000000000000003,-0.14071750804980682
2021-03-04,0.9500000000000001,-0.050000000000000044,-0.20650021935259932
2021-03-05,1.0,-5.551115123125783e-17,-0.10819759061764156
2021-03-08,1.0000000000000002,-0.10000000000000002,-0.15365682304386452
2021-03-09,1.0317255731128376,0.03172557311283748,-0.031725573112837434
2021-03-10,1.0387286771423192,0.05000000000000002,-0.08127096536107133
2021-03-11,1.0500000000000003,-0.15000000000000002,-0.253371284486664
2021-03-12,1.05,0.049999999999999975,-0.1864935275236349
2021-03-15,0.8536210060860948,0.1463789939139052,0.003621006086094773
2021-03-16,1.0266829626658969,0.049999999999999975,-0.11807381144939762
2021-03-17,1.0278725039523395,0.1455745007904679,0.0507821447454379
2021-03-18,0.8694968958736483,-0.2874398983009141,-0.32894805070564737
2021-03-19,1.007855095909057,0.0457855095909057,0.20866384607899208
2021-03-22,0.9942284504391383,-0.23326853513174156,-0.08444590528998003
2021-03-23,0.9108025947654034,-0.08627260789373514,-0.004370592348004659
2021-03-24,0.820864579503278,-0.26741482685429097,-0.11013075041170764
2021-03-25,0.8432292637894596,-0.126273169730991,-0.23466448123794018
2021-03-26,0.753236911348071,-0.03790461391850887,-0.12501116660166484
2021-03-29,0.7502234660589757,-0.30011173302948785,-0.16138903131037657
2021-03-30,0.7927949909580192,-0.25585676098271376,-0.27003457940076075
2021-03-31,0.9308607689338284,-0.12617215378676566,-0.2633407718818924
2021-04-01,0.9255767112019614,-0.12511534224039222,-0.30663708379524013
2021-04-05,0.9251216902820076,-0.21253650708460226,-0.19326876189381065
2021-04-06,0.8587986391541559,-0.016985826647729026,-0.026803396642365217
2021-04-07,1.0500000000000003,0.15000000000000008,0.05151534281068361
2021-04-08,1.0000000000000002,-0.10000000000000005,0.10700388082492701
2021-04-09,1.0500000000000003,-0.15000000000000002,-0.25844168485707736
2021-04-12,1.0000000000000002,-8.326672684688674e-17,-0.174526707846112
2021-04-13,0.9500000000000002,-0.25,-0.30104865911954765
2021-04-14,0.9500000000000002,-0.25,-0.14714769831367586
2021-04-15,0.9500000000000002,-0.25,-0.09055214071533617
2021-04-16,0.8286851018389668,-0.2713148981610334,-0.028685101838966616
2021-04-19,1.0500000000000003,-0.25000000000000006,-0.16099073125686006
2021-04-20,0.9000000000000002,-0.30000000000000004,-0.09270820647068803
2021-04-21,1.039946794725666,-0.03994679472566569,0.03994679472566569
2021-04-22,1.0000000000000002,-4.163336342344337e-17,-0.11659870005712142
2021-04-23,1.0500000000000003,0.049999999999999975,-0.09093942665592238
2021-04-26,1.05,-0.2500000000000001,-0.28367147107046903
2021-04-27,1.0000000000000002,-0.10000000000000002,-0.17874181026560387
2021-04-28,0.9498513117075019,-0.15014868829249828,-0.04985131170750172
2021-04-29,1.0500000000000003,0.15000000000000002,0.269526315852249
2021-04-30,1.0000000000000002,-0.2,0.05712211129966354
2021-05-03,1.0,-0.3000000000000001,-0.1393339026823751
2021-05-04,0.803949875975718,-0.2960501240242821,-0.00394987597571788
2021-05-05,0.9500000000000002,-0.25,-0.06504770531705478
2021-05-06,1.0,-0.30000000000000004,-0.12357979915459666
2021-05-07,0.896351570339889,-0.3036484296601112,-0.04635157033988877
2021-05-10,0.9323508161471556,-0.2676491838528445,-0.0323508161471555
2021-05-11,1.047673757596614,-0.047673757596613894,0.04767375759661384
2021-05-12,1.0000000000000002,-0.2,-0.19774486633064262
2021-05-13,1.0000000000000002,1.3877787807814457e-17,0.06187562659060796
2021-05-14,1.016448683963858,-0.08355131603614206,-0.01644868396385804
2021-05-17,0.8500000000000001,-0.05000000000000002,-0.10692533036086521
2021-05-18,1.0000000000000002,-0.30000000000000004,-0.0856960072793708
2021-05-19,1.0000000000000002,0.10000000000000002,0.1089514171788424
2021-05-20,1.0500000000000003,0.05000000000000002,0.0790784853614414
2021-05-21,1.05,-0.15000000000000013,-0.06560854322050738
2021-05-24,1.05,-0.25000000000000006,-0.1524818293803894
2021-05-25,1.0500000000000003,-0.04999999999999999,0.18721223447409288
2021-05-26,1.0,-0.30000000000000004,-0.2299638993888358
2021-05-27,0.8500000000000002,-0.15000000000000002,-0.08719825788550085
2021-05-28,0.9000000000000002,-0.30000000000000004,-0.10169778462504243
2021-06-01,0.7500000000000001,-0.35000000000000003,-0.1534829180146871
2021-06-02,0.7500000000000001,-0.35000000000000003,-0.08082805799114356
2021-06-03,0.7961319200224164,-0.3038680799775837,-0.046131920022416326
2021-06-04,0.9500000000000002,-0.25000000000000006,-0.07326872860292047
2021-06-07,1.0500000000000003,-0.25000000000000006,-0.08582072201759262
2021-06-08,0.9000000000000002,-0.3,-0.13449347334804973
2021-06-09,0.9000000000000002,-0.3,-0.13101538916939465
2021-06-10,1.0179078274328484,-0.18209217256715163,-0.017907827432848494
2021-06-11,1.0100155616275692,-0.18998443837243098,-0.010015561627569142
2021-06-14,1.0500000000000003,0.04999999999999995,0.23062423396240309
2021-06-15,1.05,-0.15000000000000008,-0.10209048606485968
2021-06-16,1.05,-0.05000000000000003,-0.11981684480396732
2021-06-17,1.0000000000000002,-0.09999999999999999,-0.16232603295782316
2021-06-18,1.0500000000000003,-0.05000000000000002,-0.09635548877976277
2021-06-21,1.05,-0.15000000000000008,-0.23147365870637798
2021-06-22,1.0500000000000003,-0.05,-0.09665220046277134
2021-06-23,1.0500000000000003,0.05000000000000002,-0.06149859774754034
2021-06-24,1.0,-9.71445146547012e-17,-0.12665130557997692
2021-06-25,1.05,-0.050000000000000086,-0.12443915944038053
2021-06-28,1.0500000000000003,0.05,0.07676134168008492
2021-06-29,1.0500000000000003,0.05000000000000002,-0.06394258422418136
2021-06-30,1.0,-0.3000000000000001,-0.40441816248761925
2021-07-01,0.9500000000000002,0.15000000000000008,0.16378683639336433
2021-07-02,0.9000000000000001,0.39999999999999997,0.44974851969618945
2021-07-06,1.0000000000000002,0.10000000000000002,0.07953976050219898
2021-07-07,1.0500000000000003,-0.04999999999999999,0.0531404063119702
2021-07-08,1.0000000000000002,0.19999999999999996,0.2031632785739878
2021-07-09,1.0500000000000003,0.15000000000000008,0.20969473538619668
2021-07-12,1.05,-0.15000000000000008,-0.1906506165486729
2021-07-13,1.0076826869651772,0.09231731303482302,0.0076826869651769394
2021-07-14,1.0000000000000002,0.3000000000000001,0.2758037066467082
2021-07-15,1.0500000000000003,0.15000000000000002,0.11178040099408906
2021-07-16,0.9500000000000002,0.24999999999999994,0.21414834053642812
2021-07-19,1.021333063233067,-0.02133306323306676,0.021333063233066774
2021-07-20,0.9500000000000002,0.24999999999999994,0.28885299329919745
2021-07-21,1.0000000000000002,0.39999999999999997,0.4282960760683643
2021-07-22,1.0,0.3000000000000001,0.47558272433623394
2021-07-23,1.0000000000000002,0.09999999999999996,0.18527360073199256
2021-07-26,0.9500000000000003,-0.05000000000000006,-0.18152059426637285
2021-07-27,1.0500000000000003,0.05000000000000002,-0.08482190299672804
2021-07-28,1.0000000000000002,0.30000000000000004,0.2736949273433311
2021-07-29,1.05,-0.15000000000000008,-0.2922347645845922
2021-07-30,0.8500000000000001,-0.05000000000000002,-0.14969820193081448
2021-08-02,0.9500000000000001,0.15000000000000002,0.20455522398449827
2021-08-03,1.0000000000000002,0.3,0.3809379296599348
2021-08-04,1.0500000000000003,0.24999999999999994,0.3206218257766757
2021-08-05,1.0500000000000003,0.24999999999999994,0.3417208068054838
2021-08-06,1.05,0.05000000000000002,0.1558802022028499
2021-08-09,1.0,0.09999999999999996,0.19192011185344526
2021-08-10,1.0398413292597501,-0.13984132925975,0.039841329259749994
2021-08-11,1.0,-0.2,-0.15781925978242517
2021-08-12,1.05,0.15000000000000002,0.19141747553180385
2021-08-13,1.05,0.3499999999999999,0.35028333361621267
2021-08-16,1.05,0.24999999999999994,0.38284537038458843
2021-08-17,1.0000000000000002,0.40000000000000013,0.5326130287928006
2021-08-18,1.0000000000000002,0.3,0.5003429407802875
2021-08-19,0.95,0.25000000000000006,0.39746616429826875
2021-08-20,1.05,0.24999999999999994,0.3545814778521984
2021-08-23,1.05,0.3499999999999999,0.45280962414855197
2021-08-24,1.0000000000000002,0.20000000000000012,0.35242371592090743
2021-08-25,0.8999999999999999,0.30000000000000004,0.2827416047498344
2021-08-26,0.7999999999999999,0.30000000000000016,0.29038524983153535
2021-08-27,0.7999999999999999,0.39999999999999997,0.30687714758206913
2021-08-30,1.0000000000000002,0.30000000000000016,0.3616858048208716
2021-08-31,1.0499999999999998,0.04999999999999988,0.18759432577168864
2021-09-01,1.05,0.25000000000000006,0.3509056418788679
2021-09-02,1.0500000000000003,0.2500000000000001,0.3544211279901166
2021-09-03,1.0500000000000003,0.1499999999999999,0.26012135324664926
2021-09-07,1.0500000000000003,0.25,0.3194503412421265
2021-09-08,1.0000000000000002,0.20000000000000012,0.3226468955841775
2021-09-09,1.05,0.25000000000000006,0.3281273554848958
2021-09-10,0.8499999999999999,0.35000000000000003,0.43022829808847063
2021-09-13,0.8999999999999999,0.3,0.3648481657557028
2021-09-14,1.0000000000000002,0.20000000000000012,0.3100790083301083
2021-09-15,0.85,0.35000000000000003,0.46428867791082035
2021-09-16,0.85,0.24999999999999994,0.45115789168351783
2021-09-17,1.0500000000000003,0.1499999999999999,0.2107883697802362
2021-09-20,1.0000000000000002,0.30000000000000016,0.43279612956068536
2021-09-21,1.05,0.34999999999999987,0.5004638202789512
2021-09-22,1.0500000000000003,0.24999999999999994,0.4468111010300542
2021-09-23,1.0500000000000003,0.1499999999999999,0.2988557548864631
2021-09-24,0.8999999999999999,0.2,0.3812597943018058
2021-09-27,0.9500000000000002,-0.05000000000000006,-0.24422736515591054
2021-09-28,0.9500000000000002,-0.05000000000000002,-0.21721374877661223
2021-09-29,0.95,0.15000000000000008,0.18487100758808558
2021-09-30,1.0500000000000003,0.25000000000000006,0.23938135700419466
2021-10-01,1.0500000000000003,0.05000000000000002,0.1726467292067114
2021-10-04,1.0135109210058013,-0.1864890789941988,-0.013510921005801264
2021-10-05,1.0500000000000003,0.3499999999999999,0.35710202918699285
2021-10-06,0.8499999999999999,0.15000000000000008,0.24624655026402376
2021-10-07,1.0000000000000002,0.20000000000000012,0.3681395585566508
2021-10-08,0.85,0.15000000000000002,0.297413371428609
2021-10-11,0.75,0.15000000000000002,0.27716260734034404
2021-10-12,0.95,0.25000000000000006,0.356162133535872
2021-10-13,0.9500000000000002,0.15000000000000008,0.21499046296831084
2021-10-14,1.0500000000000003,0.2499999999999999,0.24376126168250967
2021-10-15,0.9500000000000002,0.15000000000000008,0.1340299703016245
2021-10-18,0.9500000000000002,-0.15000000000000002,-0.23224792708473888
2021-10-19,1.0,0.09999999999999996,0.19241936385721348
2021-10-20,0.9500000000000002,-0.050000000000000044,-0.130950106688861
2021-10-21,1.0000000000000002,-0.09999999999999999,-0.17331902800668336
2021-10-22,1.05,-0.25000000000000017,-0.3196359777667814
2021-10-25,1.05,-0.15000000000000008,-0.26786477550551085
2021-10-26,1.05,0.04999999999999996,0.11655439496497172
2021-10-27,1.05,0.25000000000000006,0.31877530591075576
2021-10-28,1.0,0.09999999999999999,0.1401442750414248
2021-10-29,1.001394012070665,0.0013940120706648212,-0.0013940120706648906
2021-11-01,0.7,0.09999999999999999,0.14782959649448282
2021-11-02,0.9500000000000002,-0.15000000000000002,-0.27694333233268775
2021-11-03,0.8499999999999999,0.05,0.15201459915941726
2021-11-04,0.9500000000000002,0.35000000000000003,0.46799265614605184
2021-11-05,1.0000000000000002,0.30000000000000016,0.38648821831696917
2021-11-08,1.0000000000000002,0.30000000000000016,0.303814086055704
2021-11-09,1.05,0.2499999999999999,0.1991396069581706
2021-11-10,0.95,0.25000000000000006,0.19635870304536301
2021-11-11,1.05,-0.15000000000000002,-0.1723765126824579
2021-11-12,0.9500000000000002,-0.05,0.12314430610992369
2021-11-15,1.0000000000000002,-0.2,-0.14299199011262131
2021-11-16,1.0364286608202968,-0.06357133917970331,-0.03642866082029669
2021-11-17,1.0500000000000003,0.14999999999999997,0.21292956130630322
2021-11-18,0.9,0.30000000000000004,0.2581935930959358
2021-11-19,1.05,0.25000000000000006,0.253256835958672
2021-11-22,1.0000000000000002,0.30000000000000016,0.25150887368539787
2021-11-23,0.9500000000000002,-0.05000000000000007,-0.12179833884752286
2021-11-24,0.9868942446533291,-0.013105755346671195,-0.03689424465332888
2021-11-26,1.05,-0.35000000000000003,-0.48698979698382694
2021-11-29,1.0000000000000002,-0.10000000000000002,-0.15000354371988425
2021-11-30,0.9500000000000003,-0.050000000000000044,-0.11779286121867111
2021-12-01,1.0500000000000003,0.05000000000000002,0.05061745073236578
2021-12-02,1.0000000000000002,0.10000000000000002,0.1756696873187291
2021-12-03,1.0500000000000003,-0.05000000000000003,-0.19919753552146424
2021-12-06,1.0091459969929204,0.10914599699292055,-0.009145996992920472
2021-12-07,1.0500000000000003,-0.05000000000000002,-0.06530562274746203
2021-12-08,1.0,-0.2,-0.32123652667400976
2021-12-09,1.0143126006604457,0.08568739933955465,0.014312600660445377
2021-12-10,1.0,0.3000000000000001,0.3794716360557351
2021-12-13,1.0,0.20000000000000012,0.38399297851065806
2021-12-14,1.05,0.14999999999999997,0.24902195804087518
2021-12-15,1.0000000000000002,0.10000000000000002,0.11030357666137286
2021-12-16,1.0,-0.10000000000000007,-0.37500796571732115
2021-12-17,0.8500000000000001,-0.15000000000000002,-0.42607856126781857
2021-12-20,0.8000000000000002,-0.2,-0.4732169297199866
2021-12-21,1.048779946736445,0.15122005326355537,0.0487799467364447
2021-12-22,1.0,-8.326672684688674e-17,-0.0709425283092354
2021-12-23,0.9500000000000002,0.15000000000000002,0.17804080044767195
2021-12-27,1.0011428750697164,0.09885712493028363,0.0011428750697163453
2021-12-28,0.9500000000000002,0.15000000000000008,0.11315591124686153
2021-12-29,1.05,-0.05000000000000006,0.14742750016790687
2021-12-30,1.0000000000000002,0.30000000000000004,0.2462711427916303
2021-12-31,1.0,-0.30000000000000004,-0.09640023587650146
2022-01-03,1.0500000000000003,-0.15000000000000002,-0.07433614221078687
2022-01-04,1.05,-0.15000000000000008,-0.15798181321144586
2022-01-05,1.0500000000000003,-0.05000000000000003,-0.12465423488854058
2022-01-06,1.0500000000000003,-0.05000000000000006,-0.2789391358142195
2022-01-07,1.0500000000000003,-0.15000000000000008,-0.18048429218521647
2022-01-10,1.05,0.05000000000000006,0.056557318387380665
2022-01-11,1.05,-0.15000000000000008,-0.222404752900819
2022-01-12,1.0000000000000002,0.4000000000000001,0.33219141441624184
2022-01-13,0.95,0.34999999999999987,0.2504460336593404
2022-01-14,1.0000000000000002,0.3,0.18823714816389675
2022-01-18,1.0000000000000002,0.20000000000000007,0.09300253441816965
2022-01-19,1.0500000000000003,0.05000000000000002,-0.09128132444054007
2022-01-20,1.0000000000000002,-0.30000000000000004,-0.28204371931885786
2022-01-21,1.05,-0.15000000000000008,-0.27882718339778434
2022-01-24,0.9000000000000004,-0.3,-0.19942706036895722
2022-01-25,1.0000000000000002,-0.30000000000000004,-0.33675935621728603
2022-01-26,1.0500000000000003,-0.15000000000000002,-0.30358385702938784
2022-01-27,1.05,-0.050000000000000086,-0.2547357376321057
2022-01-28,1.05,-0.05000000000000003,-0.14351863232755194
2022-01-31,1.0066125503340682,-0.00661255033406789,0.006612550334067904
2022-02-01,1.0500000000000003,0.05000000000000002,-0.07208916212081136
2022-02-02,1.05,0.04999999999999995,0.09129862841354563
2022-02-03,1.05,0.2499999999999999,-0.051242820666001915
2022-02-04,1.0500000000000003,-0.050000000000000086,-0.2814382094490304
2022-02-07,0.9000000000000002,-0.3,-0.25621286223924034
2022-02-08,1.0000000000000002,-0.30000000000000004,-0.16424378886904675
2022-02-09,0.7316755031650716,-0.1316755031650716,0.031675503165071575
2022-02-10,1.0500000000000003,-0.05000000000000007,-0.06643307020580333
2022-02-11,1.0000000000000002,-0.10000000000000005,-0.1353113919533535
2022-02-14,1.05,0.14999999999999997,0.3092902455769913
2022-02-15,0.9745274607720519,0.07452746077205175,-0.0245274607720517
2022-02-16,0.9500000000000002,0.05000000000000006,0.14485568260267317
2022-02-17,0.8989252623085306,-0.3010747376914697,-0.04892526230853028
2022-02-18,1.0032416615618338,0.045324166156183385,0.05908828182230546
2022-02-22,0.9065211128531434,-0.23550703761771447,-0.23725430581141205
2022-02-23,0.8325798134015592,-0.04782247667519485,-0.09792270062837734
2022-02-24,1.0432919751627607,-0.04329197516276048,0.043291975162760496
2022-02-25,1.0000000000000002,0.10000000000000002,0.20217920560135613
2022-02-28,1.0000000000000002,-0.10000000000000006,0.10436335831831758
2022-03-01,1.05,-0.05000000000000002,0.13336022608045828
2022-03-02,1.0500000000000003,0.04999999999999996,0.12223939039345429
2022-03-03,0.9000000000000002,-0.3,-0.20443513076648634
2022-03-04,0.9000000000000002,-0.3,-0.1397446806367183
2022-03-07,0.6775408378190426,-0.3844513492593372,-0.14175078617600542
2022-03-08,0.7601274451889964,-0.30506372259449815,-0.14121111441232262
2022-03-09,0.7152973929580403,-0.34917843577482427,-0.19759377352235113
2022-03-10,0.7733987194116911,-0.14036808405570816,-0.2739090013113854
2022-03-11,0.8042808932627936,-0.20142696442093128,-0.2799986385498049
2022-03-14,0.8851582827221747,-0.03351582827221747,-0.20297211865907253
2022-03-15,0.8584670220661497,0.007449104101781623,-0.41104128964876985
2022-03-16,0.84711858879764,-0.24367526955702518,-0.6305441340490014
2022-03-17,0.8432882135668791,-0.24226407868253436,-0.5387418704368527
2022-03-18,0.8635212094380547,0.03705519800246081,-0.03705519800246079
2022-03-21,0.8809990746949524,0.009680254517579423,-0.00968025451757943
2022-03-22,0.9246129193630667,-0.05,0.12716637413173265
2022-03-23,0.8695040802151406,-0.09313179369553372,0.091611264767509
2022-03-24,0.9099550604243992,0.03599550604243994,0.1398687005890047
2022-03-25,0.829932393631958,-0.1366591548479953,0.10295617151891569
2022-03-28,0.6525955445866958,-0.3069455996549953,0.0045018978397573396
2022-03-29,0.7063442064316375,-0.29228877415586335,0.043855514790398724
2022-03-30,0.7535255301934335,-0.18450851006447777,-0.11355997440299818
2022-03-31,0.6001374761337024,-0.25846267424343217,-0.014728282694747052
2022-04-01,0.7167167476846286,-0.22453042551720004,-0.1173528404284193
2022-04-04,0.6292997672697317,-0.29199276228863713,-0.0011457698435711795
2022-04-05,0.6363601277796569,-0.28506293015980383,-0.06673353022997715
2022-04-06,0.6191350661658109,-0.2752200378090348,-0.05895311295250673
2022-04-07,0.6288818720946583,-0.2201448736441738,-0.06907079961740371
2022-04-08,0.7057721139048814,-0.22002381160789236,-0.11954312033341741
2022-04-11,0.5830177963582733,-0.27280906791179566,0.001376430521127757
2022-04-12,0.7097387636422284,-0.22165713797032943,-0.14420278821193155
2022-04-13,0.7809504909845751,-0.11243344244101665,-0.1257589359431018
2022-04-14,0.6955195558302203,-0.11137988895755506,-0.15541745535594215
2022-04-18,0.7352627049216001,-0.151547854388706,-0.23059735146917187
2022-04-19,0.8540343740715205,-0.11080687481430411,-0.13163625245198082
2022-04-20,0.8560232127126673,-0.03060232127126672,-0.07477916531068933
2022-04-21,0.824251223877214,-0.07225019324377065,-0.09401884803899785
2022-04-22,0.7869677587715589,-0.0494293258557951,0.00845496847158601
2022-04-25,0.7726263989616068,-0.2718041534941873,0.021393030760477737
2022-04-26,0.7561524063340582,-0.2658393682859373,0.020682849261876878
2022-04-27,0.774488128690315,-0.28059362395413023,0.03364637158603793
2022-04-28,0.8839816037554862,0.08193172250660083,-0.03737339577055164
2022-04-29,0.9143548866783284,-0.2093064660034985,-0.12359783487046938
2022-05-02,0.8521670058663339,0.013389483762057532,0.02988834071936203
2022-05-03,0.8689716790659733,0.07500831099116864,0.010808051741298752
2022-05-04,1.0000000000000002,1.3877787807814457e-17,0.1685176976180079
2022-05-05,0.8514015062662095,-0.15140150626620943,0.0014015062662094228
2022-05-06,1.05,-0.15000000000000008,-0.1162976623038437
2022-05-09,0.9000000000000004,-0.3,-0.15968226845048256
2022-05-10,0.8500000000000002,-0.25,-0.1313346231435441
2022-05-11,1.0500000000000003,-0.04999999999999999,0.469219307185728
2022-05-12,0.9000000000000004,-0.3,-0.20374528878442122
2022-05-13,0.8500000000000003,-0.25,-0.26108751928524326
2022-05-16,1.05,-0.15000000000000002,-0.4581499116908603
2022-05-17,0.9000000000000004,-0.3,-0.4962448584398386
2022-05-18,1.0500000000000003,-0.05000000000000002,-0.29563565161439187
2022-05-19,1.0,0.09999999999999999,-0.11370123283876743
2022-05-20,1.0500000000000003,-0.15000000000000008,-0.07280856908298017
2022-05-23,0.9000000000000004,-0.3,-0.12366973705251708
2022-05-24,0.9000000000000002,-0.3,-0.07758521716681419
2022-05-25,0.8000000000000003,-0.3,-0.05981702965018944
2022-05-26,0.7964208938642053,-0.30357910613579475,-0.046420893864205226
2022-05-27,0.9673452581990633,-0.032654741800937095,-0.017345258199062966
2022-05-31,0.7500000000000002,-0.35,-0.2649722597293124
2022-06-01,1.0000000000000002,-0.09999999999999999,-0.20947807501373933
2022-06-02,1.0478879821151856,-0.049788798211518645,-0.19240279631137142
2022-06-03,1.0500000000000003,-0.25,-0.08843253990854504
2022-06-06,0.9500000000000003,-0.25,-0.17856178313514273
2022-06-07,1.0136814006970094,-0.21368140069700908,0.013681400697009082
2022-06-08,0.8000000000000003,-0.3,-0.08339517855551412
2022-06-09,0.7500000000000002,-0.35,-0.10738870244753776
2022-06-10,0.8441084908843246,-0.2558915091156756,-0.04410849088432438
2022-06-13,0.8672143568332875,-0.2865000292842949,-0.08868998836741657
2022-06-14,0.8920095222405222,-0.29670980327550905,-0.09763361053268707
2022-06-15,1.0286358818820602,-0.26416347556575875,-0.034174837691430184
2022-06-16,0.8673649591888745,-0.09301920837836175,0.08441307614592335
2022-06-17,0.8284809647431469,-0.03649788497146071,-0.08219054326175321
2022-06-21,0.8681485713954988,0.032407596051986384,-0.0324075960519864
2022-06-22,0.8862912454707066,-0.11725824909414133,-0.23142236358355078
2022-06-23,0.8718559962636769,-0.19655679887910316,-0.23010347153044372
2022-06-24,0.8364561790412611,0.12476803978694691,0.1013208305347288
2022-06-27,0.8834441730697767,-0.1693274139657307,-0.14320130101894
2022-06-28,1.000752593541673,-0.2352257780625019,-0.23217780568107252
2022-06-29,0.9992813209317848,-0.13985626418635688,-0.16441353197834865
2022-06-30,0.9493858395172071,0.09200829045008534,0.05321981496963546
2022-07-01,0.6872698671738336,-0.3911868311203464,-0.1904201733869355
2022-07-05,0.9979134239031886,0.00010981979456894941,-0.05306069993762371
2022-07-06,1.0000000000000002,-0.30000000000000004,-0.2850983352786598
2022-07-07,1.0482107556963178,-0.1496421511392635,-0.23025831929854115
2022-07-08,1.0000000000000002,0.09999999999999996,-0.15147041886469031
2022-07-11,1.05,0.25,0.13810095458564864
2022-07-12,1.014658612101894,-0.14293172242037883,-0.269658527308131
2022-07-13,1.0500000000000003,-0.15000000000000008,-0.20891802380829302
2022-07-14,0.8000000000000003,-0.3,-0.2877069555734459
2022-07-15,1.0500000000000003,-0.04999999999999999,0.37717323523999446
2022-07-18,0.8000000000000002,-0.30000000000000004,-0.2922768039995035
2022-07-19,0.9500000000000001,0.04999999999999999,-0.11237599313229941
2022-07-20,1.0500000000000003,0.05000000000000002,-0.052706107340863305
2022-07-21,1.0,-1.1102230246251565e-16,-0.3552935192876381
2022-07-22,1.0000000000000002,0.10000000000000002,0.10780610158647191
2022-07-25,1.0500000000000003,-0.25,-0.13456422773127105
2022-07-26,1.0500000000000003,-0.25000000000000006,-0.082841309012816
2022-07-27,1.0100890017961153,-0.21008900179611548,0.010089001796115354
2022-07-28,0.9500000000000003,-0.25,-0.09161495895167167
2022-07-29,0.9000000000000002,-0.3,-0.24578838154081611
2022-08-01,0.9500000000000002,-0.25,-0.2711353696814852
2022-08-02,1.0500000000000003,-0.05,-0.2810744190145698
2022-08-03,1.0500000000000003,0.05000000000000002,-0.07893022924576483
2022-08-04,1.05,-0.15000000000000013,-0.3020153071971039
2022-08-05,1.05,-0.15000000000000008,-0.08026492804643748
2022-08-08,1.05,-0.25000000000000006,-0.22168715139340212
2022-08-09,0.9500000000000002,-0.25,-0.13216490472570655
2022-08-10,0.9000000000000002,-0.3,-0.1669622638261961
2022-08-11,0.7500000000000002,-0.35000000000000003,-0.12912143976485121
2022-08-12,0.9336049761115588,-0.26639502388844133,-0.033604976111558646
2022-08-15,0.8500000000000003,-0.25,-0.16261683748635078
2022-08-16,0.9000000000000002,-0.10000000000000002,-0.15255384500348712
2022-08-17,0.9000000000000002,-0.3,-0.24450739492809492
2022-08-18,0.9500000000000001,0.15000000000000002,0.08294646663630381
2022-08-19,0.95,-0.05000000000000003,-0.1114166479782787
2022-08-22,1.0000000000000002,-0.30000000000000004,-0.17602610659080983
2022-08-23,0.9000000000000004,-0.3,-0.16268227982992498
2022-08-24,0.9500000000000002,-0.25,-0.2463112786388948
2022-08-25,0.9500000000000002,-0.25,-0.21175913152276948
2022-08-26,0.8500000000000001,0.05000000000000007,0.09559177251043954
2022-08-29,0.8500000000000001,0.05000000000000002,0.1138853274828707
2022-08-30,0.982075511634089,-0.017924488365911095,-0.03207551163408899
2022-08-31,1.0374132765937591,0.03741327659375891,-0.037413276593758926
2022-09-01,1.0000000000000002,0.10000000000000002,0.18036945295315676
2022-09-02,1.0500000000000003,-0.04999999999999999,0.0714168857694156
2022-09-06,1.04728499188678,-0.15271500811322025,-0.047284991886779766
2022-09-07,1.039080992882629,-0.039080992882628736,0.03908099288262875
2022-09-08,1.0500000000000003,0.05000000000000002,-0.09589687905215756
2022-09-09,1.0500000000000003,0.05,0.09860299726024209
2022-09-12,1.05,0.14999999999999986,0.14113823455960905
2022-09-13,1.0500000000000003,-0.05000000000000002,-0.17857649572217135
2022-09-14,0.9906010042114739,0.09060100421147363,-0.04060100421147365
2022-09-15,1.05,-0.050000000000000086,-0.18491533153058726
2022-09-16,0.7500000000000002,-0.35,-0.24949459363845655
2022-09-19,0.9000000000000002,-0.3,-0.09416979329342484
2022-09-20,0.8000000000000002,-0.09999999999999999,-0.20940736966160975
2022-09-21,1.05,-0.15000000000000002,-0.26067511824654677
2022-09-22,1.0383777315498197,-0.03837773154981966,0.03837773154981956
2022-09-23,1.0500000000000003,-0.05000000000000006,0.07230018797824729
2022-09-26,1.0174046054898513,-0.01740460548985101,0.017404605489851024
2022-09-27,1.05,-0.05000000000000006,-0.1917457613625455
2022-09-28,1.05,-0.15000000000000002,-0.24239421702094543
2022-09-29,1.05,-0.3500000000000001,-0.5849228599158978
2022-09-30,0.8000000000000002,-0.2,-0.35924574880021914
2022-10-03,1.05,-0.35000000000000003,-0.547166543818895
2022-10-04,0.9500000000000003,-0.25,-0.33225013439407874
2022-10-05,0.9500000000000002,-0.15000000000000002,-0.1361972733211893
2022-10-06,1.05,0.25000000000000006,0.22388072829642658
2022-10-07,1.0396690139482299,-0.0603309860517703,-0.03966901394822972
2022-10-10,1.0000000000000002,-0.20000000000000007,-0.30578535610954166
2022-10-11,0.8,-0.09999999999999999,-0.21731776041273287
2022-10-12,0.7,-0.10000000000000002,-0.1799005463910846
2022-10-13,0.8500000000000002,-0.35000000000000003,-0.3309612035279482
2022-10-14,1.0,-0.30000000000000004,-0.3958660189765596
2022-10-17,1.05,-0.15000000000000013,-0.26006698970786235
2022-10-18,0.955236464490445,0.14476353550955523,0.005236464490444778
2022-10-19,1.0500000000000003,-0.04999999999999999,-0.22123049617737228
2022-10-20,1.0283077402511211,0.028307740251120733,-0.028307740251120816
2022-10-21,1.0500000000000003,0.04999999999999996,0.07467755242749549
2022-10-24,1.05,-0.15000000000000008,-0.22117412557109029
2022-10-25,1.0000000000000002,-0.10000000000000005,-0.11650977646552915
2022-10-26,1.0,-0.20000000000000007,-0.20817052423777332
2022-10-27,0.8500000000000002,-0.35,-0.31949616502287753
2022-10-28,0.9500000000000003,-0.25,-0.10906656681077928
2022-10-31,0.7500000000000002,-0.35,-0.23926368010440321
2022-11-01,1.0500000000000003,-0.04999999999999999,0.32632610489699376
2022-11-02,1.0,-0.30000000000000004,-0.2641477530153085
2022-11-03,1.0475783162664978,-0.04757831626649788,0.04757831626649781
2022-11-04,1.0000000000000002,-0.20000000000000007,-0.3046703776107921
2022-11-07,0.9500000000000002,-0.3499999999999999,-0.3696210399277695
2022-11-08,1.0309650875304432,0.030965087530443317,-0.03096508753044329
2022-11-09,1.0000000000000002,-0.10000000000000007,-0.16026478212753445
2022-11-10,1.0000000000000002,0.20000000000000012,0.31238993754004646
2022-11-11,1.0500000000000003,0.15000000000000008,0.27467465126995205
2022-11-14,1.018323179761889,-0.08167682023811101,-0.018323179761889005
2022-11-15,1.0500000000000003,-0.050000000000000044,-0.07173364667656834
2022-11-16,1.0443660032333615,-0.055633996766638764,-0.04436600323336128
2022-11-17,0.7500000000000002,-0.35000000000000003,-0.1440042369371146
2022-11-18,0.7500000000000002,-0.35,-0.12965273447112524
2022-11-21,0.7500000000000002,-0.35,-0.14960315345769165
2022-11-22,0.7500000000000002,-0.35,-0.14560746209091716
2022-11-23,0.7500000000000002,-0.35,-0.14775217785780065
2022-11-25,0.75,-0.14999999999999997,-0.11464156315580133
2022-11-28,0.9500000000000002,-0.35,-0.47875961913853254
2022-11-29,0.9500000000000002,-0.15000000000000008,-0.3781762826034361
2022-11-30,1.05,-0.15000000000000008,-0.2536182463503216
2022-12-01,0.7000000000000001,-0.4,-0.27640101539061596
2022-12-02,0.7500000000000002,-0.35,-0.27085223502319944
2022-12-05,0.9500000000000002,-0.15000000000000008,-0.1985832226175316
2022-12-06,0.8076719365999001,-0.10767193659990011,0.007671936599900104
2022-12-07,0.8500000000000002,-0.35000000000000003,-0.17632318151606577
2022-12-08,0.8000000000000003,-0.3,-0.10768641813892205
2022-12-09,0.8500000000000002,-0.35000000000000003,-0.18911209562973205
2022-12-12,0.8500000000000001,-0.35000000000000003,-0.20094021663800704
2022-12-13,0.8500000000000002,-0.15000000000000002,-0.13978387885853785
2022-12-14,1.05,-0.15000000000000002,-0.19767481791366076
2022-12-15,1.0500000000000003,-0.15000000000000008,-0.07509007299063505
2022-12-16,1.0,-0.10000000000000002,-0.059402822894807195
2022-12-19,0.9000000000000004,-0.3,-0.16092357248394662
2022-12-20,0.7000000000000002,-0.4,-0.21894334637005117
2022-12-21,0.65,-0.14999999999999997,-0.09469440164314102
2022-12-22,0.8500000000000003,-0.15000000000000002,-0.2055378733577225
2022-12-23,0.7000000000000002,-0.4,-0.22967687896271932
2022-12-27,0.7000000000000001,-0.09999999999999999,-0.06858709002085056
2022-12-28,0.7500000000000002,-0.35000000000000003,-0.18673585871361326
2022-12-29,0.9000000000000002,-0.3,-0.10831919333515456
2022-12-30,1.0000000000000002,-0.30000000000000004,-0.2112940687404727
2023-01-03,1.0,-0.30000000000000004,-0.1948888389331159
2023-01-04,0.95,-0.04999999999999999,-0.10894160128477068
2023-01-05,0.9000000000000001,-0.10000000000000005,-0.10518481691268106
2023-01-06,1.05,-0.15000000000000008,-0.2180894497905026
2023-01-09,1.0500000000000003,-0.15000000000000008,-0.2696843657696693
2023-01-10,0.9500000000000001,-0.35000000000000003,-0.3553181379044625
2023-01-11,0.8500000000000002,-0.35000000000000003,-0.1302463076617872
2023-01-12,1.05,-0.15000000000000013,-0.13906396564160645
2023-01-13,1.05,-0.15000000000000008,-0.10018769980537039
2023-01-17,1.0,-0.30000000000000004,-0.1179772719367147
2023-01-18,0.7500000000000001,-0.35000000000000003,-0.07720716890127363
2023-01-19,0.8500000000000002,-0.35000000000000003,-0.11673915699567512
2023-01-20,0.7582149473783053,-0.14178505262169475,-0.008214947378305184
2023-01-23,0.8,-0.09999999999999999,-0.06583533339454029
2023-01-24,0.9500000000000002,-0.35000000000000003,-0.186742095643964
2023-01-25,0.8500000000000002,-0.35000000000000003,-0.17100598758905444
2023-01-26,1.0500000000000003,-0.35000000000000003,-0.29141375905122513
2023-01-27,1.05,-0.15000000000000008,-0.19783863128673315
2023-01-30,0.8500000000000002,-0.35000000000000003,-0.15907143316483785
2023-01-31,0.8500000000000002,-0.35,-0.24563647920417897
2023-02-01,0.9988503511868225,-0.10114964881317771,-0.04885035118682231
2023-02-02,1.0500000000000003,-0.15000000000000008,-0.15395518157999383
2023-02-03,1.0223846258887264,-0.22238462588872604,0.02238462588872603
2023-02-06,1.0000000000000002,1.3877787807814457e-17,0.12831012388614066
2023-02-07,1.0000000000000002,0.3000000000000001,0.2966921208267505
2023-02-08,1.0500000000000003,-0.05000000000000002,-0.1306049255755675
2023-02-09,0.8500000000000003,-0.14999999999999997,-0.07795494164729563
2023-02-10,0.9500000000000002,-0.35,-0.29210574479537027
2023-02-13,0.8889284442296062,-0.2954411240945438,-0.09485987612552474
2023-02-14,0.7340264247589819,-0.34087224271941824,-0.16684290135883784
2023-02-15,0.875615700559478,-0.19282814722337588,-0.18754102136328002
2023-02-16,1.0279585776543112,0.1455917155308622,0.12453487270025042
2023-02-17,0.9265732899996614,0.047397032222184596,0.15976737373966687
2023-02-21,1.05,-0.15000000000000002,-0.14588432252083658
2023-02-22,1.0000000000000002,-0.20000000000000012,-0.23037164301325158
2023-02-23,1.0500000000000003,0.15000000000000002,0.24274057239329444
2023-02-24,1.0500000000000003,0.05000000000000002,0.2314463912647729
2023-02-27,1.0500000000000003,-0.050000000000000044,0.1477189579702096
2023-02-28,0.9812171145484054,-0.08121711454840531,0.031217114548405242
2023-03-01,1.0000000000000002,0.09999999999999994,0.2647178914658842
2023-03-02,1.05,0.24999999999999994,0.38356727324977535
2023-03-03,0.85,0.25000000000000006,0.2941027539888234
2023-03-06,1.05,0.24999999999999994,0.5089907259934568
2023-03-07,1.0466298520267838,-0.04662985202678359,0.0466298520267836
2023-03-08,1.05,0.15000000000000008,0.20417383225447516
2023-03-09,0.9500000000000001,-0.05000000000000003,0.05383679969896342
2023-03-10,1.05,-0.15000000000000008,-0.2614042024238262
2023-03-13,1.05,-0.15000000000000008,-0.21357745695574376
2023-03-14,1.0500000000000003,-0.15000000000000008,-0.14202312928426286
2023-03-15,1.05,-0.25000000000000006,-0.32498248623204307
2023-03-16,0.7999999999999999,0.09999999999999999,0.14104529089210635
2023-03-17,0.7500000000000001,0.35000000000000014,0.1730690668372754
2023-03-20,1.0000000000000002,0.30000000000000016,0.282824286461874
2023-03-21,0.9000000000000001,5.551115123125783e-17,0.2062237358958371
2023-03-22,0.95,0.25000000000000006,0.16297330292331647
2023-03-23,1.0500000000000003,0.049999999999999975,0.21114579476404155
2023-03-24,0.9500000000000002,-0.25000000000000006,-0.16737763517304216
2023-03-27,1.0000000000000002,-0.2,-0.09892412427422698
2023-03-28,1.0,-0.10000000000000007,0.13128408226832322
2023-03-29,0.9500000000000001,-0.05000000000000002,0.1699002969966168
2023-03-30,0.9000000000000001,0.09999999999999999,0.2836714252535224
2023-03-31,0.7,0.40000000000000013,0.3547808119258969
2023-04-03,0.7,0.09999999999999999,0.2570544716184577
2023-04-04,0.75,0.3500000000000001,0.26462757933860664
2023-04-05,0.8499999999999999,0.14999999999999997,0.3260585455084606
2023-04-06,0.6499999999999999,0.14999999999999997,0.27060921689801126
2023-04-10,0.7,0.20000000000000012,0.30164770235779015
2023-04-11,0.6499999999999999,0.14999999999999997,0.24716132951441208
2023-04-12,0.6499999999999999,0.14999999999999997,0.2501820450589207
2023-04-13,0.6499999999999999,0.14999999999999997,0.18798784238880967
2023-04-14,0.7999999999999998,0.09999999999999996,0.2068336939032892
2023-04-17,0.8499999999999999,0.35000000000000003,0.31475295484332505
2023-04-18,0.7499999999999998,0.14999999999999997,0.29767917796284915
2023-04-19,0.6499999999999999,0.14999999999999997,0.17968110399431436
2023-04-20,0.8499999999999999,0.35,0.41202808460682233
2023-04-21,0.8999999999999999,0.2,0.3793203645520806
2023-04-24,0.8999999999999999,0.2,0.37731211392298436
2023-04-25,0.8,0.20000000000000012,0.3392013491323601
2023-04-26,0.9500000000000004,0.3500000000000001,0.4245368701759828
2023-04-27,0.9500000000000003,-0.15000000000000002,-0.3869557234662232
2023-04-28,0.65,0.14999999999999997,0.24344640615769098
2023-05-01,0.65,0.14999999999999997,0.26780129906825434
2023-05-02,0.7,0.40000000000000013,0.3159465382879771
2023-05-03,0.65,0.15000000000000002,0.2440296638900763
2023-05-04,0.8999999999999999,0.2,0.39063265773710104
2023-05-05,1.05,0.1499999999999999,0.45344339826562124
2023-05-08,0.9000000000000001,0.10000000000000002,0.3556736103245317
2023-05-09,1.0500000000000003,0.05000000000000002,0.2454002254385953
2023-05-10,0.7999999999999998,0.09999999999999996,0.3105989999048581
2023-05-11,0.7500000000000001,0.3500000000000001,0.21757921150546664
2023-05-12,0.7500000000000001,0.35000000000000014,0.2715433339858
2023-05-15,0.9500000000000003,0.35000000000000003,0.37130605834823394
2023-05-16,0.75,0.35000000000000014,0.36446112067806463
2023-05-17,0.7,0.09999999999999996,0.22112205960668024
2023-05-18,0.8499999999999999,0.15000000000000002,0.2850644775009599
2023-05-19,0.6499999999999999,0.14999999999999997,0.2410527341432846
2023-05-22,0.9500000000000002,-0.15000000000000002,-0.25621144691610653
2023-05-23,0.7999999999999998,0.09999999999999999,0.19796019628152348
2023-05-24,0.7499999999999999,0.14999999999999997,0.317133474714468
2023-05-25,0.6499999999999999,0.2500000000000001,0.3721970289636993
2023-05-26,0.6484154196302743,0.09960385490756861,0.23463803478981576
2023-05-30,0.6487650950599204,0.02484563688249003,0.19237476811787435
2023-05-31,0.7256483232722089,0.10014407183826864,0.27287165883342446
2023-06-01,0.6195923143798905,0.06391846287597815,0.13192446166738597
2023-06-02,0.7334867276006563,-0.050000000000000044,0.13671594009790874
2023-06-05,0.7621351944134556,0.06244239911791402,0.3131061083610317
2023-06-06,0.7568260557251314,0.061604114061862836,0.3064848376436212
2023-06-07,0.7551627251524402,-0.13556913819801059,-0.09931625053478768
2023-06-08,0.7926032133528141,-0.0985206426705628,-0.06968670627767236
2023-06-09,0.6377521027812006,0.09693802569530009,0.2896688746497083
2023-06-12,0.7115032009364888,-0.09700071131921971,-0.20047820397040475
2023-06-13,0.4511461550810552,0.13233916140047958,0.22017875587626212
2023-06-14,0.6964097814016191,-0.09364661808924869,-0.2311417285172676
2023-06-15,0.6806644959755411,-0.09014766577234247,-0.2215553392023544
2023-06-16,0.506997660995508,0.055460998691271066,0.11921466615692494
2023-06-20,0.6775191658051108,0.01972435175612343,0.17361623986202004
2023-06-21,0.6753932552056123,0.019488139467290208,0.17945377422923858
2023-06-22,0.7156042786643114,-0.05041157035797626,-0.019226234098595335
2023-06-23,0.7162122353732896,-0.004064355935562605,0.004064355935562605
2023-06-26,0.7602373011139149,0.021023730111391456,0.12204956382712309
2023-06-27,0.7,0.10000000000000007,0.10923204400162323
2023-06-28,0.65,0.14999999999999997,0.17139505369681687
2023-06-29,0.65,0.14999999999999997,0.17989569228091598
2023-06-30,0.6499999999999999,0.14999999999999997,0.1304485788284684
2023-07-03,0.9500000000000002,-0.15000000000000002,-0.5220348140656845
2023-07-05,0.65,0.15000000000000002,0.1391368226281701
2023-07-06,0.6499999999999999,0.14999999999999997,0.1357146443763547
2023-07-07,0.8,0.4000000000000001,0.30325853213171977
2023-07-10,0.65,0.14999999999999997,0.13374014662420028
2023-07-11,0.6499999999999999,0.14999999999999997,0.13980466891545149
2023-07-12,0.7,0.40000000000000013,0.22236094441857057
2023-07-13,1.0500000000000003,0.05000000000000002,-0.47472824763440835
2023-07-14,0.7,0.40000000000000013,0.2341704407144944
2023-07-17,0.75,0.35000000000000014,0.18911954975020367
2023-07-18,0.75,0.35000000000000014,0.18878728207735943
2023-07-19,0.7,0.20000000000000012,0.21233771828022063
2023-07-20,1.0000000000000002,0.20000000000000012,0.23604458096091244
2023-07-21,0.6499999999999999,0.14999999999999997,0.16562829967088144
2023-07-24,0.8499999999999999,0.15000000000000002,0.1920310413575252
2023-07-25,0.8999999999999999,0.3,0.15617369952833676
2023-07-26,1.0500000000000003,0.05000000000000002,-0.4216062406609415
2023-07-27,1.0500000000000003,0.05000000000000002,-0.536545878176884
2023-07-28,1.0500000000000003,0.05000000000000002,-0.5159655824701563
2023-07-31,1.0500000000000003,0.05000000000000002,-0.5575421692430458
2023-08-01,1.0500000000000003,0.05000000000000002,-0.5472722189621941
2023-08-02,0.7,0.40000000000000013,0.16300335697453527
2023-08-03,0.7999999999999998,0.09999999999999996,0.08781749551741691
2023-08-04,0.8999999999999999,0.30000000000000004,0.1417193725227418
2023-08-07,0.9951608699521648,0.004839130047835365,0.04516086995216456
2023-08-08,1.0000000000000002,0.09999999999999996,0.20745426588203048
2023-08-09,0.8500000000000001,0.05000000000000003,0.16340185141952435
2023-08-10,1.0,0.09999999999999996,0.2081391318129845
2023-08-11,0.8499999999999999,0.14999999999999997,0.270275814185605
2023-08-14,0.65,0.15000000000000002,0.3146368126620674
2023-08-15,1.0500000000000003,0.05000000000000002,-0.5798931277498736
2023-08-16,1.0500000000000003,0.05000000000000002,-0.45732656018172907
2023-08-17,0.6499999999999999,0.14999999999999997,0.30230790945836594
2023-08-18,0.7999999999999999,0.3000000000000001,0.10384783654150236
2023-08-21,0.7790310824186847,0.32096891758131535,0.029031082418684784
2023-08-22,0.8999999999999999,0.30000000000000004,0.19117169230154046
2023-08-23,0.7999999999999999,0.30000000000000016,0.06638062696870098
2023-08-24,0.7999999999999999,0.30000000000000016,0.06931709433404623
2023-08-25,0.8937667612524512,0.23125558708415034,0.19127970341835002
2023-08-28,1.05,0.14999999999999997,0.41868215068981685
2023-08-29,0.8999999999999999,0.10000000000000002,0.23115877517324449
2023-08-30,1.05,0.049999999999999975,0.3060533944846007
2023-08-31,1.05,0.25000000000000006,0.2765238950344885
2023-09-01,1.0360479500464101,-0.03604795004641009,0.036047950046410024
2023-09-05,0.9000000000000001,0.10000000000000002,0.14096735457558718
2023-09-06,1.0,0.09999999999999991,0.3614590955534203
2023-09-07,1.0500000000000003,0.1499999999999999,0.3918299743872723
2023-09-08,1.05,0.04999999999999996,0.21921102308149998
2023-09-11,1.0500000000000003,0.049999999999999864,0.3064694444225916
2023-09-12,1.05,-0.15000000000000008,-0.13750964827077236
2023-09-13,1.0000000000000002,0.1,-0.05288962404986995
2023-09-14,1.0500000000000003,0.05000000000000006,0.23172268199648835
2023-09-15,1.0000000000000002,1.3877787807814457e-17,0.15465073110495
2023-09-18,1.0500000000000003,-0.04999999999999999,0.05756826520833532
2023-09-19,0.9000000000000001,0.1000000000000001,0.3081183452446334
2023-09-20,1.0500000000000003,0.1499999999999999,0.43594076026990447
2023-09-21,1.0500000000000003,0.14999999999999997,0.3099625209443669
2023-09-22,1.0500000000000003,0.04999999999999999,0.15946241871470132
2023-09-25,1.05,0.05000000000000003,0.19375907647509094
2023-09-26,1.05,-0.2500000000000001,-0.461723963090011
2023-09-27,0.9140341794457191,-0.014034179445719004,0.014034179445718942
2023-09-28,0.95,0.05000000000000002,0.05403256176822975
2023-09-29,0.9000000000000001,0.1000000000000001,0.10926228153937909
2023-10-02,0.7999999999999999,0.09999999999999999,0.0842670761694099
2023-10-03,0.7,0.09999999999999996,0.059710608592799266
2023-10-04,0.8500000000000001,0.05,0.05492825964342353
2023-10-05,1.0417049299220036,0.058295070077996565,0.04170492992200343
2023-10-06,1.0500000000000003,0.24999999999999994,0.2601200291822071
2023-10-09,1.0000000000000002,0.10000000000000002,0.1420462860831024
2023-10-10,1.0500000000000003,0.04999999999999999,-0.17853809247696573
2023-10-11,1.0500000000000003,-0.050000000000000114,-0.2184466616789791
2023-10-12,1.05,-0.15000000000000002,-0.3029528758437368
2023-10-13,1.0,-0.20000000000000007,-0.36406155686600866
2023-10-16,1.0500000000000003,-0.05000000000000003,-0.3012135811895675
2023-10-17,1.0,-0.10000000000000005,-0.22964939185553757
2023-10-18,1.05,-0.04999999999999999,0.07042320875883562
2023-10-19,1.0000000000000002,-0.10000000000000007,0.2093725293157477
2023-10-20,0.6499999999999999,0.2500000000000001,0.17492003712769272
2023-10-23,0.7999999999999999,0.10000000000000002,0.3623045157405049
2023-10-24,0.7999999999999998,0.09999999999999996,0.09279002630275981
2023-10-25,0.85,0.25,0.12345835248670917
2023-10-26,1.0000000000000002,0.30000000000000016,0.2200890315821029
2023-10-27,1.0500000000000003,0.25,0.2565525906194803
2023-10-30,0.8905318612140807,0.15206647489240638,0.021699914458674766
2023-10-31,0.9350278842143019,0.13850278842143018,-0.08796288657700582
2023-11-01,0.8864608846813146,0.1358801965958477,0.09735290696972199
2023-11-02,0.5584581864986708,0.1887040050920881,-0.0038269143887966327
2023-11-03,0.8772968635072855,0.04192187372303176,0.08723841755624052
2023-11-06,0.8929194101215914,0.13731542447146472,0.16486874286482917
2023-11-07,0.7482213760260913,0.18274045867536376,0.22643552126389632
2023-11-08,0.9716193635411963,-0.04176410764565877,0.04176410764565877
2023-11-09,0.9384120721313736,0.010511109651876314,-0.010511109651876342
2023-11-10,0.9774888647966435,0.22824665943899308,0.45095696998917134
2023-11-13,0.980429591308764,0.0430429591308764,0.09137080118563966
2023-11-14,0.885826322052136,-0.05000000000000006,0.2574725601067345
2023-11-15,0.9390889619328744,-0.0032058441087960826,0.24634898414082962
2023-11-16,0.9883206891891475,0.04383206891891468,0.2882161077625848
2023-11-17,0.9417347745366133,-0.18466704593068772,-0.13715270319750766
2023-11-20,0.951526219657772,0.09234624520912187,0.19255429112415207
2023-11-21,0.9971466535765259,0.23414399607295783,0.24901107337527245
2023-11-22,0.8902057073337077,0.3234247588149812,0.26750911024329327
2023-11-24,1.0298350128255855,0.0701649871744146,0.029835012825585414
2023-11-27,1.0000000000000002,0.10000000000000002,0.20418771451413176
2023-11-28,1.05,-0.050000000000000044,0.07432049186536988
2023-11-29,1.05,-0.05,-0.13009473504231417
2023-11-30,1.05,-0.15000000000000002,-0.1977028456471253
2023-12-01,0.9500000000000001,0.15000000000000008,0.3135754948772207
2023-12-04,1.0500000000000003,0.04999999999999988,0.15270649741286907
2023-12-05,1.0500000000000003,0.14999999999999997,0.2278830265372446
2023-12-06,0.9500000000000002,0.25000000000000006,0.33925291885987263
2023-12-07,0.7999999999999999,0.2,0.23911771620358427
2023-12-08,0.8999999999999999,0.2,0.18366491934690432
2023-12-11,0.7,0.40000000000000013,0.28465062037140865
2023-12-12,0.8499999999999999,0.14999999999999997,0.09016530641092979
2023-12-13,0.8499999999999999,0.35,0.24575917144474174
2023-12-14,0.9677603885140383,-0.032239611485961904,-0.017760388514038154
2023-12-15,0.9012945787605553,-0.10129457876055525,0.001294578760555186
2023-12-18,1.05,-0.15000000000000008,-0.26598109868716335
2023-12-19,0.9740419522854364,-0.07404195228543635,0.024041952285436277
2023-12-20,1.0000000000000002,1.3877787807814457e-17,0.15767345424248505
2023-12-21,1.0500000000000003,0.05,0.11697878342711074
2023-12-22,1.0000000000000002,0.3000000000000001,0.436399678584504
2023-12-26,0.95,0.25000000000000006,0.25735147363923316
2023-12-27,1.05,0.2499999999999999,0.2363494486648073
2023-12-28,1.0500000000000003,0.15000000000000002,0.10150302573899132
2023-12-29,1.0500000000000003,0.14999999999999997,0.07234753419451476
