date,daily_turnover,baseline_turnover,transaction_cost
2018-01-02,1.0,1.0,0.001
2018-01-03,0.09166666666666667,0.6833333333333333,9.166666666666668e-05
2018-01-04,0.05,0.5516666666666666,5e-05
2018-01-05,0.6166666666666667,0.675,0.0006166666666666667
2018-01-08,0.37166666666666676,0.3916666666666668,0.00037166666666666674
2018-01-09,0.5333333333333334,0.9833333333333334,0.0005333333333333335
2018-01-10,0.0,0.9619047619047619,0.0
2018-01-11,0.6,1.0047619047619047,0.0006
2018-01-12,0.4,0.5452380952380953,0.0004
2018-01-16,0.25238095238095243,0.2904761904761905,0.00025238095238095244
2018-01-17,0.15000000000000002,0.46190476190476193,0.00015000000000000001
2018-01-18,0.20119047619047617,0.6071428571428572,0.00020119047619047617
2018-01-19,0.22678571428571428,0.5309523809523811,0.00022678571428571428
2018-01-22,0.5875,0.5875,0.0005875
2018-01-23,0.1,0.6,0.0001
2018-01-24,0.09000000000000001,0.635,9e-05
2018-01-25,0.625,0.785,0.000625
2018-01-26,0.2175,0.74,0.0002175
2018-01-29,0.7941666666666667,0.8025,0.0007941666666666667
2018-01-30,0.26821428571428574,0.5773809523809524,0.00026821428571428574
2018-01-31,0.1,0.7527380952380953,0.0001
2018-02-01,0.4991666666666667,0.8277380952380953,0.0004991666666666667
2018-02-02,0.5860714285714286,0.9435714285714286,0.0005860714285714286
2018-02-05,0.5825,0.5825,0.0005825
2018-02-06,0.16,0.38,0.00016
2018-02-07,0.07500000000000001,0.5835714285714286,7.500000000000001e-05
2018-02-08,0.41333333333333333,0.6716666666666667,0.0004133333333333333
2018-02-09,0.28750000000000003,0.8866666666666667,0.00028750000000000005
2018-02-12,1.1675,1.1925000000000001,0.0011675
2018-02-13,0.2,0.9416666666666668,0.0002
2018-02-14,0.25,1.125,0.00025
2018-02-15,0.8750000000000001,1.0250000000000001,0.0008750000000000001
2018-02-16,0.05,1.0857142857142859,5e-05
2018-02-20,0.8666666666666668,0.8666666666666668,0.0008666666666666668
2018-02-21,0.15000000000000002,0.7159656642947898,0.00015000000000000001
2018-02-22,0.1,0.5166666666666667,0.0001
2018-02-23,0.8416666666666668,1.05,0.0008416666666666668
2018-02-26,0.4166666666666667,0.46666666666666673,0.0004166666666666667
2018-02-27,0.225,0.5416666666666666,0.00022500000000000002
2018-02-28,0.1,0.7083333333333334,0.0001
2018-03-01,0.675,0.7916666666666667,0.000675
2018-03-02,0.25,0.6416666666666667,0.00025
2018-03-05,0.5641666666666667,0.5683333333333334,0.0005641666666666667
2018-03-06,0.05,0.41083333333333333,5e-05
2018-03-07,0.1,0.8108333333333333,0.0001
2018-03-08,0.5325,0.6408333333333334,0.0005325
2018-03-09,0.16666666666666669,0.558541335136414,0.0001666666666666667
2018-03-12,0.5083333333333333,0.5166666666666667,0.0005083333333333333
2018-03-13,0.325,0.7333333333333334,0.00032500000000000004
2018-03-14,0.1,0.7583333333333334,0.0001
2018-03-15,0.625,0.925,0.000625
2018-03-16,0.35000000000000003,0.7500000000000001,0.00035000000000000005
2018-03-19,0.5666666666666667,0.5666666666666667,0.0005666666666666667
2018-03-20,0.21416666666666667,0.56,0.00021416666666666668
2018-03-21,0.23333333333333334,0.9141666666666668,0.00023333333333333333
2018-03-22,0.5333333333333333,0.8808333333333334,0.0005333333333333334
2018-03-23,0.21166666666666667,0.40916666666666673,0.00021166666666666667
2018-03-26,0.6120238095238096,0.6120238095238096,0.0006120238095238097
2018-03-27,0.0,0.4857142857142857,0.0
2018-03-28,0.0,0.7357142857142858,0.0
2018-03-29,0.9178571428571428,0.9357142857142857,0.0009178571428571428
2018-04-02,0.3797619047619048,0.41071428571428575,0.0003797619047619048
2018-04-03,0.6545238095238095,0.9295238095238095,0.0006545238095238095
2018-04-04,0.0,0.7616666666666667,0.0
2018-04-05,0.4583333333333333,1.0466666666666666,0.0004583333333333333
2018-04-06,0.5116666666666667,0.7783333333333334,0.0005116666666666667
2018-04-09,0.42833333333333334,0.42833333333333334,0.00042833333333333335
2018-04-10,0.4901758086415542,0.7901758086415542,0.0004901758086415542
2018-04-11,0.05,0.8435091419748875,5e-05
2018-04-12,0.5516666666666666,0.7685091419748875,0.0005516666666666667
2018-04-13,0.26934247530822086,0.6318424753082208,0.0002693424753082209
2018-04-16,0.6291666666666667,0.6291666666666667,0.0006291666666666667
2018-04-17,0.38011902469577025,0.6201190246957702,0.0003801190246957703
2018-04-18,0.16666666666666669,0.4967856913624369,0.0001666666666666667
2018-04-19,0.4916666666666667,0.8001190246957702,0.0004916666666666667
2018-04-20,0.3717856913624369,0.6551190246957702,0.0003717856913624369
2018-04-23,0.6833333333333333,0.6833333333333333,0.0006833333333333333
2018-04-24,0.1,0.6250000000000001,0.0001
2018-04-25,0.0,0.6750000000000002,0.0
2018-04-26,1.1233333333333333,1.2233333333333334,0.0011233333333333334
2018-04-27,0.25833333333333336,0.7333333333333334,0.00025833333333333334
2018-04-30,0.7583333333333333,0.8083333333333333,0.0007583333333333333
2018-05-01,0.18928571428571433,0.7142857142857144,0.00018928571428571434
2018-05-02,0.0,0.5083333333333334,0.0
2018-05-03,0.7833333333333333,0.8702380952380953,0.0007833333333333334
2018-05-04,0.16904761904761906,0.3511904761904763,0.00016904761904761907
2018-05-07,0.3964285714285714,0.42857142857142855,0.0003964285714285714
2018-05-08,0.7321428571428572,1.1192857142857144,0.0007321428571428572
2018-05-09,0.0,0.4871428571428572,0.0
2018-05-10,0.465,0.7300000000000001,0.000465
2018-05-11,0.611904761904762,0.9373809523809524,0.000611904761904762
2018-05-14,0.5207142857142858,0.5207142857142858,0.0005207142857142858
2018-05-15,0.15000000000000002,0.38333333333333336,0.00015000000000000001
2018-05-16,0.2,0.2833333333333334,0.0002
2018-05-17,0.33333333333333337,0.5833333333333334,0.0003333333333333334
2018-05-18,0.30357142857142855,0.7452380952380953,0.00030357142857142855
2018-05-21,0.8676856945840814,0.8676856945840814,0.0008676856945840814
2018-05-22,0.05,0.4260190279174146,5e-05
2018-05-23,0.0,0.6260190279174146,0.0
2018-05-24,0.5232079730122394,0.5915413063455727,0.0005232079730122394
2018-05-25,0.325,0.6307729990703461,0.00032500000000000004
2018-05-29,0.6762782511869135,0.6762782511869135,0.0006762782511869136
2018-05-30,0.21666666666666667,0.7412820830760737,0.00021666666666666668
2018-05-31,0.18166666666666667,0.8820512502572596,0.00018166666666666667
2018-06-01,0.544134583590593,0.7795512502572597,0.000544134583590593
2018-06-04,0.5068452380952382,0.5229166666666667,0.0005068452380952382
2018-06-05,0.1,0.20892857142857146,0.0001
2018-06-06,0.32500000000000007,0.6714285714285715,0.0003250000000000001
2018-06-07,0.33642857142857147,0.6314285714285715,0.00033642857142857145
2018-06-08,0.1,0.5700000000000001,0.0001
2018-06-11,0.5525,0.565,0.0005525
2018-06-12,0.04081202141519524,0.5166453547485286,4.081202141519524e-05
2018-06-13,0.0,0.6079680021716866,0.0
2018-06-14,0.8048809523809524,0.8724022642990905,0.0008048809523809524
2018-06-15,0.20918797858480476,0.32585464525147145,0.00020918797858480477
2018-06-18,0.39583333333333337,0.4083333333333333,0.0003958333333333334
2018-06-19,0.026785714285714288,0.03749999999999999,2.6785714285714288e-05
2018-06-20,0.014285714285714285,0.2178571428571429,1.4285714285714285e-05
2018-06-21,0.36964285714285716,0.5071428571428572,0.0003696428571428572
2018-06-22,0.41000000000000003,0.7108333333333333,0.00041000000000000005
2018-06-25,0.7458333333333333,0.7458333333333333,0.0007458333333333334
2018-06-26,0.08333333333333334,0.5166666666666667,8.333333333333334e-05
2018-06-27,0.0,0.8377688513706045,0.0
2018-06-28,0.875,0.9333333333333333,0.000875
2018-06-29,0.18939326245799643,0.7660599291246631,0.00018939326245799644
2018-07-02,0.8502241499185633,0.8627241499185634,0.0008502241499185634
2018-07-03,0.1375,0.4046453030156236,0.0001375
2018-07-05,0.17785958872990934,0.2885738744441951,0.00017785958872990935
2018-07-06,0.38333333333333336,0.3940476190476191,0.00038333333333333334
2018-07-09,0.1595238095238095,0.1797619047619048,0.00015952380952380951
2018-07-10,0.4345238095238096,0.6321428571428572,0.0004345238095238096
2018-07-11,0.025,0.43809523809523815,2.5e-05
2018-07-12,0.2023809523809524,0.6640476190476191,0.00020238095238095242
2018-07-13,0.7966666666666666,0.905,0.0007966666666666667
2018-07-16,0.325,0.375,0.00032500000000000004
2018-07-17,0.7000000000000001,0.9666666666666668,0.0007000000000000001
2018-07-18,0.0,0.9133333333333334,0.0
2018-07-19,0.25,1.0166666666666668,0.00025
2018-07-20,0.6583333333333334,0.7833333333333334,0.0006583333333333335
2018-07-23,0.6166666666666667,0.6333333333333334,0.0006166666666666667
2018-07-24,0.2833333333333333,0.6416666666666667,0.00028333333333333335
2018-07-25,0.05,0.8285714285714286,5e-05
2018-07-26,0.7383928571428572,1.0041666666666667,0.0007383928571428572
2018-07-27,0.3270833333333334,0.7270833333333334,0.0003270833333333334
2018-07-30,0.841266701709379,0.841266701709379,0.000841266701709379
2018-07-31,0.09,0.19213361194944067,8.999999999999999e-05
2018-08-01,0.05,0.27539996495728786,5e-05
2018-08-02,0.5129333683760456,0.5896000350427123,0.0005129333683760456
2018-08-03,0.21916666666666668,0.44000000000000006,0.0002191666666666667
2018-08-06,0.42583333333333334,0.45583333333333337,0.00042583333333333335
2018-08-07,0.03333333333333334,0.3033333333333333,3.333333333333334e-05
2018-08-08,0.1900759075481176,0.3809092408814509,0.0001900759075481176
2018-08-09,0.41833333333333333,0.5215907591185491,0.00041833333333333333
2018-08-10,0.30000000000000004,0.6915907591185492,0.00030000000000000003
2018-08-13,0.7465907591185491,0.7465907591185491,0.0007465907591185492
2018-08-14,0.08333333333333334,0.2935117208198951,8.333333333333334e-05
2018-08-15,0.0,0.6483333333333334,0.0
2018-08-16,0.6966666666666667,0.7133333333333334,0.0006966666666666667
2018-08-17,0.12916666666666668,0.4966666666666667,0.00012916666666666667
2018-08-20,0.24583333333333335,0.24583333333333335,0.00024583333333333336
2018-08-21,0.5000000000000001,0.7166666666666668,0.0005000000000000001
2018-08-22,0.10833333333333334,0.7433333333333334,0.00010833333333333334
2018-08-23,0.27,1.1016666666666668,0.00027
2018-08-24,0.6000000000000001,0.7783333333333334,0.0006000000000000001
2018-08-27,0.5014977076396604,0.5664977076396603,0.0005014977076396604
2018-08-28,0.17500000000000002,0.40683562569367304,0.00017500000000000003
2018-08-29,0.05,0.531835625693673,5e-05
2018-08-30,0.4464977076396604,0.7348310409729938,0.00044649770763966043
2018-08-31,0.5250000000000001,0.7083333333333335,0.0005250000000000002
2018-09-04,0.2,0.25,0.0002
2018-09-05,0.38333333333333336,0.5333333333333333,0.00038333333333333334
2018-09-06,0.175,0.45,0.000175
2018-09-07,0.5166666666666667,0.675,0.0005166666666666667
2018-09-10,0.2808333333333334,0.3000000000000001,0.0002808333333333334
2018-09-11,0.19824495479682414,0.4457449547968242,0.00019824495479682413
2018-09-12,0.0,0.3424116214634908,0.0
2018-09-13,0.7191666666666667,0.8840782881301575,0.0007191666666666668
2018-09-14,0.18157828813015744,0.48157828813015746,0.00018157828813015746
2018-09-17,0.6133333333333334,0.6133333333333334,0.0006133333333333335
2018-09-18,0.21500000000000002,0.5850000000000001,0.00021500000000000002
2018-09-19,0.35000000000000003,0.9900000000000001,0.00035000000000000005
2018-09-20,0.6571428571428571,0.7781417333751918,0.0006571428571428571
2018-09-21,0.21500000000000002,0.5435714285714286,0.00021500000000000002
2018-09-24,0.7642857142857142,0.7642857142857142,0.0007642857142857142
2018-09-25,0.05,0.4666666666666668,5e-05
2018-09-26,0.18333333333333335,0.7466666666666667,0.00018333333333333336
2018-09-27,0.67,0.8533333333333334,0.00067
2018-09-28,0.0,0.25,0.0
2018-10-01,0.5683333333333334,0.5683333333333334,0.0005683333333333333
2018-10-02,0.1125,0.49500000000000005,0.00011250000000000001
2018-10-03,0.15000000000000002,0.6525,0.00015000000000000001
2018-10-04,0.7155592987846287,0.7697259654512953,0.0007155592987846287
2018-10-05,0.05,0.3634574965092492,5e-05
2018-10-08,0.3521787964534666,0.41884546312013327,0.00035217879645346663
2018-10-09,0.4005952380952381,0.4095238095238095,0.00040059523809523814
2018-10-10,0.25357142857142856,0.7035714285714286,0.0002535714285714286
2018-10-11,0.3125,0.7166666666666667,0.0003125
2018-10-12,0.5687382462373354,0.9687382462373355,0.0005687382462373354
2018-10-15,0.8429842733841031,0.8429842733841031,0.0008429842733841031
2018-10-16,0.1125,0.4267645272757052,0.00011250000000000001
2018-10-17,0.05,0.6853012899023713,5e-05
2018-10-18,0.7283891862881051,0.8075558529547718,0.0007283891862881051
2018-10-19,0.2833333333333333,0.9875,0.00028333333333333335
2018-10-22,0.4841666666666667,0.4841666666666667,0.0004841666666666667
2018-10-23,0.1,0.525,0.0001
2018-10-24,0.28390775471276397,1.096407754712764,0.000283907754712764
2018-10-25,0.7858333333333334,1.006092245287236,0.0007858333333333334
2018-10-26,0.2875,1.0852589119539027,0.0002875
2018-10-29,0.8241666666666667,0.8316849100266058,0.0008241666666666667
2018-10-30,0.020258911953902725,0.5869255786205695,2.0258911953902725e-05
2018-10-31,0.275,1.0916666666666668,0.000275
2018-11-01,0.5666666666666667,0.8333333333333334,0.0005666666666666667
2018-11-02,0.35000000000000003,0.6452380952380953,0.00035000000000000005
2018-11-05,0.5833333333333334,0.5833333333333334,0.0005833333333333334
2018-11-06,0.35000000000000003,0.9033333333333333,0.00035000000000000005
2018-11-07,0.1,0.9583333333333334,0.0001
2018-11-08,0.7857142857142858,1.042857142857143,0.0007857142857142859
2018-11-09,0.2,0.55,0.0002
2018-11-12,0.4858138903271096,0.5000996046128239,0.0004858138903271096
2018-11-13,0.5642857142857143,0.9393853188985382,0.0005642857142857143
2018-11-14,0.1,0.6746093235784556,0.0001
2018-11-15,0.46343293794615714,0.8200996046128238,0.00046343293794615716
2018-11-16,0.27,0.4833333333333334,0.00027
2018-11-19,1.0666666666666667,1.0666666666666667,0.0010666666666666667
2018-11-20,0.25833333333333336,1.1166666666666667,0.00025833333333333334
2018-11-21,0.15000000000000002,1.1445579272578308,0.00015000000000000001
2018-11-23,1.125,1.1333333333333333,0.0011250000000000001
2018-11-26,0.40166666666666667,0.415,0.00040166666666666665
2018-11-27,0.2073487662398711,0.5298487662398712,0.0002073487662398711
2018-11-28,0.1875,0.5674397840128658,0.0001875
2018-11-29,0.3066666666666667,0.6148487662398712,0.00030666666666666673
2018-11-30,0.24984876623987112,0.5831820995732044,0.00024984876623987114
2018-12-03,0.855,0.8865111120140985,0.000855
2018-12-04,0.24083333333333334,0.7866666666666666,0.00024083333333333335
2018-12-06,0.675,0.7875,0.000675
2018-12-07,0.2195122798199767,0.6303893683004637,0.0002195122798199767
2018-12-10,0.5401724336895297,0.5773942032700753,0.0005401724336895297
2018-12-11,0.030703251392319372,0.2751934349378467,3.070325139231937e-05
2018-12-12,0.2281817278743338,0.5900255039944388,0.0002281817278743338
2018-12-13,0.28622399101657026,0.46483339389713624,0.00028622399101657024
2018-12-14,0.6238298645755864,0.9318276697935585,0.0006238298645755865
2018-12-17,0.9350526047807327,0.9557661464549412,0.0009350526047807328
2018-12-18,0.14074916794446926,0.637593901067712,0.00014074916794446928
2018-12-19,0.08018744861121127,0.5506052198354557,8.018744861121127e-05
2018-12-20,0.17598896211129475,0.47016419393312703,0.00017598896211129476
2018-12-21,0.7066859877220538,0.9699798380769034,0.0007066859877220539
2018-12-24,0.8409532190373488,0.8526524319038612,0.0008409532190373488
2018-12-26,0.09849335930266447,0.3954436442763447,9.849335930266446e-05
2018-12-27,0.4439740944974898,0.5356407611641565,0.00044397409449748983
2018-12-28,0.31250000000000006,0.5083333333333334,0.00031250000000000006
2018-12-31,0.8275,0.8358333333333334,0.0008275
2019-01-02,0.05,0.7683333333333334,5e-05
2019-01-03,0.5825,0.6566666666666667,0.0005825
2019-01-04,0.18666666666666668,0.4341666666666667,0.0001866666666666667
2019-01-07,0.4833333333333334,0.4958333333333334,0.0004833333333333334
2019-01-08,0.2833333333333333,0.7733448374984179,0.00028333333333333335
2019-01-09,0.21250000000000002,0.735286643689689,0.00021250000000000002
2019-01-10,0.5750000000000001,0.9733333333333334,0.0005750000000000001
2019-01-11,0.22333333333333336,0.7983333333333335,0.00022333333333333336
2019-01-14,0.535,0.535,0.000535
2019-01-15,0.05,0.1,5e-05
2019-01-16,0.27142857142857146,0.6107142857142858,0.00027142857142857144
2019-01-17,0.55,0.6714285714285715,0.00055
2019-01-18,0.0,0.3464285714285714,0.0
2019-01-22,0.5464285714285715,0.5714285714285714,0.0005464285714285715
2019-01-23,0.36250000000000004,0.7000000000000001,0.00036250000000000003
2019-01-24,0.2575,0.9125000000000001,0.0002575
2019-01-25,0.5025000000000001,0.8550000000000001,0.0005025
2019-01-28,0.255,0.29750000000000004,0.000255
2019-01-29,0.13333333333333336,0.34916666666666674,0.00013333333333333337
2019-01-30,0.23250000000000004,0.6658333333333334,0.00023250000000000004
2019-01-31,0.375,0.6219365677215147,0.000375
2019-02-01,0.38333333333333336,1.0416666666666667,0.00038333333333333334
2019-02-04,1.055952380952381,1.055952380952381,0.001055952380952381
2019-02-05,0.05,0.4142857142857143,5e-05
2019-02-06,0.0,0.7940476190476191,0.0
2019-02-07,1.047619047619048,1.047619047619048,0.0010476190476190479
2019-02-08,0.15000000000000002,0.5000000000000001,0.00015000000000000001
2019-02-11,0.6966666666666668,0.6966666666666668,0.0006966666666666668
2019-02-12,0.17142857142857143,0.7107142857142857,0.00017142857142857143
2019-02-13,0.0,0.636904761904762,0.0
2019-02-14,0.8733333333333334,1.0447619047619048,0.0008733333333333334
2019-02-15,0.1619047619047619,0.5677835219947013,0.00016190476190476192
2019-02-19,0.7266666666666667,0.7266666666666667,0.0007266666666666667
2019-02-20,0.04000000000000001,0.28500000000000003,4.000000000000001e-05
2019-02-21,0.2583333333333333,0.5066666666666667,0.0002583333333333333
2019-02-22,0.255,0.3816666666666667,0.000255
2019-02-25,0.29333333333333333,0.29333333333333333,0.0002933333333333333
2019-02-26,0.3580952380952382,0.5071428571428572,0.0003580952380952382
2019-02-27,0.05,0.5133333333333333,5e-05
2019-02-28,0.21666666666666667,0.6414285714285715,0.00021666666666666668
2019-03-01,0.3914285714285715,0.47476190476190483,0.00039142857142857154
2019-03-04,0.6887347580221999,0.7054014246888665,0.0006887347580221999
2019-03-05,0.08333333333333334,0.4587347580221999,8.333333333333334e-05
2019-03-06,0.0,0.6587347580221998,0.0
2019-03-07,0.2937347580221998,0.4120680913555331,0.0002937347580221998
2019-03-08,0.29000000000000004,0.38166666666666677,0.00029000000000000006
2019-03-11,0.736904761904762,0.736904761904762,0.000736904761904762
2019-03-12,0.1,0.6285714285714286,0.0001
2019-03-13,0.1,0.7428571428571429,0.0001
2019-03-14,0.6857142857142858,0.7857142857142858,0.0006857142857142858
2019-03-15,0.25,0.8333333333333334,0.00025
2019-03-18,0.7166666666666668,0.7166666666666668,0.0007166666666666668
2019-03-19,0.05,0.2833333333333333,5e-05
2019-03-20,0.0,0.5,0.0
2019-03-21,0.4666666666666667,0.5166666666666667,0.00046666666666666666
2019-03-22,0.23333333333333334,0.87,0.00023333333333333333
2019-03-25,0.9458333333333334,0.9458333333333334,0.0009458333333333335
2019-03-26,0.15000000000000002,0.5750000000000001,0.00015000000000000001
2019-03-27,0.0,0.7625000000000001,0.0
2019-03-28,0.76,0.86,0.00076
2019-03-29,0.21666666666666667,0.5966666666666667,0.00021666666666666668
2019-04-01,0.5473409037719156,0.5473409037719156,0.0005473409037719156
2019-04-02,0.26,0.42452233081749974,0.00026000000000000003
2019-04-03,0.12142857142857143,0.6309123323433441,0.00012142857142857143
2019-04-04,0.38234090377191554,0.623769475200487,0.00038234090377191554
2019-04-05,0.295,0.6164285714285714,0.000295
2019-04-08,0.6464285714285715,0.6964285714285714,0.0006464285714285715
2019-04-09,0.31,0.625,0.00031
2019-04-10,0.0,0.345,0.0
2019-04-11,0.35500000000000004,0.47000000000000003,0.00035500000000000006
2019-04-12,0.3175,0.52,0.0003175
2019-04-15,0.7203571428571429,0.7203571428571429,0.0007203571428571429
2019-04-16,0.15000000000000002,0.38333333333333336,0.00015000000000000001
2019-04-17,0.0,0.5708333333333333,0.0
2019-04-18,0.5982142857142857,0.7535714285714286,0.0005982142857142857
2019-04-22,0.7958333333333334,0.7958333333333334,0.0007958333333333334
2019-04-23,0.15000000000000002,0.6785714285714286,0.00015000000000000001
2019-04-24,0.0,0.8690476190476192,0.0
2019-04-25,0.725,0.7666666666666667,0.000725
2019-04-26,0.20333333333333334,0.6983333333333334,0.00020333333333333333
2019-04-29,0.6166666666666667,0.625,0.0006166666666666667
2019-04-30,0.32083333333333336,0.7500000000000001,0.00032083333333333334
2019-05-01,0.23000000000000004,1.0458333333333334,0.00023000000000000003
2019-05-02,0.6083333333333334,0.9591666666666667,0.0006083333333333334
2019-05-03,0.3041666666666667,1.0523054384787602,0.0003041666666666667
2019-05-06,0.9664899161994601,0.98648991619946,0.0009664899161994601
2019-05-07,0.13571428571428573,0.6256529409433972,0.00013571428571428572
2019-05-08,0.0,0.6292243695148259,0.0
2019-05-09,0.59351008380054,0.7292243695148257,0.0005935100838005401
2019-05-10,0.2773809523809524,0.48571428571428577,0.0002773809523809524
2019-05-13,0.47000000000000003,0.48333333333333334,0.00047000000000000004
2019-05-14,0.15714285714285714,0.5830952380952381,0.00015714285714285713
2019-05-15,0.13333333333333333,0.6438095238095238,0.00013333333333333334
2019-05-16,0.5997619047619048,0.7926190476190477,0.0005997619047619048
2019-05-17,0.4904761904761905,0.8952380952380953,0.0004904761904761905
2019-05-20,0.8166666666666668,0.8613095238095239,0.0008166666666666668
2019-05-21,0.3219047619047619,0.599404761904762,0.0003219047619047619
2019-05-22,0.0,0.7358333333333335,0.0
2019-05-23,0.7916666666666667,1.0083333333333335,0.0007916666666666668
2019-05-24,0.22666666666666668,0.8800000000000001,0.00022666666666666668
2019-05-28,0.9225,0.9450000000000001,0.0009225
2019-05-29,0.3425,0.8375,0.00034250000000000003
2019-05-30,0.05,0.6907142857142857,5e-05
2019-05-31,0.5014285714285714,0.6907142857142858,0.0005014285714285715
2019-06-03,0.5964285714285714,0.5964285714285714,0.0005964285714285714
2019-06-04,0.2583333333333333,0.7090696610167138,0.0002583333333333333
2019-06-05,0.1,0.45119047619047625,0.0001
2019-06-06,0.6,0.7416666666666667,0.0006
2019-06-07,0.24583333333333338,0.6633333333333333,0.00024583333333333336
2019-06-10,1.0589285714285714,1.0589285714285714,0.0010589285714285716
2019-06-11,0.25,0.592857142857143,0.00025
2019-06-12,0.0,0.5928571428571429,0.0
2019-06-13,0.6428571428571429,0.8023809523809525,0.0006428571428571429
2019-06-14,0.6011904761904763,0.992857142857143,0.0006011904761904763
2019-06-17,0.79,0.7983333333333333,0.00079
2019-06-18,0.012499999999999995,0.5866666666666668,1.2499999999999996e-05
2019-06-19,0.18333333333333335,0.8691666666666668,0.00018333333333333336
2019-06-20,0.5333333333333333,0.7458333333333333,0.0005333333333333334
2019-06-21,0.37083333333333335,0.6125,0.00037083333333333337
2019-06-24,0.8257035035194783,0.8257035035194783,0.0008257035035194783
2019-06-25,0.18333333333333335,0.6109631631471885,0.00018333333333333336
2019-06-26,0.0,0.42639684530142785,0.0
2019-06-27,0.6440368368528117,0.827370170186145,0.0006440368368528117
2019-06-28,0.23750000000000002,0.4666666666666667,0.00023750000000000003
2019-07-01,0.6558333333333334,0.6558333333333334,0.0006558333333333334
2019-07-02,0.05,0.56,5e-05
2019-07-03,0.0,0.7000000000000001,0.0
2019-07-05,0.959468562104349,0.959468562104349,0.0009594685621043491
2019-07-08,0.6005314378956511,0.6255314378956511,0.0006005314378956511
2019-07-09,0.07500000000000001,0.475,7.500000000000001e-05
2019-07-10,0.15,0.85,0.00015
2019-07-11,0.885,1.1500000000000001,0.000885
2019-07-12,0.012500000000000011,0.5251575721062388,1.250000000000001e-05
2019-07-15,0.7341666666666667,0.7341666666666667,0.0007341666666666667
2019-07-16,0.05,0.35,5e-05
2019-07-17,0.1,0.7666666666666667,0.0001
2019-07-18,0.4333333333333334,0.5833333333333334,0.0004333333333333334
2019-07-19,0.30772526287569874,0.6660585962090321,0.00030772526287569876
2019-07-22,0.7756080704576347,0.7756080704576347,0.0007756080704576347
2019-07-23,0.0,0.5666666666666668,0.0
2019-07-24,0.14166666666666666,0.8175327970832484,0.00014166666666666668
2019-07-25,0.9000000000000001,0.9083333333333334,0.0009000000000000002
2019-07-26,0.0,0.5750000000000001,0.0
2019-07-29,0.7011904761904763,0.7011904761904763,0.0007011904761904762
2019-07-30,0.0,0.26785714285714285,0.0
2019-07-31,0.05,0.7035714285714286,5e-05
2019-08-01,0.9814285714285715,1.0314285714285716,0.0009814285714285715
2019-08-02,0.0,0.34166666666666673,0.0
2019-08-05,0.5333333333333334,0.5666666666666668,0.0005333333333333335
2019-08-06,0.22333333333333336,0.43000000000000005,0.00022333333333333336
2019-08-07,0.2360530107636704,0.6827196774303371,0.00023605301076367043
2019-08-08,0.37083333333333335,0.5875896314104898,0.00037083333333333337
2019-08-09,0.1875,0.7931136559029963,0.0001875
2019-08-12,0.9484707987601392,0.9520422273315677,0.0009484707987601392
2019-08-13,0.05,0.3035714285714286,5e-05
2019-08-14,0.15000000000000002,0.5614839399247339,0.00015000000000000001
2019-08-15,0.42500000000000004,0.5607142857142857,0.00042500000000000003
2019-08-16,0.3880952380952381,0.4238095238095238,0.0003880952380952381
2019-08-19,0.05,0.08095238095238094,5e-05
2019-08-20,0.28809523809523807,0.3523809523809524,0.00028809523809523806
2019-08-21,0.2,0.5642857142857143,0.0002
2019-08-22,0.325,0.8142857142857143,0.00032500000000000004
2019-08-23,0.4261904761904762,0.5583333333333333,0.00042619047619047617
2019-08-26,0.4630952380952381,0.4702380952380953,0.00046309523809523814
2019-08-27,0.3452380952380953,0.8285714285714287,0.0003452380952380953
2019-08-28,0.18971112057405337,0.9647111205740535,0.0001897111205740534
2019-08-29,0.5100000000000001,0.9147111205740535,0.0005100000000000001
2019-08-30,0.25833333333333336,0.89137778724072,0.00025833333333333334
2019-09-03,1.0866158824788155,1.0866158824788155,0.0010866158824788155
2019-09-04,0.1,0.5750000000000001,0.0001
2019-09-05,0.05,0.4875,5e-05
2019-09-06,0.24642857142857144,0.35,0.00024642857142857143
2019-09-09,0.30000000000000004,0.32857142857142857,0.00030000000000000003
2019-09-10,0.17142857142857143,0.2892857142857143,0.00017142857142857143
2019-09-11,0.19285714285714287,0.3821428571428571,0.00019285714285714286
2019-09-12,0.35107142857142865,0.5785714285714286,0.00035107142857142867
2019-09-13,0.125,0.4475,0.000125
2019-09-16,0.6725,0.6725,0.0006725
2019-09-17,0.17857142857142858,0.37499999999999994,0.00017857142857142857
2019-09-18,0.0,0.42142857142857143,0.0
2019-09-19,0.775,0.9285714285714286,0.0007750000000000001
2019-09-20,0.21892857142857144,0.7989415111155485,0.00021892857142857144
2019-09-23,0.7058333333333334,0.7141666666666667,0.0007058333333333335
2019-09-24,0.016666666666666663,0.07500000000000001,1.6666666666666664e-05
2019-09-25,0.11785714285714287,0.275,0.00011785714285714287
2019-09-26,0.33333333333333337,0.4404761904761905,0.0003333333333333334
2019-09-27,0.30000000000000004,0.7071428571428572,0.00030000000000000003
2019-09-30,0.48500000000000004,0.49214285714285716,0.000485
2019-10-01,0.15714285714285714,0.5571428571428572,0.00015714285714285713
2019-10-02,0.06185058099224247,0.6618505809922425,6.185058099224247e-05
2019-10-03,0.775,0.9368505809922425,0.0007750000000000001
2019-10-04,0.31250000000000006,0.4868505809922425,0.00031250000000000006
2019-10-07,0.5457791524208139,0.5672077238493854,0.0005457791524208139
2019-10-08,0.20833333333333331,0.3880952380952381,0.00020833333333333332
2019-10-09,0.125,0.49642857142857144,0.000125
2019-10-10,0.28745107580472995,0.4916177424713966,0.00028745107580472993
2019-10-11,0.21666666666666667,0.43397749562384147,0.00021666666666666668
2019-10-14,0.25181447695783843,0.2634811436245051,0.00025181447695783846
2019-10-15,0.14666666666666667,0.5608746940849868,0.00014666666666666666
2019-10-16,0.3791666666666667,0.9607919725816799,0.0003791666666666667
2019-10-17,0.40495863924834663,0.5716253059150133,0.00040495863924834666
2019-10-18,0.31583333333333335,0.74333130984545,0.0003158333333333334
2019-10-21,0.7625000000000001,0.7625000000000001,0.0007625
2019-10-22,0.05,0.5499999999999999,5e-05
2019-10-23,0.04692373878662016,0.7802570721199535,4.6923738786620155e-05
2019-10-24,0.9166666666666667,1.0197429278800465,0.0009166666666666668
2019-10-25,0.15000000000000002,0.5816476897848084,0.00015000000000000001
2019-10-28,0.43164768978480844,0.43164768978480844,0.00043164768978480844
2019-10-29,0.15625,0.2625,0.00015625
2019-10-30,0.25,0.47232142857142856,0.00025
2019-10-31,0.5488095238095239,0.6300595238095239,0.0005488095238095239
2019-11-01,0.1535835817575344,0.5265002484242011,0.0001535835817575344
2019-11-04,0.8801664182424657,0.8926664182424656,0.0008801664182424657
2019-11-05,0.0,0.1925,0.0
2019-11-06,0.0,0.36250000000000004,0.0
2019-11-07,0.6175,0.6175,0.0006175000000000001
2019-11-08,0.145,0.66,0.000145
2019-11-11,0.5033836801863236,0.5333836801863236,0.0005033836801863236
2019-11-12,0.3225,0.4896864458063745,0.00032250000000000003
2019-11-13,0.0,0.3608836801863236,0.0
2019-11-14,0.45828298648034305,0.5441163198136764,0.00045828298648034307
2019-11-15,0.16250000000000003,0.32658074626680056,0.00016250000000000005
2019-11-18,0.4452380952380952,0.4602380952380952,0.0004452380952380952
2019-11-19,0.1,0.36357142857142866,0.0001
2019-11-20,0.10785714285714289,0.5792857142857143,0.00010785714285714288
2019-11-21,0.3985714285714286,0.4714285714285714,0.0003985714285714286
2019-11-22,0.033333333333333326,0.058095238095238075,3.333333333333333e-05
2019-11-25,0.7380952380952381,0.7514285714285714,0.0007380952380952381
2019-11-26,0.05,0.4133333333333334,5e-05
2019-11-27,0.0,0.6133333333333334,0.0
2019-11-29,0.43833333333333335,0.45333333333333337,0.0004383333333333334
2019-12-02,0.18,0.185,0.00017999999999999998
2019-12-03,0.09566859476729953,0.3823352614339662,9.566859476729953e-05
2019-12-04,0.05,0.6541322492743791,5e-05
2019-12-05,0.795,0.8743314052327005,0.000795
2019-12-06,0.045668594767299515,0.6206685947672995,4.5668594767299515e-05
2019-12-09,0.7802474105793252,0.7885807439126585,0.0007802474105793253
2019-12-10,0.0642857142857143,0.30524741057932514,6.428571428571429e-05
2019-12-11,0.021428571428571425,0.45762836296027753,2.1428571428571425e-05
2019-12-12,0.10524741057932514,0.2111997915317061,0.00010524741057932514
2019-12-13,0.40535714285714286,0.4571428571428572,0.00040535714285714285
2019-12-16,0.6080740455715269,0.6333121408096222,0.0006080740455715269
2019-12-17,0.01666666666666667,0.3491454741429555,1.666666666666667e-05
2019-12-18,0.12642857142857142,0.44533595033343165,0.00012642857142857142
2019-12-19,0.5791454741429555,0.7470026170000984,0.0005791454741429555
2019-12-20,0.15500000000000003,0.5564285714285714,0.00015500000000000003
2019-12-23,0.3514285714285715,0.3514285714285715,0.0003514285714285715
2019-12-24,0.1,0.275,0.0001
2019-12-26,0.6083333333333334,0.6916666666666668,0.0006083333333333334
2019-12-27,0.08333333333333336,0.33333333333333337,8.333333333333336e-05
2019-12-30,0.44999999999999996,0.44999999999999996,0.00045
2019-12-31,0.16597792217628082,0.3576445888429475,0.00016597792217628083
2020-01-02,0.4641666666666667,0.5409779221762809,0.00046416666666666676
2020-01-03,0.21597792217628087,0.49014458884294754,0.00021597792217628088
2020-01-06,0.4591666666666667,0.4591666666666667,0.00045916666666666675
2020-01-07,0.08333333333333333,0.16666666666666666,8.333333333333333e-05
2020-01-08,0.0,0.14333333333333334,0.0
2020-01-09,0.24333333333333335,0.24333333333333335,0.00024333333333333336
2020-01-10,0.3125,0.48500000000000004,0.0003125
2020-01-13,0.27749999999999997,0.27749999999999997,0.00027749999999999997
2020-01-14,0.1,0.28500000000000003,0.0001
2020-01-15,0.07212291470583548,0.2971229147058355,7.212291470583549e-05
2020-01-16,0.20500000000000002,0.22586227100258083,0.00020500000000000002
2020-01-17,0.31333333333333335,0.5904562480391689,0.0003133333333333334
2020-01-21,0.4871229147058355,0.4871229147058355,0.00048712291470583553
2020-01-22,0.35750000000000004,0.4833333333333334,0.00035750000000000007
2020-01-23,0.0,0.37250000000000005,0.0
2020-01-24,0.405,0.5175000000000001,0.00040500000000000003
2020-01-27,0.4791666666666667,0.5041666666666668,0.0004791666666666667
2020-01-28,0.12142857142857143,0.36309523809523814,0.00012142857142857143
2020-01-29,0.16000000000000003,0.4535714285714286,0.00016000000000000004
2020-01-30,0.4024056008321738,0.5471675055940786,0.00040240560083217383
2020-01-31,0.27142857142857146,0.667356303929731,0.00027142857142857144
2020-02-03,0.35226789960596544,0.3839345662726321,0.0003522678996059654
2020-02-04,0.2285714285714286,0.39228055836906556,0.0002285714285714286
2020-02-05,0.13333333333333333,0.6629575368690298,0.00013333333333333334
2020-02-06,0.458195632107125,0.7867670606785536,0.000458195632107125
2020-02-07,0.3285714285714286,0.9904761904761905,0.0003285714285714286
2020-02-10,1.0166666666666668,1.0166666666666668,0.0010166666666666668
2020-02-11,0.0,0.4333333333333334,0.0
2020-02-12,0.0,0.8666666666666667,0.0
2020-02-13,0.6333333333333334,0.6333333333333334,0.0006333333333333334
2020-02-14,0.33333333333333337,0.5166666666666667,0.0003333333333333334
2020-02-18,0.4000000000000001,0.4333333333333334,0.0004000000000000001
2020-02-19,0.1916666666666667,0.5583333333333335,0.0001916666666666667
2020-02-20,0.2315144140817995,0.639847747415133,0.00023151441408179952
2020-02-21,0.3425,0.6481810807484663,0.00034250000000000003
2020-02-24,0.8340144140817995,0.8440144140817996,0.0008340144140817996
2020-02-25,0.1,0.37,0.0001
2020-02-26,0.1,0.445,0.0001
2020-02-27,0.3125,0.48500000000000004,0.0003125
2020-02-28,0.5590476190476191,0.8929761904761906,0.0005590476190476192
2020-03-02,0.6625000000000001,0.6625000000000001,0.0006625000000000001
2020-03-03,0.0,0.2785714285714286,0.0
2020-03-04,0.014285714285714285,0.4785714285714286,1.4285714285714285e-05
2020-03-05,0.5678571428571428,0.5928571428571429,0.0005678571428571428
2020-03-06,0.3325,0.995,0.0003325
2020-03-09,0.7870997097506464,0.7870997097506464,0.0007870997097506464
2020-03-10,0.08666666666666667,0.6404002902493536,8.666666666666667e-05
2020-03-11,0.12083333333333335,1.0770669569160203,0.00012083333333333335
2020-03-12,1.0879002902493538,1.261233623582687,0.0010879002902493538
2020-03-13,0.12380952380952381,0.8111904761904762,0.0001238095238095238
2020-03-16,0.9059498581337853,0.9130927152766424,0.0009059498581337852
2020-03-17,0.06634144508594653,0.5453749581352506,6.634144508594653e-05
2020-03-18,0.1,0.9795907680617855,0.0001
2020-03-19,0.40442852537180657,0.6391279521671805,0.0004044285253718066
2020-03-20,0.5904187046230643,0.9352553303371006,0.0005904187046230643
2020-03-23,0.48637212122807993,0.5456293135212072,0.0004863721212280799
2020-03-24,0.34147966265176843,0.48288789944230315,0.0003414796626517684
2020-03-25,0.1495182206715109,0.5555305690249499,0.00014951822067151092
2020-03-26,0.29501115446060655,0.41089891156919706,0.00029501115446060655
2020-03-27,0.08895803382604098,0.49327276587880076,8.895803382604098e-05
2020-03-30,0.4254148615451161,0.4409947934274184,0.0004254148615451161
2020-03-31,0.1999970157136912,0.43484548515746363,0.0001999970157136912
2020-04-01,0.1421465873262611,0.49754963129361424,0.0001421465873262611
2020-04-02,0.2873299626649701,0.4712943364050584,0.0002873299626649701
2020-04-03,0.221748550297075,0.3453115958838913,0.000221748550297075
2020-04-06,0.37952694512692753,0.3963933926508291,0.00037952694512692755
2020-04-07,0.11290204810942897,0.27864150817005784,0.00011290204810942897
2020-04-08,0.14931479914167267,0.5074973884235415,0.00014931479914167268
2020-04-09,0.28984649211867947,0.45914348800289834,0.0002898464921186795
2020-04-13,0.28817395917817534,0.31659861045546256,0.00028817395917817533
2020-04-14,0.21750708955221754,0.3955638035487203,0.00021750708955221753
2020-04-15,0.09085032281016309,0.5633137331856771,9.08503228101631e-05
2020-04-16,0.35576007445480756,0.552607194427611,0.00035576007445480755
2020-04-17,0.22462027867453763,0.3189878572529546,0.00022462027867453763
2020-04-20,0.3384263850949695,0.38832556541717456,0.0003384263850949695
2020-04-21,0.12498938505553786,0.32100233928633437,0.00012498938505553788
2020-04-22,0.09516994021057587,0.4658182334477116,9.516994021057587e-05
2020-04-23,0.5557660914890099,0.8284960525986163,0.0005557660914890099
2020-04-24,0.24815067569003726,0.661048470532592,0.0002481506756900373
2020-04-27,0.5687331293756526,0.5928268305915497,0.0005687331293756525
2020-04-28,0.47304441573353034,0.8118915609711654,0.00047304441573353033
2020-04-29,0.02871480313426829,0.8219375303294585,2.871480313426829e-05
2020-04-30,0.4299481623424531,0.6900800626493955,0.0004299481623424531
2020-05-01,0.20499886027720943,0.4968348862782852,0.00020499886027720943
2020-05-04,0.4256946918636062,0.44092479231711645,0.00042569469186360624
2020-05-05,0.02261987526847465,0.41199667468294876,2.261987526847465e-05
2020-05-06,0.16339670553803956,0.6725458753483881,0.00016339670553803956
2020-05-07,0.5003131404642884,0.6387568393589027,0.0005003131404642885
2020-05-08,0.03203088761873362,0.5715050525500318,3.2030887618733624e-05
2020-05-11,0.3003844907432681,0.3560815196999501,0.00030038449074326813
2020-05-12,0.35605343798346606,0.5728814875410181,0.00035605343798346607
2020-05-13,0.0,0.3162620509891571,0.0
2020-05-14,0.2678740720085413,0.6179555788738957,0.0002678740720085413
2020-05-15,0.4439174482710842,0.5357737419772726,0.0004439174482710842
2020-05-18,0.5482463573177511,0.5694630726203485,0.0005482463573177511
2020-05-19,0.33312103285575206,0.9691976083576381,0.00033312103285575205
2020-05-20,0.0,0.6647930297800143,0.0
2020-05-21,0.7754594371576499,0.9301607190690881,0.0007754594371576499
2020-05-22,0.3974039966586435,1.1313453998729537,0.00039740399665864353
2020-05-26,0.7658333333333334,0.7851318794047863,0.0007658333333333334
2020-05-27,0.3164544490378399,0.8539932280058418,0.00031645444903783993
2020-05-28,0.0,0.895123351288078,0.0
2020-05-29,0.4769803606788147,0.7386984181633869,0.0004769803606788147
2020-06-01,0.6024500137459304,0.6494220932232659,0.0006024500137459304
2020-06-02,0.13243096071497876,0.7969378764269386,0.00013243096071497877
2020-06-03,0.0,0.8054971682094858,0.0
2020-06-04,0.8129369815668473,0.9004889796521353,0.0008129369815668473
2020-06-05,0.24680157843087214,0.6071185192733093,0.00024680157843087215
2020-06-08,0.6602462754109888,0.7193989125890156,0.0006602462754109888
2020-06-09,0.09921182540219216,0.3367644422985658,9.921182540219216e-05
2020-06-10,0.0,0.3432733736074284,0.0
2020-06-11,0.35996986547001414,0.5150516821946325,0.00035996986547001415
2020-06-12,0.20703033917512542,0.3757518064759154,0.00020703033917512543
2020-06-15,0.3470583557665674,0.3918097423039037,0.00034705835576656743
2020-06-16,0.20061540039384002,0.38935127795381697,0.00020061540039384
2020-06-17,0.07754294468951359,0.34368593967935945,7.754294468951358e-05
2020-06-18,0.6211410312535716,0.6970486706440469,0.0006211410312535715
2020-06-19,0.27726586136925657,1.0490046493734648,0.0002772658613692566
2020-06-22,0.7947151950330356,0.8092469886060184,0.0007947151950330356
2020-06-23,0.20102275321433666,0.6468448907278748,0.00020102275321433666
2020-06-24,0.0,0.6694541733667815,0.0
2020-06-25,0.5464484656195938,0.7872858749825774,0.0005464484656195938
2020-06-26,0.4993941864954391,0.8951328758239144,0.0004993941864954391
2020-06-29,0.5587074739350953,0.5948354293342993,0.0005587074739350954
2020-06-30,0.1522541624525836,0.5419414336631974,0.0001522541624525836
2020-07-01,0.0,0.6047179117323283,0.0
2020-07-02,0.4419028344121868,0.6474314412162354,0.0004419028344121868
2020-07-06,0.3342188087730056,0.35898767874087917,0.0003342188087730056
2020-07-07,0.19496245481606578,0.5646937796000052,0.00019496245481606577
2020-07-08,0.014285714285714285,0.39126716816660867,1.4285714285714285e-05
2020-07-09,0.5125000000000001,0.623302753355368,0.0005125
2020-07-10,0.2906274196814675,0.8830314280615035,0.0002906274196814675
2020-07-13,0.8630952380952381,0.8757373417133694,0.0008630952380952381
2020-07-14,0.21000000000000002,0.4793087702847978,0.00021000000000000004
2020-07-15,0.05,0.46930877028479784,5e-05
2020-07-16,1.0806912297152023,1.187357896381869,0.0010806912297152023
2020-07-17,0.15000000000000002,1.1366666666666667,0.00015000000000000001
2020-07-20,1.2395238095238097,1.2395238095238097,0.0012395238095238097
2020-07-21,0.014285714285714285,0.02857142857142857,1.4285714285714285e-05
2020-07-22,0.08637580167041145,0.5955189869888986,8.637580167041145e-05
2020-07-23,0.5049551519894702,0.7790200640017018,0.0005049551519894701
2020-07-24,0.15898075650437232,0.5353014554365074,0.00015898075650437233
2020-07-27,0.5774218057276047,0.6335582312242495,0.0005774218057276047
2020-07-28,0.057403371092968634,0.42838301306995963,5.7403371092968636e-05
2020-07-29,0.11980492679619081,0.5708174512834665,0.00011980492679619081
2020-07-30,0.3693487802589076,0.503378880933173,0.0003693487802589076
2020-07-31,0.12100351680176458,0.32905787459462266,0.00012100351680176458
2020-08-03,0.34914827198926324,0.3933903409368587,0.0003491482719892632
2020-08-04,0.11851391490061235,0.4063862108775092,0.00011851391490061235
2020-08-05,0.03402902350066863,0.2580852048477344,3.402902350066863e-05
2020-08-06,0.1896250055472186,0.3362687327295516,0.0001896250055472186
2020-08-07,0.4859701018261349,0.7517826844363706,0.00048597010182613494
2020-08-10,0.6880659909910078,0.7023582354262209,0.0006880659909910079
2020-08-11,0.33752108829915195,0.449877702648861,0.000337521088299152
2020-08-12,0.03443470738421769,0.5067234103084568,3.4434707384217685e-05
2020-08-13,0.3597685342226112,0.7871074447110167,0.0003597685342226112
2020-08-14,0.6807237234291071,0.8743031631200874,0.0006807237234291071
2020-08-17,0.5660825412042851,0.5702054984299847,0.0005660825412042851
2020-08-18,0.09510169949620857,0.3012967840489643,9.510169949620858e-05
2020-08-19,0.06582510262732441,0.4306055529267584,6.582510262732442e-05
2020-08-20,0.3942890233981273,0.5898402829948117,0.0003942890233981273
2020-08-21,0.23549899111669845,0.5701717044575761,0.00023549899111669845
2020-08-24,0.6077338164774171,0.6826163506917978,0.0006077338164774171
2020-08-25,0.17727550439526576,0.4730743500373375,0.00017727550439526577
2020-08-26,0.1692871962652133,0.6806058935572492,0.0001692871962652133
2020-08-27,0.4365656844071252,0.8237026136319863,0.0004365656844071252
2020-08-28,0.26666666666666666,0.8371369292248612,0.0002666666666666667
2020-08-31,0.8997619047619049,0.9216607387486707,0.0008997619047619049
2020-09-01,0.05,0.5368988339867659,5e-05
2020-09-02,0.05,0.6352321673200992,5e-05
2020-09-03,0.7166666666666667,0.8085655006534326,0.0007166666666666667
2020-09-04,0.16666666666666669,0.6002321673200992,0.0001666666666666667
2020-09-08,0.7957172496732838,0.8,0.0007957172496732838
2020-09-09,0.2728586248366419,0.6333333333333334,0.0002728586248366419
2020-09-10,0.17532198395555898,1.027463359118917,0.000175321983955559
2020-09-11,0.875,1.0768193912077992,0.000875
2020-09-14,0.6734875398539648,0.6827717721601801,0.0006734875398539649
2020-09-15,0.0,0.25333185135383435,0.0
2020-09-16,0.05,0.3533318513538344,5e-05
2020-09-17,0.32953781064182863,0.39151619077659616,0.00032953781064182865
2020-09-18,0.17193313399017113,0.5926780805613469,0.00017193313399017113
2020-09-21,0.795962544670974,0.8205459235907374,0.0007959625446709741
2020-09-22,0.17198634738257723,0.7887569317433969,0.00017198634738257724
2020-09-23,0.05645344408451002,0.9411488300049814,5.6453444084510027e-05
2020-09-24,0.6340105891066989,0.8703200991452154,0.0006340105891066989
2020-09-25,0.19763438600503141,0.6288919716534536,0.00019763438600503143
2020-09-28,0.7445386273665967,0.7797578825582338,0.0007445386273665967
2020-09-29,0.09342505142586736,0.4757445237818231,9.342505142586737e-05
2020-09-30,0.3727816157777878,0.8377737462629067,0.0003727816157777878
2020-10-01,0.40043370163918146,0.593285069579155,0.0004004337016391815
2020-10-02,0.4446735655671582,0.9141970831531246,0.0004446735655671582
2020-10-05,0.6090143288535849,0.6377453331461448,0.0006090143288535848
2020-10-06,0.21388703487096491,0.7312282232656739,0.00021388703487096493
2020-10-07,0.0,0.7440078550613757,0.0
2020-10-08,0.6366666666666667,0.927341188394709,0.0006366666666666667
2020-10-09,0.5197619047619048,0.8030554741089948,0.0005197619047619048
2020-10-12,0.8181854742082731,0.824426422525541,0.0008181854742082732
2020-10-13,0.0,0.2062409483172678,0.0
2020-10-14,0.0642857142857143,0.2062409483172678,6.428571428571429e-05
2020-10-15,0.13095238095238096,0.14909809117441064,0.00013095238095238096
2020-10-16,0.430952380952381,0.5967171387934583,0.000430952380952381
2020-10-19,0.661904761904762,0.6681457102220297,0.000661904761904762
2020-10-20,0.1,0.6229076149839345,0.0001
2020-10-21,0.0,0.7062409483172679,0.0
2020-10-22,0.4416666666666667,0.5229076149839346,0.0004416666666666667
2020-10-23,0.3,0.4812409483172678,0.0003
2020-10-26,0.5321428571428571,0.5705266626029821,0.0005321428571428571
2020-10-27,0.0125,0.3990980911744107,1.25e-05
2020-10-28,0.21250000000000002,0.5115980911744107,0.00021250000000000002
2020-10-29,0.15000000000000002,0.3967171387934583,0.00015000000000000001
2020-10-30,0.5633310508224161,0.7100481896158743,0.0005633310508224161
2020-11-02,0.5316643841557493,0.5600481896158743,0.0005316643841557494
2020-11-03,0.2357530412450063,0.4722708403310899,0.0002357530412450063
2020-11-04,0.2397619047619048,0.6922320848003694,0.00023976190476190478
2020-11-05,0.15,0.3596130371813217,0.00015
2020-11-06,0.555952380952381,1.150089227657512,0.0005559523809523809
2020-11-09,1.0404761904761906,1.0631844657527503,0.0010404761904761906
2020-11-10,0.08362235025826015,0.5603888197007172,8.362235025826015e-05
2020-11-11,0.13042372154620976,0.8830882461290283,0.00013042372154620978
2020-11-12,0.8384358134280901,0.9739288966469154,0.0008384358134280902
2020-11-13,0.1829723257937154,0.5558528346211266,0.0001829723257937154
2020-11-16,0.7123111590969028,0.7400277409239047,0.0007123111590969028
2020-11-17,0.18226671308190423,0.42400549708977686,0.00018226671308190423
2020-11-18,0.0,0.33719727664645527,0.0
2020-11-19,0.29443088018918956,0.31123766080662374,0.0002944308801891896
2020-11-20,0.0,0.031410752500114276,0.0
2020-11-23,0.5885972873950766,0.6208809738674346,0.0005885972873950765
2020-11-24,0.2862817148991569,0.8226085443645612,0.0002862817148991569
2020-11-25,0.0,0.7153440962280652,0.0
2020-11-27,0.929059506213267,0.9359667964753414,0.000929059506213267
2020-11-30,0.6211849461825599,0.6343530646193069,0.0006211849461825599
2020-12-01,0.05972486298871343,0.3456281619076919,5.972486298871343e-05
2020-12-02,0.03241891177114574,0.33839750288189185,3.241891177114574e-05
2020-12-03,0.20111990918179354,0.2990866994396528,0.00020111990918179356
2020-12-04,0.1515948523311318,0.3064445282720481,0.0001515948523311318
2020-12-07,0.2577284017419166,0.30248853244523666,0.00025772840174191657
2020-12-08,0.5098154373287546,0.7355588736789684,0.0005098154373287545
2020-12-09,0.08099994218736667,0.7759369349068845,8.099994218736667e-05
2020-12-10,0.463395034063535,0.8443337468387505,0.000463395034063535
2020-12-11,0.5049345740144119,0.9443921929069601,0.0005049345740144119
2020-12-14,0.5213757144407851,0.5261242855592149,0.0005213757144407851
2020-12-15,0.15000000000000002,0.7297485711184298,0.00015000000000000001
2020-12-16,0.0,0.6547485711184298,0.0
2020-12-17,0.5641666666666667,0.6880819044517631,0.0005641666666666667
2020-12-18,0.5566666666666668,0.9622485711184298,0.0005566666666666668
2020-12-21,0.7573393229070161,0.7620878940254459,0.0007573393229070161
2020-12-22,0.17083333333333334,0.7676920572218255,0.00017083333333333333
2020-12-23,0.05,0.7385303063856432,5e-05
2020-12-24,0.6745483706811346,0.8998393229070162,0.0006745483706811346
2020-12-28,0.5107142857142857,0.5110052379401673,0.0005107142857142857
2020-12-29,0.39970904777411853,0.9068519049169756,0.00039970904777411853
2020-12-30,0.05,0.6071428571428572,5e-05
2020-12-31,0.7023809523809524,0.8523809523809525,0.0007023809523809525
2021-01-04,0.7833333333333334,0.7833333333333334,0.0007833333333333335
2021-01-05,0.0,0.4666666666666667,0.0
2021-01-06,0.2,0.7452380952380953,0.0002
2021-01-07,0.6250000000000001,0.7083333333333335,0.0006250000000000001
2021-01-08,0.0,0.29166666666666674,0.0
2021-01-11,0.2833333333333333,0.32500000000000007,0.00028333333333333335
2021-01-12,0.12666666666666668,0.295,0.0001266666666666667
2021-01-13,0.8041666666666667,1.1016666666666668,0.0008041666666666667
2021-01-14,0.27083333333333337,1.0525,0.0002708333333333334
2021-01-15,0.2775,1.0731023607129162,0.0002775
2021-01-19,0.8875000000000001,0.9125000000000001,0.0008875
2021-01-20,0.175,0.8416666666666667,0.000175
2021-01-21,0.15000000000000002,0.9000000000000001,0.00015000000000000001
2021-01-22,0.5166666666666667,0.7523809523809525,0.0005166666666666667
2021-01-25,0.480952380952381,0.5023809523809525,0.000480952380952381
2021-01-26,0.35571428571428576,0.6607142857142858,0.00035571428571428576
2021-01-27,0.044147330898715725,0.8958139975653825,4.4147330898715725e-05
2021-01-28,0.5666666666666667,0.9599002881489034,0.0005666666666666667
2021-01-29,0.315,0.6851383833869986,0.000315
2021-02-01,0.522519335767951,0.5421621929108081,0.0005225193357679509
2021-02-02,0.07142857142857142,0.29107142857142854,7.142857142857142e-05
2021-02-03,0.23619047619047617,0.6833333333333333,0.00023619047619047618
2021-02-04,0.3646428571428572,0.5971428571428572,0.0003646428571428572
2021-02-05,0.1625,0.7041666666666667,0.00016250000000000002
2021-02-08,0.8777380952380952,0.8930952380952382,0.0008777380952380953
2021-02-09,0.23142857142857143,0.6570238095238096,0.00023142857142857142
2021-02-10,0.30000000000000004,1.0517857142857143,0.00030000000000000003
2021-02-11,0.6922619047619049,1.0589285714285717,0.0006922619047619048
2021-02-12,0.21500000000000002,0.6583333333333334,0.00021500000000000002
2021-02-16,1.1215040407946986,1.1256707074613654,0.0011215040407946985
2021-02-17,0.12916666666666665,0.8384959592053015,0.00012916666666666664
2021-02-18,0.0,1.0609959592053015,0.0
2021-02-19,1.0843292925386347,1.1343292925386348,0.0010843292925386348
2021-02-22,0.21333333333333335,0.24333333333333332,0.00021333333333333336
2021-02-23,0.4083333333333333,0.5466666666666666,0.00040833333333333336
2021-02-24,0.19583333333333333,0.7866666666666667,0.00019583333333333334
2021-02-25,0.44735106089397303,1.0206843942273063,0.00044735106089397304
2021-02-26,0.525,0.7818156057726937,0.0005250000000000001
2021-03-01,0.810148939106027,0.810148939106027,0.000810148939106027
2021-03-02,0.01666666666666667,0.4746805373506002,1.666666666666667e-05
2021-03-03,0.08,1.01,8e-05
2021-03-04,0.6766666666666666,0.8066666666666666,0.0006766666666666667
2021-03-05,0.25916666666666666,0.6383333333333334,0.00025916666666666666
2021-03-08,1.0358333333333334,1.0408333333333335,0.0010358333333333335
2021-03-09,0.07827442688716257,0.4049410935538293,7.827442688716257e-05
2021-03-10,0.0,0.4403272967635306,0.0
2021-03-11,0.7708333333333334,0.8916077602204959,0.0007708333333333334
2021-03-12,0.2182744268871626,0.824107760220496,0.0002182744268871626
2021-03-15,1.120406720371809,1.120406720371809,0.001120406720371809
2021-03-16,0.04883414813329484,0.5660840696004383,4.883414813329484e-05
2021-03-17,0.0,0.6142956138353703,0.0
2021-03-18,1.0173253755035032,1.0251310248504308,0.0010173253755035032
2021-03-19,0.13620695863181514,1.0278462097325152,0.00013620695863181514
2021-03-22,0.43089060178771965,0.4878509495037854,0.00043089060178771966
2021-03-23,0.2745025725703367,0.428522983855512,0.0002745025725703367
2021-03-24,0.04883414813329484,0.5089363775702422,4.883414813329484e-05
2021-03-25,0.2633466942848884,0.4604118280427511,0.0002633466942848884
2021-03-26,0.275146054773646,0.4754436996155737,0.000275146054773646
2021-03-29,0.6592396317744769,0.6984406368964332,0.0006592396317744769
2021-03-30,0.0,0.2680501648322624,0.0
2021-03-31,0.0967434654369928,0.6523845093497384,9.674346543699281e-05
2021-04-01,0.4770454141793176,0.5707515598324626,0.00047704541417931763
2021-04-05,0.4348991480048118,0.48120767601187325,0.0004348991480048118
2021-04-06,0.27366368482726167,0.5859233094173538,0.0002736636848272617
2021-04-07,0.04404303844669141,0.7448481129571938,4.404303844669141e-05
2021-04-08,0.4212804225705019,0.659850282991601,0.0004212804225705019
2021-04-09,0.36485042334726847,0.716729554977271,0.0003648504233472685
2021-04-12,0.6125,0.6285457982966691,0.0006125000000000001
2021-04-13,0.19,0.4660457982966691,0.00019
2021-04-14,0.0,0.4427124649633358,0.0
2021-04-15,0.44333333333333336,0.6760457982966691,0.00044333333333333334
2021-04-16,0.12964823149436672,0.2706940297910358,0.00012964823149436673
2021-04-19,0.3879815648277001,0.4623606964577025,0.0003879815648277001
2021-04-20,0.06666666666666667,0.28152198877285955,6.666666666666667e-05
2021-04-21,0.29333333333333333,0.7393259263556682,0.0002933333333333333
2021-04-22,0.23,0.4443791316300025,0.00023
2021-04-23,0.1125,0.5110457982966691,0.00011250000000000001
2021-04-26,0.6041666666666667,0.6668791316300025,0.0006041666666666668
2021-04-27,0.19666666666666668,0.6127124649633358,0.00019666666666666669
2021-04-28,0.012499999999999995,0.3495278199225007,1.2499999999999996e-05
2021-04-29,0.6166666666666667,0.9668791316300025,0.0006166666666666667
2021-04-30,0.15000000000000002,0.5602124649633358,0.00015000000000000001
2021-05-03,1.068168728533448,1.077978493458803,0.001068168728533448
2021-05-04,0.0,0.5058598889496372,0.0
2021-05-05,0.0,0.25980976492535507,0.0
2021-05-06,0.38571428571428573,0.3955240506396408,0.0003857142857142857
2021-05-07,0.30000000000000004,0.44202962315689487,0.00030000000000000003
2021-05-10,0.277172993376654,0.3107922821115329,0.000277172993376654
2021-05-11,0.6464285714285715,0.9479295767643625,0.0006464285714285715
2021-05-12,0.15000000000000002,0.665792282111533,0.00015000000000000001
2021-05-13,0.44068414948048884,1.220493914405844,0.00044068414948048886
2021-05-14,0.8383333333333334,1.1645917822225464,0.0008383333333333334
2021-05-17,0.8625,0.8764764315920217,0.0008625000000000001
2021-05-18,0.03333333333333333,0.6139764315920218,3.3333333333333335e-05
2021-05-19,0.0,0.8889764315920218,0.0
2021-05-20,0.9041666666666668,0.9639764315920218,0.0009041666666666668
2021-05-21,0.1,0.5264764315920218,0.0001
2021-05-24,0.75,0.7598097649253551,0.00075
2021-05-25,0.14820569975727343,0.756221164439902,0.00014820569975727344
2021-05-26,0.05,0.4508726075397714,5e-05
2021-05-27,0.5238095238095238,0.6651583218254856,0.0005238095238095238
2021-05-28,0.1,0.35325355992072377,0.0001
2021-06-01,0.31666666666666665,0.3871821313492952,0.00031666666666666665
2021-06-02,0.0642857142857143,0.1830154646826285,6.428571428571429e-05
2021-06-03,0.07857142857142857,0.29045497323164077,7.857142857142857e-05
2021-06-04,0.33333333333333337,0.4008726075397714,0.0003333333333333334
2021-06-07,0.3130952380952381,0.32944403611119993,0.0003130952380952381
2021-06-08,0.15000000000000002,0.4068249884921523,0.00015000000000000001
2021-06-09,0.030952380952380946,0.3568249884921523,3.0952380952380946e-05
2021-06-10,0.5237588392338182,0.8793933515354944,0.0005237588392338182
2021-06-11,0.05,0.5301934447736222,5e-05
2021-06-14,0.8888602083852295,0.896875673067858,0.0008888602083852295
2021-06-15,0.1,0.7213487980159619,0.0001
2021-06-16,0.05,0.8280154646826285,5e-05
2021-06-17,0.6633333333333333,0.8013487980159618,0.0006633333333333334
2021-06-18,0.1,0.3713487980159618,0.0001
2021-06-21,0.7400000000000001,0.7480154646826286,0.0007400000000000001
2021-06-22,0.0,0.5746821313492952,0.0
2021-06-23,0.0,0.47468213134929527,0.0
2021-06-24,0.46666666666666673,0.4746821313492952,0.0004666666666666667
2021-06-25,0.0,0.3246821313492952,0.0
2021-06-28,0.6966666666666668,0.7046821313492952,0.0006966666666666668
2021-06-29,0.1,0.4080154646826285,0.0001
2021-06-30,0.0,0.9465868932540571,0.0
2021-07-01,0.5732056997572734,0.6794268641971754,0.0005732056997572734
2021-07-02,0.5900000000000001,1.036221164439902,0.0005900000000000001
2021-07-06,0.8816666666666667,0.896221164439902,0.0008816666666666668
2021-07-07,0.17500000000000002,0.4645544977732353,0.00017500000000000003
2021-07-08,0.024999999999999994,0.3728878311065686,2.4999999999999994e-05
2021-07-09,0.3416666666666667,0.556221164439902,0.00034166666666666666
2021-07-12,1.0166666666666668,1.0228878311065688,0.0010166666666666668
2021-07-13,0.1,0.9239038514050789,0.0001
2021-07-14,0.15000000000000002,1.1514592596779973,0.00015000000000000001
2021-07-15,0.9000000000000001,1.056221164439902,0.0009000000000000002
2021-07-16,0.1,0.5228878311065687,0.0001
2021-07-19,0.9120002701002666,0.9182214345401686,0.0009120002701002666
2021-07-20,0.1125,0.5848881012068351,0.00011250000000000001
2021-07-21,0.0,0.8200071488258829,0.0
2021-07-22,0.814381222481219,0.883102386921121,0.0008143812224812191
2021-07-23,0.2791666666666667,0.5770544977732353,0.00027916666666666666
2021-07-26,0.9232142857142858,0.9336021168208544,0.0009232142857142858
2021-07-27,0.11666666666666667,0.6603878311065686,0.00011666666666666667
2021-07-28,0.05,1.0020544977732353,5e-05
2021-07-29,0.7639285714285715,0.9201497358684734,0.0007639285714285715
2021-07-30,0.1,0.5645544977732353,0.0001
2021-08-02,0.7035714285714286,0.7097925930113306,0.0007035714285714286
2021-08-03,0.05,0.3412211644399019,5e-05
2021-08-04,0.1,0.7062211644399019,0.0001
2021-08-05,0.6937788355600981,0.6937788355600981,0.0006937788355600981
2021-08-06,0.15000000000000002,0.6,0.00015000000000000001
2021-08-09,0.5166666666666666,0.5166666666666666,0.0005166666666666666
2021-08-10,0.28515867074025003,0.5434920040735833,0.00028515867074025005
2021-08-11,0.1,0.74484132925975,0.0001
2021-08-12,0.37797619047619047,0.6982539088354881,0.00037797619047619046
2021-08-13,0.40182533740691667,0.7964681945497738,0.00040182533740691667
2021-08-16,0.6375,0.6446428571428571,0.0006374999999999999
2021-08-17,0.17500000000000002,0.5428571428571429,0.00017500000000000003
2021-08-18,0.17023809523809524,0.6916666666666668,0.00017023809523809523
2021-08-19,0.2619047619047619,0.4952380952380953,0.0002619047619047619
2021-08-20,0.35,0.5,0.00035
2021-08-23,0.39166666666666666,0.4,0.0003916666666666667
2021-08-24,0.07500000000000001,0.4940476190476191,7.500000000000001e-05
2021-08-25,0.29642857142857143,0.8238095238095239,0.00029642857142857145
2021-08-26,0.4,0.5130952380952382,0.0004
2021-08-27,0.23611111111111113,0.47341269841269845,0.00023611111111111115
2021-08-30,0.8031746031746032,0.8293650793650794,0.0008031746031746032
2021-08-31,0.29714285714285715,0.6590476190476191,0.00029714285714285715
2021-09-01,0.0,0.6185714285714287,0.0
2021-09-02,0.44523809523809527,0.6185714285714287,0.0004452380952380953
2021-09-03,0.27,0.5733333333333334,0.00027
2021-09-07,0.3916666666666667,0.4133333333333334,0.00039166666666666674
2021-09-08,0.1535714285714286,0.4211904761904763,0.00015357142857142861
2021-09-09,0.025,0.2180952380952381,2.5e-05
2021-09-10,0.3533333333333334,0.5497619047619048,0.0003533333333333334
2021-09-13,0.6517857142857143,0.6678571428571429,0.0006517857142857143
2021-09-14,0.225,0.5017857142857143,0.00022500000000000002
2021-09-15,0.0,0.39821428571428574,0.0
2021-09-16,0.42500000000000004,0.6482142857142857,0.00042500000000000003
2021-09-17,0.6886904761904763,0.9886904761904763,0.0006886904761904763
2021-09-20,0.661904761904762,0.661904761904762,0.000661904761904762
2021-09-21,0.0,0.14285714285714293,0.0
2021-09-22,0.1,0.2357142857142858,0.0001
2021-09-23,0.27142857142857146,0.35952380952380963,0.00027142857142857144
2021-09-24,0.2142857142857143,0.3238095238095238,0.0002142857142857143
2021-09-27,0.9702380952380953,0.9702380952380953,0.0009702380952380954
2021-09-28,0.0,0.125,0.0
2021-09-29,0.0,0.8583333333333334,0.0
2021-09-30,1.0150000000000001,1.0416666666666667,0.001015
2021-10-01,0.19,0.6200000000000001,0.00019
2021-10-04,0.8335109210058014,0.8335109210058014,0.0008335109210058014
2021-10-05,0.05,0.9335109210058014,5e-05
2021-10-06,0.014285714285714285,0.9077966352915156,1.4285714285714285e-05
2021-10-07,0.9249394924343728,1.0892252067200872,0.0009249394924343728
2021-10-08,0.15000000000000002,0.24761904761904763,0.00015000000000000001
2021-10-11,0.29523809523809524,0.3119047619047619,0.00029523809523809526
2021-10-12,0.16666666666666669,0.3619047619047619,0.0001666666666666667
2021-10-13,0.15000000000000002,0.8119047619047619,0.00015000000000000001
2021-10-14,0.43809523809523815,0.6785714285714286,0.00043809523809523813
2021-10-15,0.3380952380952381,0.5595238095238096,0.00033809523809523814
2021-10-18,1.0777380952380953,1.0902380952380952,0.0010777380952380954
2021-10-19,0.26666666666666666,1.1708333333333334,0.0002666666666666667
2021-10-20,0.0,0.9858333333333333,0.0
2021-10-21,0.6625,1.0291666666666668,0.0006625
2021-10-22,0.6166666666666667,0.9500000000000001,0.0006166666666666667
2021-10-25,0.7333333333333334,0.75,0.0007333333333333334
2021-10-26,0.44500000000000006,0.9833333333333334,0.0004450000000000001
2021-10-27,0.0,0.8430952380952381,0.0
2021-10-28,0.7916666666666667,1.236904761904762,0.0007916666666666668
2021-10-29,0.5655606787373316,1.0642511549278078,0.0005655606787373316
2021-11-01,0.5592511549278077,0.5788940120706649,0.0005592511549278078
2021-11-02,0.15000000000000002,0.6839285714285716,0.00015000000000000001
2021-11-03,0.0,0.6148809523809524,0.0
2021-11-04,0.9044642857142858,0.9857142857142858,0.0009044642857142859
2021-11-05,0.25,0.40625,0.00025
2021-11-08,0.5401785714285714,0.55625,0.0005401785714285714
2021-11-09,0.31875000000000003,0.4464285714285715,0.00031875
2021-11-10,0.13541666666666669,0.28184523809523815,0.0001354166666666667
2021-11-11,0.7594047619047619,0.9977380952380953,0.0007594047619047619
2021-11-12,0.28750000000000003,0.9133333333333334,0.00028750000000000005
2021-11-15,0.5133333333333333,0.5175000000000001,0.0005133333333333333
2021-11-16,0.0935713391797033,0.39273800584637,9.35713391797033e-05
2021-11-17,0.25,1.0055953274869633,0.00025
2021-11-18,0.773452380952381,1.1313096132012492,0.0007734523809523811
2021-11-19,0.4417858036774396,0.8221429465345824,0.0004417858036774396
2021-11-22,0.4732142857142857,0.5160714285714286,0.0004732142857142857
2021-11-23,0.5767857142857143,0.8607142857142858,0.0005767857142857144
2021-11-24,0.0,0.5970343267752426,0.0
2021-11-26,0.9439285714285715,0.9439285714285715,0.0009439285714285715
2021-11-29,0.6166666666666667,0.6333333333333334,0.0006166666666666667
2021-11-30,0.1375,0.3516666666666667,0.0001375
2021-12-01,0.2,0.7041666666666667,0.0002
2021-12-02,0.3666666666666667,0.5458333333333334,0.0003666666666666667
2021-12-03,0.5791666666666667,0.9375000000000001,0.0005791666666666667
2021-12-06,0.6674793303262538,0.6674793303262538,0.0006674793303262539
2021-12-07,0.2,0.574187336340413,0.0002
2021-12-08,0.3,0.8175206696737463,0.0003
2021-12-09,0.2734585976533659,0.6434585976533659,0.0002734585976533659
2021-12-10,0.5095238095238096,1.0509254945776498,0.0005095238095238096
2021-12-13,0.8842588279109832,0.8842588279109832,0.0008842588279109832
2021-12-14,0.07142857142857142,0.736904761904762,7.142857142857142e-05
2021-12-15,0.0,0.6738095238095239,0.0
2021-12-16,1.0916666666666668,1.1666666666666667,0.0010916666666666668
2021-12-17,0.1285714285714286,0.3607142857142857,0.00012857142857142858
2021-12-20,0.30178571428571427,0.30357142857142855,0.0003017857142857143
2021-12-21,0.6428275657840639,1.0136608991173972,0.0006428275657840639
2021-12-22,0.05,0.9579466134031114,5e-05
2021-12-23,0.5482142857142858,0.9530057675492697,0.0005482142857142858
2021-12-27,0.6121608811905379,0.6359704050000617,0.0006121608811905379
2021-12-28,0.17380952380952383,0.5407618868350457,0.00017380952380952383
2021-12-29,0.18714285714285717,0.7688571249302837,0.00018714285714285716
2021-12-30,0.6321904582636171,0.9559999820731409,0.0006321904582636171
2021-12-31,0.6109523809523809,1.3276190476190477,0.000610952380952381
2022-01-03,0.925,0.9607142857142859,0.000925
2022-01-04,0.021428571428571425,0.26785714285714285,2.1428571428571425e-05
2022-01-05,0.021428571428571425,0.4666666666666667,2.1428571428571425e-05
2022-01-06,0.5758333333333334,0.7119047619047619,0.0005758333333333335
2022-01-07,0.25,0.46940476190476194,0.00025
2022-01-10,0.8127380952380953,0.8127380952380953,0.0008127380952380953
2022-01-11,0.2,0.7666666666666668,0.0002
2022-01-12,0.05,0.8785714285714287,5e-05
2022-01-13,0.5875,0.675,0.0005875
2022-01-14,0.08333333333333334,0.15416666666666667,8.333333333333334e-05
2022-01-18,0.2875,0.29583333333333334,0.0002875
2022-01-19,0.38333333333333336,0.5833333333333334,0.00038333333333333334
2022-01-20,0.12142857142857143,0.7957142857142858,0.00012142857142857143
2022-01-21,0.29666666666666675,0.6252380952380953,0.00029666666666666676
2022-01-24,0.6761904761904762,0.6833333333333333,0.0006761904761904763
2022-01-25,0.2,0.4928571428571429,0.0002
2022-01-26,0.025,0.5714285714285714,2.5e-05
2022-01-27,0.6464285714285715,0.6464285714285715,0.0006464285714285715
2022-01-28,0.07500000000000001,0.3,7.500000000000001e-05
2022-01-31,0.6982792170007347,0.6982792170007347,0.0006982792170007348
2022-02-01,0.1,0.3566125503340679,0.0001
2022-02-02,0.05,0.8033874496659321,5e-05
2022-02-03,0.7466125503340679,0.936612550334068,0.0007466125503340679
2022-02-04,0.22500000000000003,0.6233333333333334,0.00022500000000000005
2022-02-07,0.9007142857142858,0.9007142857142858,0.0009007142857142858
2022-02-08,0.2,0.42857142857142855,0.0002
2022-02-09,0.08167550316507158,0.7900088364984049,8.167550316507159e-05
2022-02-10,0.8976190476190476,1.045961217450786,0.0008976190476190477
2022-02-11,0.15000000000000002,0.5650088364984049,0.00015000000000000001
2022-02-14,0.8149911635015952,0.8149911635015952,0.0008149911635015952
2022-02-15,0.18333333333333335,0.7478607941053851,0.00018333333333333336
2022-02-16,0.0,0.545,0.0
2022-02-17,0.9332109765942446,1.216544309927578,0.0009332109765942446
2022-02-18,0.25248854102856255,0.9419545470018494,0.00025248854102856254
2022-02-22,0.629935438768725,0.6582130653240359,0.0006299354387687251
2022-02-23,0.026513523870113638,0.36415824777729583,2.651352387011364e-05
2022-02-24,0.3422172374712908,0.8203065491455632,0.0003422172374712908
2022-02-25,0.4863122021945081,0.7022900715747767,0.00048631220219450813
2022-02-28,0.5800000000000001,0.5959778693802688,0.0005800000000000001
2022-03-01,0.221105523748934,0.40931120271360205,0.000221105523748934
2022-03-02,0.11008450626961908,0.770041358170573,0.00011008450626961908
2022-03-03,0.3671014989722843,0.7986836593693319,0.0003671014989722843
2022-03-04,0.509489268174381,0.621989268174381,0.000509489268174381
2022-03-07,0.4519535195153428,0.535320588829388,0.0004519535195153428
2022-03-08,0.13661552496816784,0.37877276224515694,0.00013661552496816785
2022-03-09,0.05,0.30398239118938875,5e-05
2022-03-10,0.4398581289691156,0.6011137581605958,0.0004398581289691156
2022-03-11,0.3093841423304787,0.658733422588484,0.0003093841423304787
2022-03-14,0.7621290724663057,0.7734751243092999,0.0007621290724663057
2022-03-15,0.16507990267773368,1.015725218392117,0.0001650799026777337
2022-03-16,0.0,0.7448186637530665,0.0
2022-03-17,0.6465072894795335,0.7354458614307307,0.0006465072894795335
2022-03-18,0.13489261527867896,0.7438076244959112,0.00013489261527867895
2022-03-21,0.8250652817953914,0.8317983440503506,0.0008250652817953914
2022-03-22,0.0,0.24832777409459383,0.0
2022-03-23,0.014377264565177907,0.4605139441387221,1.4377264565177908e-05
2022-03-24,0.3777116238823205,0.42499858092068493,0.0003777116238823205
2022-03-25,0.17942741023875233,0.5223145711176824,0.00017942741023875233
2022-03-28,0.7224294971698426,0.7317904903866144,0.0007224294971698426
2022-03-29,0.04140554322757744,0.12165473465222582,4.140554322757744e-05
2022-03-30,0.10870719380455691,0.38708634586138047,0.00010870719380455692
2022-03-31,0.1898695463378325,0.37185636037013126,0.0001898695463378325
2022-04-01,0.14842577508726804,0.2905556696839652,0.00014842577508726804
2022-04-04,0.3459952110629987,0.3795514543259989,0.0003459952110629987
2022-04-05,0.04356594100886864,0.13472252449927827,4.356594100886864e-05
2022-04-06,0.011205323490497965,0.11793987219121084,1.1205323490497964e-05
2022-04-07,0.21596466653774693,0.3412932033663589,0.00021596466653774695
2022-04-08,0.10382383347741797,0.25514858153971315,0.00010382383347741797
2022-04-11,0.24488895330117796,0.3363104414241147,0.000244888953301178
2022-04-12,0.09487669202735731,0.2400734962927536,9.487669202735731e-05
2022-04-13,0.40286971865823656,0.5011751782919035,0.0004028697186582366
2022-04-14,0.22855176428226956,0.5543197071855888,0.00022855176428226957
2022-04-18,0.3601508982563705,0.39653325742678525,0.0003601508982563705
2022-04-19,0.4368059773158169,0.6432854162938183,0.0004368059773158169
2022-04-20,0.04187693316174404,0.7405448518183934,4.187693316174404e-05
2022-04-21,0.09508348363404383,0.48541608203678993,9.508348363404383e-05
2022-04-22,0.28414792726932186,0.4050839120006534,0.0002841479272693219
2022-04-25,0.6386442167341784,0.6458447942362532,0.0006386442167341784
2022-04-26,0.0,0.01666843185009108,0.0
2022-04-27,0.08231575078936411,0.2447357043753015,8.231575078936411e-05
2022-04-28,0.9040853112352478,1.0382768749666362,0.0009040853112352479
2022-04-29,0.0,0.7454259845077005,0.0
2022-05-02,0.6453395407561243,0.6659224070153648,0.0006453395407561243
2022-05-03,0.17978838388722398,0.3550231662313159,0.000179788383887224
2022-05-04,0.22970555115736616,0.701354053906674,0.00022970555115736616
2022-05-05,0.2622341290660196,0.8361075770902768,0.0002622341290660196
2022-05-06,0.42200236858012075,0.8809802993191065,0.00042200236858012073
2022-05-09,0.46218431243611346,0.4995911621264128,0.00046218431243611347
2022-05-10,0.1,0.30407351635696606,0.0001
2022-05-11,0.15000000000000002,0.6112163734998232,0.00015000000000000001
2022-05-12,0.3364230838660115,0.526919684088989,0.0003364230838660115
2022-05-13,0.1142857142857143,0.4452585049848823,0.0001142857142857143
2022-05-16,1.0575635387671338,1.0770522491858168,0.0010575635387671339
2022-05-17,0.2285714285714286,0.6266315675615399,0.0002285714285714286
2022-05-18,0.0,0.6194887104186828,0.0
2022-05-19,0.3766666666666667,0.4528220437520162,0.0003766666666666667
2022-05-20,0.42020171870357603,0.7382254811591682,0.000420201718703576
2022-05-23,0.6993571899253602,0.6993571899253602,0.0006993571899253602
2022-05-24,0.1,0.5571428571428572,0.0001
2022-05-25,0.0,0.4142857142857143,0.0
2022-05-26,0.3642857142857143,0.4178648204215091,0.00036428571428571434
2022-05-27,0.582654741800937,0.7159880751342704,0.000582654741800937
2022-05-31,0.7472380751342704,0.7659880751342704,0.0007472380751342704
2022-06-01,0.2,0.80625,0.0002
2022-06-02,0.08326293273717285,0.6603814663685865,8.326293273717285e-05
2022-06-03,0.375,0.6145129327371729,0.000375
2022-06-06,0.5436795994038396,0.5603462660705062,0.0005436795994038396
2022-06-07,0.08034806736367575,0.38034806736367577,8.034806736367575e-05
2022-06-08,0.13571428571428573,0.756538543554152,0.00013571428571428572
2022-06-09,0.4479166666666667,0.6654671149827234,0.0004479166666666667
2022-06-10,0.14945655824800014,0.33308751062895253,0.00014945655824800014
2022-06-13,0.17793368841035456,0.25480814649804745,0.00017793368841035457
2022-06-14,0.0995299718965013,0.3711940347690209,9.95299718965013e-05
2022-06-15,0.24550059667623275,0.5372556200918985,0.00024550059667623273
2022-06-16,0.48170934070325927,0.7109639866396417,0.00048170934070325926
2022-06-17,0.4138461170800525,0.8728683010526708,0.00041384611708005246
2022-06-21,1.0236274505394223,1.0523750376030911,0.0010236274505394222
2022-06-22,0.05,0.5646754821653623,5e-05
2022-06-23,0.04324894248573038,0.788211170726044,4.324894248573038e-05
2022-06-24,0.6570100408964433,0.7690489951053541,0.0006570100408964433
2022-06-27,0.8215847665954955,0.8368883678595367,0.0008215847665954955
2022-06-28,0.07349186704807333,0.3007296591406473,7.349186704807333e-05
2022-06-29,0.0,0.6119298953233603,0.0
2022-06-30,0.9032680233713127,1.0011720369919503,0.0009032680233713127
2022-07-01,0.2885139983955822,1.0743017826331303,0.00028851399839558225
2022-07-05,1.002185350921608,1.016047287799904,0.001002185350921608
2022-07-06,0.1623080849153494,0.727710165458685,0.00016230808491534942
2022-07-07,0.0,0.7982014104216371,0.0
2022-07-08,0.6862470445735479,0.7869791765373414,0.0006862470445735479
2022-07-11,0.6668130930594255,0.6672523722377016,0.0006668130930594255
2022-07-12,0.19624622162105135,1.0117856154841407,0.00019624622162105136
2022-07-13,0.149890180205431,1.0333333333333334,0.000149890180205431
2022-07-14,0.9404761904761906,0.9941201490605702,0.0009404761904761906
2022-07-15,0.1,0.7465011014415226,0.0001
2022-07-18,0.2571428571428572,0.2822153871558082,0.00025714285714285715
2022-07-19,0.8688468135911418,0.9299090143380918,0.0008688468135911418
2022-07-20,0.10714285714285715,0.7710622007469501,0.00010714285714285715
2022-07-21,0.1761904761904762,0.8496336293183786,0.00017619047619047622
2022-07-22,0.9683333333333334,1.260109819794569,0.0009683333333333334
2022-07-25,1.0916666666666668,1.0917764864612358,0.0010916666666666668
2022-07-26,0.1,0.3001098197945691,0.0001
2022-07-27,0.05,0.7101988215906844,5e-05
2022-07-28,0.6832235135387643,0.8165568468720976,0.0006832235135387643
2022-07-29,0.15714285714285714,0.5404761904761904,0.00015714285714285713
2022-08-01,0.6785714285714286,0.680952380952381,0.0006785714285714287
2022-08-02,0.3667857142857143,0.8142857142857144,0.00036678571428571435
2022-08-03,0.05,0.9025000000000001,5e-05
2022-08-04,0.44999999999999996,0.9025000000000001,0.00045
2022-08-05,0.8858333333333334,1.2691666666666668,0.0008858333333333334
2022-08-08,0.8916666666666667,0.9333333333333333,0.0008916666666666667
2022-08-09,0.16666666666666663,0.6083333333333333,0.00016666666666666663
2022-08-10,0.05,0.5392857142857143,5e-05
2022-08-11,0.38125000000000003,0.5,0.00038125
2022-08-12,0.5163950238884414,0.6476450238884414,0.0005163950238884414
2022-08-15,0.4726450238884414,0.5101450238884414,0.0004726450238884414
2022-08-16,0.4604166666666667,0.5833333333333334,0.0004604166666666667
2022-08-17,0.05,0.5342261904761905,5e-05
2022-08-18,0.65625,1.1145833333333335,0.00065625
2022-08-19,0.3125,0.925,0.0003125
2022-08-22,0.8375,0.8517857142857144,0.0008375
2022-08-23,0.016666666666666663,0.21428571428571427,1.6666666666666664e-05
2022-08-24,0.25,0.5190476190476191,0.00025
2022-08-25,0.45952380952380956,0.5023809523809524,0.00045952380952380957
2022-08-26,0.6166666666666667,0.9333333333333333,0.0006166666666666667
2022-08-29,0.48333333333333334,0.48333333333333334,0.00048333333333333334
2022-08-30,0.6054088449674223,0.9737421783007557,0.0006054088449674223
2022-08-31,0.23750000000000004,1.10533776495967,0.00023750000000000005
2022-09-01,0.3666666666666667,0.7712421783007557,0.0003666666666666667
2022-09-02,0.344575511634089,0.804575511634089,0.000344575511634089
2022-09-06,0.9906183252201132,0.9906183252201132,0.0009906183252201132
2022-09-07,0.1,0.8863659847694086,0.0001
2022-09-08,0.0,1.1227150081132202,0.0
2022-09-09,1.2339516585534465,1.4172849918867798,0.0012339516585534464
2022-09-12,0.6200000000000001,0.6200000000000001,0.0006200000000000001
2022-09-13,0.3125,0.7866666666666667,0.0003125
2022-09-14,0.05,0.7752323291218597,5e-05
2022-09-15,0.535,0.5975,0.000535
2022-09-16,0.4625,0.925,0.0004625
2022-09-19,0.7607142857142857,0.7607142857142857,0.0007607142857142857
2022-09-20,0.25,0.6571428571428573,0.00025
2022-09-21,0.05,1.2107142857142859,5e-05
2022-09-22,0.8859967791688672,1.2026634458355339,0.0008859967791688672
2022-09-23,0.4166666666666667,0.6082889351168471,0.0004166666666666667
2022-09-26,0.7176397927266353,0.7476397927266353,0.0007176397927266353
2022-09-27,0.2733333333333334,0.8240712721565178,0.0002733333333333334
2022-09-28,0.0,0.5590712721565178,0.0
2022-09-29,0.6090712721565178,0.7507379388231844,0.0006090712721565178
2022-09-30,0.2833333333333333,0.6702380952380953,0.00028333333333333335
2022-10-03,0.5583333333333333,0.575,0.0005583333333333333
2022-10-04,0.11250000000000003,0.4,0.00011250000000000004
2022-10-05,0.1,0.6541666666666667,0.0001
2022-10-06,0.7196428571428571,0.9827380952380953,0.0007196428571428572
2022-10-07,0.3375,0.9801452044244202,0.0003375
2022-10-10,1.2339285714285715,1.2339285714285715,0.0012339285714285716
2022-10-11,0.05,0.8035714285714286,5e-05
2022-10-12,0.0,0.8535714285714286,0.0
2022-10-13,0.9803571428571429,1.075,0.0009803571428571428
2022-10-14,0.25,0.48035714285714287,0.00025
2022-10-17,0.5982142857142857,0.5982142857142857,0.0005982142857142857
2022-10-18,0.22190313115711147,0.8052364644904448,0.00022190313115711148
2022-10-19,0.2,0.9052364644904449,0.0002
2022-10-20,0.7100000000000001,0.8602108714082323,0.0007100000000000001
2022-10-21,0.18476353550955524,0.4414302021762219,0.00018476353550955524
2022-10-24,1.0833333333333335,1.0833333333333335,0.0010833333333333335
2022-10-25,0.30000000000000004,0.74,0.00030000000000000003
2022-10-26,0.0,0.7785714285714286,0.0
2022-10-27,0.8875,1.1,0.0008874999999999999
2022-10-28,0.30000000000000004,0.4375,0.00030000000000000003
2022-10-31,0.4625,0.5125000000000001,0.0004625
2022-11-01,0.47500000000000003,0.5750000000000001,0.00047500000000000005
2022-11-02,0.2,0.9357142857142858,0.0002
2022-11-03,0.4358333333333334,0.9224216837335023,0.00043583333333333343
2022-11-04,0.5428571428571429,1.0286904761904763,0.0005428571428571429
2022-11-07,0.35458333333333336,0.36797619047619046,0.0003545833333333334
2022-11-08,0.5204634838981281,0.7592134838981281,0.0005204634838981281
2022-11-09,0.05,0.45349919818384243,5e-05
2022-11-10,0.5776785714285715,1.1457865161018719,0.0005776785714285715
2022-11-11,0.5359650875304433,0.9228698494352052,0.0005359650875304433
2022-11-14,0.9985612749999843,0.9985612749999843,0.0009985612749999842
2022-11-15,0.15000000000000002,0.5516768202381109,0.00015000000000000001
2022-11-16,0.02500000000000001,0.712709490138139,2.5000000000000008e-05
2022-11-17,0.912926820238111,1.144176820238111,0.000912926820238111
2022-11-18,0.15000000000000002,0.34375,0.00015000000000000001
2022-11-21,0.17500000000000002,0.19375,0.00017500000000000003
2022-11-22,0.0,0.018750000000000003,0.0
2022-11-23,0.0,0.018750000000000003,0.0
2022-11-25,0.47500000000000003,0.51875,0.00047500000000000005
2022-11-28,0.8187500000000001,0.83125,0.0008187500000000001
2022-11-29,0.15000000000000002,0.6541666666666667,0.00015000000000000001
2022-11-30,0.11666666666666664,0.6875,0.00011666666666666664
2022-12-01,0.701388888888889,0.9875,0.000701388888888889
2022-12-02,0.15000000000000002,0.7569444444444445,0.00015000000000000001
2022-12-05,0.8972222222222223,0.9083333333333333,0.0008972222222222223
2022-12-06,0.11878304771101122,0.5993386032665668,0.00011878304771101123
2022-12-07,0.05,0.6687830477110112,5e-05
2022-12-08,0.6404761904761905,0.8473544762824398,0.0006404761904761906
2022-12-09,0.07433860326656677,0.3283068572348207,7.433860326656678e-05
2022-12-12,0.225,0.25396825396825395,0.00022500000000000002
2022-12-13,0.35000000000000003,0.40634920634920635,0.00035000000000000005
2022-12-14,0.2420634920634921,0.5206349206349207,0.0002420634920634921
2022-12-15,0.19666666666666666,0.5178571428571429,0.00019666666666666666
2022-12-16,0.14166666666666666,0.6014285714285715,0.00014166666666666668
2022-12-19,0.6669047619047619,0.6669047619047619,0.0006669047619047619
2022-12-20,0.1,0.33333333333333337,0.0001
2022-12-21,0.0,0.41250000000000003,0.0
2022-12-22,0.569047619047619,0.6690476190476191,0.0005690476190476191
2022-12-23,0.05,0.48333333333333334,5e-05
2022-12-27,0.18392857142857144,0.23928571428571432,0.00018392857142857146
2022-12-28,0.23333333333333336,0.3261904761904762,0.00023333333333333336
2022-12-29,0.1285714285714286,0.27321428571428574,0.00012857142857142858
2022-12-30,0.2517857142857143,0.34464285714285714,0.00025178571428571426
2023-01-03,0.18571428571428572,0.22142857142857142,0.00018571428571428572
2023-01-04,0.2910714285714286,0.45714285714285713,0.0002910714285714286
2023-01-05,0.1,0.44226190476190474,0.0001
2023-01-06,0.25357142857142856,0.5660714285714287,0.0002535714285714286
2023-01-09,0.3910714285714286,0.41250000000000003,0.0003910714285714286
2023-01-10,0.175,0.44107142857142856,0.000175
2023-01-11,0.13749999999999998,0.5785714285714285,0.00013749999999999998
2023-01-12,0.225,0.5339285714285714,0.00022500000000000002
2023-01-13,0.13333333333333333,0.5005952380952381,0.00013333333333333334
2023-01-17,0.37142857142857144,0.4232142857142857,0.00037142857142857143
2023-01-18,0.2223214285714286,0.525,0.00022232142857142858
2023-01-19,0.0625,0.2526785714285714,6.25e-05
2023-01-20,0.38285648119312343,0.5283921954788378,0.00038285648119312343
2023-01-23,0.3953564811931234,0.4158921954788377,0.0003953564811931234
2023-01-24,0.3125,0.5866071428571429,0.0003125
2023-01-25,0.0125,0.53125,1.25e-05
2023-01-26,0.39285714285714285,0.7866071428571428,0.0003928571428571429
2023-01-27,0.34791666666666665,0.65625,0.0003479166666666667
2023-01-30,0.44166666666666665,0.44166666666666665,0.00044166666666666665
2023-01-31,0.15000000000000002,0.4,0.00015000000000000001
2023-02-01,0.0,0.7761496488131777,0.0
2023-02-02,0.6416666666666666,0.7916666666666666,0.0006416666666666666
2023-02-03,0.19321795922205937,0.8407179592220595,0.00019321795922205937
2023-02-06,1.2534487074446075,1.2534487074446075,0.0012534487074446076
2023-02-07,0.05,0.7357142857142858,5e-05
2023-02-08,0.0,1.1533333333333335,0.0
2023-02-09,1.1642857142857144,1.2142857142857144,0.0011642857142857145
2023-02-10,0.05,0.38333333333333336,5e-05
2023-02-13,0.3091136133912173,0.3173940206480663,0.0003091136133912173
2023-02-14,0.15000000000000002,0.28533000257729174,0.00015000000000000001
2023-02-15,0.042447322698478625,0.41275302188192936,4.2447322698478625e-05
2023-02-16,1.0096469305347442,1.2195687328625582,0.0010096469305347442
2023-02-17,0.07369799006905241,0.6979040272968532,7.369799006905241e-05
2023-02-21,0.8196113855550549,0.8207134566723393,0.0008196113855550548
2023-02-22,0.14056459554938222,0.4188979288827155,0.00014056459554938222
2023-02-23,0.2,1.0150000000000001,0.0002
2023-02-24,0.8933333333333334,1.1183333333333334,0.0008933333333333334
2023-02-27,0.1916666666666667,0.22500000000000006,0.0001916666666666667
2023-02-28,0.3187828854515948,0.4771162187849281,0.0003187828854515948
2023-03-01,0.07500000000000001,0.48544955211826146,7.500000000000001e-05
2023-03-02,0.4583333333333333,0.9104495521182615,0.0004583333333333333
2023-03-03,0.43544955211826153,0.7854495521182615,0.00043544955211826156
2023-03-06,0.5333333333333333,0.5333333333333333,0.0005333333333333334
2023-03-07,0.27499999999999997,0.7033701479732164,0.00027499999999999996
2023-03-08,0.1,0.7083333333333334,0.0001
2023-03-09,0.5458333333333334,1.0,0.0005458333333333334
2023-03-10,0.6625,1.0141666666666667,0.0006625
2023-03-13,0.49833333333333335,0.5183333333333334,0.0004983333333333334
2023-03-14,0.12916666666666668,0.34500000000000003,0.00012916666666666667
2023-03-15,0.13166666666666668,0.46916666666666673,0.00013166666666666668
2023-03-16,0.755357142857143,1.1586904761904762,0.000755357142857143
2023-03-17,0.06041666666666668,0.9786904761904762,6.041666666666668e-05
2023-03-20,1.1118452380952382,1.1189880952380953,0.0011118452380952382
2023-03-21,0.1142857142857143,0.692857142857143,0.0001142857142857143
2023-03-22,0.05,0.6952380952380952,5e-05
2023-03-23,0.6446428571428572,0.7321428571428572,0.0006446428571428572
2023-03-24,0.41250000000000003,0.8475,0.00041250000000000005
2023-03-27,0.555,0.57,0.000555
2023-03-28,0.125,0.475,0.000125
2023-03-29,0.0625,0.62,6.25e-05
2023-03-30,0.6285714285714286,0.7160714285714286,0.0006285714285714285
2023-03-31,0.4305555555555556,0.7347222222222223,0.0004305555555555556
2023-04-03,0.5267857142857143,0.5323412698412698,0.0005267857142857143
2023-04-04,0.23750000000000002,0.5805555555555556,0.00023750000000000003
2023-04-05,0.1,0.7271825396825398,0.0001
2023-04-06,0.2571428571428572,0.5194444444444445,0.00025714285714285715
2023-04-10,0.29583333333333334,0.32896825396825397,0.00029583333333333333
2023-04-11,0.05,0.07896825396825395,5e-05
2023-04-12,0.05,0.12896825396825395,5e-05
2023-04-13,0.1125,0.17896825396825394,0.00011250000000000001
2023-04-14,0.2642857142857143,0.42003968253968255,0.0002642857142857143
2023-04-17,0.44583333333333336,0.48670634920634925,0.00044583333333333335
2023-04-18,0.1,0.540873015873016,0.0001
2023-04-19,0.15000000000000002,0.6640873015873017,0.00015000000000000001
2023-04-20,0.2,0.3908730158730159,0.0002
2023-04-21,0.31428571428571433,0.565873015873016,0.0003142857142857143
2023-04-24,0.2142857142857143,0.26587301587301587,0.0002142857142857143
2023-04-25,0.25,0.28015873015873016,0.00025
2023-04-26,0.4593253968253969,0.5325396825396826,0.00045932539682539693
2023-04-27,0.23571428571428574,1.0607142857142857,0.00023571428571428574
2023-04-28,0.15000000000000002,0.7375,0.00015000000000000001
2023-05-01,0.9812500000000001,0.9875,0.0009812500000000001
2023-05-02,0.05,0.36597222222222225,5e-05
2023-05-03,0.0,0.06875,0.0
2023-05-04,0.3035714285714286,0.40625,0.0003035714285714286
2023-05-05,0.35000000000000003,0.38125000000000003,0.00035000000000000005
2023-05-08,0.3642857142857143,0.4145833333333334,0.00036428571428571434
2023-05-09,0.4752976190476191,0.8669642857142859,0.0004752976190476191
2023-05-10,0.05714285714285715,0.4690476190476191,5.714285714285715e-05
2023-05-11,0.45000000000000007,0.8636904761904763,0.0004500000000000001
2023-05-12,0.4208333333333334,0.5136904761904763,0.0004208333333333334
2023-05-15,0.53125,0.5446428571428572,0.00053125
2023-05-16,0.05,0.38660714285714287,5e-05
2023-05-17,0.21250000000000002,0.5116071428571429,0.00021250000000000002
2023-05-18,0.3375,0.3776785714285715,0.0003375
2023-05-19,0.2,0.23660714285714288,0.0002
2023-05-22,0.5883928571428572,0.5883928571428572,0.0005883928571428572
2023-05-23,0.2,0.8500000000000001,0.0002
2023-05-24,0.21250000000000002,0.925,0.00021250000000000002
2023-05-25,0.6736111111111112,1.0486111111111112,0.0006736111111111112
2023-05-26,0.19838406218247062,0.41209340242496734,0.00019838406218247062
2023-05-30,0.3285100005155455,0.39381599783443394,0.0003285100005155455
2023-05-31,0.17080814986902937,0.22940622648240871,0.00017080814986902937
2023-06-01,0.0753737846855515,0.4004914546099331,7.53737846855515e-05
2023-06-02,0.156894065935097,0.42063190855621246,0.00015689406593509701
2023-06-05,0.30656930863708637,0.3428910259324656,0.0003065693086370864
2023-06-06,0.0746241897951993,0.11286389038722963,7.46241897951993e-05
2023-06-07,0.533987045939723,0.6695839353358827,0.000533987045939723
2023-06-08,0.2454564464734354,0.4504409315097344,0.0002454564464734354
2023-06-09,0.03720137135395428,0.8662223902586111,3.720137135395428e-05
2023-06-12,0.8313212530737267,0.870560882134653,0.0008313212530737268
2023-06-13,0.2734336103896935,0.5535719667656538,0.0002734336103896935
2023-06-14,0.0,0.24388078619786915,0.0
2023-06-15,0.14357418854578108,0.3927758327624772,0.00014357418854578108
2023-06-16,0.24401431697260811,0.3742555002564295,0.00024401431697260813
2023-06-20,0.43838462287193414,0.45585160371549843,0.00043838462287193415
2023-06-21,0.06948813946729024,0.22805730984493378,6.948813946729024e-05
2023-06-22,0.2712311235736843,0.5890832763078306,0.0002712311235736843
2023-06-23,0.2811330613059676,0.45925416073645037,0.0002811330613059676
2023-06-26,0.3288278668631631,0.33533978407723186,0.00032882786686316313
2023-06-27,0.25049313838198983,0.6564214715733072,0.00025049313838198986
2023-06-28,0.05,0.5380711903341745,5e-05
2023-06-29,0.5406305156126532,0.7906305156126532,0.0005406305156126532
2023-06-30,0.1,0.36250000000000004,0.0001
2023-07-03,0.6562500000000001,0.6625000000000001,0.0006562500000000001
2023-07-05,0.10625000000000001,0.6312500000000001,0.00010625000000000001
2023-07-06,0.5,0.5,0.0005
2023-07-07,0.4222222222222223,0.5625,0.00042222222222222227
2023-07-10,0.3111111111111111,0.32222222222222224,0.0003111111111111111
2023-07-11,0.0,0.011111111111111112,0.0
2023-07-12,0.1,0.4611111111111112,0.0001
2023-07-13,0.795138888888889,0.8013888888888889,0.000795138888888889
2023-07-14,0.1,0.7562500000000001,0.0001
2023-07-17,0.8,0.80625,0.0008
2023-07-18,0.0,0.00625,0.0
2023-07-19,0.15000000000000002,0.35625,0.00015000000000000001
2023-07-20,0.6125,0.6520833333333333,0.0006125000000000001
2023-07-21,0.20625000000000002,0.59375,0.00020625000000000003
2023-07-24,0.36101190476190476,0.4119047619047619,0.0003610119047619048
2023-07-25,0.30952380952380953,0.4580357142857143,0.00030952380952380956
2023-07-26,0.4580357142857143,0.9413690476190477,0.0004580357142857143
2023-07-27,0.43333333333333335,0.5833333333333334,0.00043333333333333337
2023-07-28,0.1,0.15000000000000002,0.0001
2023-07-31,0.05,0.05,5e-05
2023-08-01,0.0,0.0,0.0
2023-08-02,0.6611111111111112,0.6722222222222223,0.0006611111111111112
2023-08-03,0.2642857142857143,0.5222222222222223,0.0002642857142857143
2023-08-04,0.014285714285714285,0.36904761904761907,1.4285714285714285e-05
2023-08-07,0.5291666666666667,0.5576169078256132,0.0005291666666666667
2023-08-08,0.019444444444444448,0.36250000000000004,1.944444444444445e-05
2023-08-09,0.15555555555555556,0.4930555555555556,0.00015555555555555556
2023-08-10,0.3883333333333333,0.4708333333333334,0.0003883333333333333
2023-08-11,0.1735714285714286,0.46107142857142863,0.0001735714285714286
2023-08-14,0.4375,0.48392857142857143,0.0004375
2023-08-15,0.7910714285714286,0.9785714285714286,0.0007910714285714286
2023-08-16,0.0,0.28750000000000003,0.0
2023-08-17,0.1125,0.7375,0.00011250000000000001
2023-08-18,0.6142857142857143,0.7910714285714286,0.0006142857142857143
2023-08-21,0.37721891758131526,0.3852546318670295,0.00037721891758131526
2023-08-22,0.3642857142857143,0.5290046318670295,0.00036428571428571434
2023-08-23,0.0,0.2790046318670295,0.0
2023-08-24,0.17096891758131522,0.4057903461527438,0.00017096891758131523
2023-08-25,0.2633959610784962,0.3910658414872783,0.00026339596107849623
2023-08-28,0.7165206506849323,0.7330381974342256,0.0007165206506849324
2023-08-29,0.05,0.652231832463579,5e-05
2023-08-30,0.032291977060230584,0.24776816753642109,3.229197706023059e-05
2023-08-31,0.7660714285714286,0.9095238095238096,0.0007660714285714287
2023-09-01,0.11895204995358999,0.863356811858352,0.00011895204995358999
2023-09-05,0.7647853832869234,0.7790710975726376,0.0007647853832869234
2023-09-06,0.15,0.8107142857142857,0.00015
2023-09-07,0.05,0.7357142857142858,5e-05
2023-09-08,0.6697619047619048,0.9114285714285715,0.0006697619047619048
2023-09-11,0.725,0.725,0.000725
2023-09-12,0.2,0.655,0.0002
2023-09-13,0.0,1.0366666666666666,0.0
2023-09-14,0.9216666666666667,1.06,0.0009216666666666668
2023-09-15,0.23,0.41500000000000004,0.00023
2023-09-18,0.8550000000000001,0.8550000000000001,0.0008550000000000001
2023-09-19,0.012499999999999995,0.7857142857142858,1.2499999999999996e-05
2023-09-20,0.0,0.7791666666666667,0.0
2023-09-21,0.93,0.9925,0.00093
2023-09-22,0.21250000000000002,0.7725000000000001,0.00021250000000000002
2023-09-25,0.7133333333333334,0.7433333333333334,0.0007133333333333334
2023-09-26,0.5416666666666667,1.1,0.0005416666666666668
2023-09-27,0.05,1.1107008461123857,5e-05
2023-09-28,0.6404761904761905,1.1452380952380954,0.0006404761904761906
2023-09-29,0.6083333333333334,0.8440476190476192,0.0006083333333333334
2023-10-02,0.4285714285714286,0.45,0.0004285714285714286
2023-10-03,0.09285714285714286,0.23571428571428574,9.285714285714286e-05
2023-10-04,0.0,0.37857142857142856,0.0
2023-10-05,0.6835714285714286,0.8404379272208538,0.0006835714285714286
2023-10-06,0.1185714285714286,0.5402380952380953,0.0001185714285714286
2023-10-09,0.7533333333333334,0.7733333333333333,0.0007533333333333334
2023-10-10,0.3275,0.78,0.00032750000000000005
2023-10-11,0.1,0.5775000000000001,0.0001
2023-10-12,0.6233333333333334,0.7775000000000001,0.0006233333333333334
2023-10-13,0.2025,0.7648809523809524,0.00020250000000000002
2023-10-16,0.6714285714285715,0.68,0.0006714285714285715
2023-10-17,0.19166666666666668,0.6652380952380953,0.00019166666666666667
2023-10-18,0.11857142857142858,0.9102380952380953,0.00011857142857142858
2023-10-19,1.0683333333333334,1.1816666666666669,0.0010683333333333335
2023-10-20,0.2833333333333333,1.0472222222222223,0.00028333333333333335
2023-10-23,0.855952380952381,0.8642857142857143,0.0008559523809523811
2023-10-24,0.0,0.6654761904761906,0.0
2023-10-25,0.15000000000000002,0.8416666666666667,0.00015000000000000001
2023-10-26,0.9630952380952381,1.0488095238095239,0.0009630952380952382
2023-10-27,0.10714285714285715,0.5071428571428572,0.00010714285714285715
2023-10-30,0.6578586878707758,0.7296638126627892,0.0006578586878707758
2023-10-31,0.20060632042190837,0.6554872125914384,0.0002006063204219084
2023-11-01,0.05,0.9611993303966235,5e-05
2023-11-02,0.6824248656061921,0.9519341580205963,0.0006824248656061921
2023-11-03,0.39882958908529786,0.7640230384920594,0.00039882958908529786
2023-11-06,0.5617941552683064,0.5986663543407116,0.0005617941552683065
2023-11-07,0.04387910867557977,0.48132518561794363,4.387910867557977e-05
2023-11-08,0.17737648997746686,0.9219480558887957,0.00017737648997746686
2023-11-09,0.6367960305705348,0.8901362121750808,0.0006367960305705348
2023-11-10,0.2198216868870764,0.7540238601717602,0.00021982168688707641
2023-11-13,0.7499558416392784,0.75078131381324,0.0007499558416392784
2023-11-14,0.1393308853724148,0.9337150346242791,0.00013933088537241482
2023-11-15,0.0,0.7314244345419142,0.0
2023-11-16,0.6797399856855072,0.7809633451754836,0.0006797399856855072
2023-11-17,0.40093977285494775,0.8278098759593897,0.00040093977285494774
2023-11-20,0.97923926079305,0.9832424882580939,0.00097923926079305
2023-11-21,0.3283964781271808,0.5826290936231479,0.0003283964781271808
2023-11-22,0.0,0.7918777569558034,0.0
2023-11-24,0.9903524255684345,1.0006488476804862,0.0009903524255684346
2023-11-27,0.783498320507748,0.7937947426197999,0.000783498320507748
2023-11-28,0.10994874840304063,0.40519391891813317,0.00010994874840304063
2023-11-29,0.1,0.7102451705150925,0.0001
2023-11-30,0.6373573326788263,0.724959835872745,0.0006373573326788263
2023-12-01,0.4528058912601835,1.1439285714285714,0.0004528058912601835
2023-12-04,0.9614285714285714,0.9725512515969594,0.0009614285714285714
2023-12-05,0.0,0.351122680168388,0.0
2023-12-06,0.07142857142857142,0.5273131563588642,7.142857142857142e-05
2023-12-07,0.7783333333333333,0.7808845849302928,0.0007783333333333334
2023-12-08,0.0,0.2025512515969594,0.0
2023-12-11,0.35000000000000003,0.41366236270807055,0.00035000000000000005
2023-12-12,0.1392857142857143,0.4525512515969594,0.0001392857142857143
2023-12-13,0.0125,0.3418369658826737,1.25e-05
2023-12-14,0.9877603885140382,1.2185259258252834,0.0009877603885140383
2023-12-15,0.22821428571428573,0.4248205045858385,0.00022821428571428575
2023-12-18,0.6322396114859619,0.6347908630829212,0.0006322396114859618
2023-12-19,0.05,0.6965932038823957,5e-05
2023-12-20,0.15000000000000002,0.9792179182636261,0.00015000000000000001
2023-12-21,0.7966666666666667,0.8492179182636261,0.0007966666666666668
2023-12-22,0.07142857142857142,0.5132655373112451,7.142857142857142e-05
2023-12-26,0.7250000000000001,0.7323131563588642,0.0007250000000000001
2023-12-27,0.1,0.5311226801683879,0.0001
2023-12-28,0.011904761904761915,0.431122680168388,1.1904761904761915e-05
2023-12-29,0.52,0.5258845849302928,0.0005200000000000001
